EI_bal,frac_replace,seed_id,rho_target,leak,input_scale,MC,IPC,KR,GR
244,1,0,0.0,0.2,0.5,0.7894472479820251,0.756293773651123,1.0000022649765015,1.0000016689300537
244,1,0,0.0,0.2,1.0,0.7566404342651367,0.6537717580795288,1.0000025033950806,1.0000011920928955
244,1,0,0.0,0.2,2.0,0.9671546220779419,0.8453938364982605,1.000003695487976,1.0000022649765015
244,1,0,0.0,0.5,0.5,0.43497133255004883,0.3471425771713257,1.0000008344650269,1.000001072883606
244,1,0,0.0,0.5,1.0,0.3433608412742615,0.34456270933151245,1.0000027418136597,1.0000003576278687
244,1,0,0.0,0.5,2.0,0.5176251530647278,0.4357783794403076,1.000003695487976,1.0000019073486328
244,1,0,0.0,0.8,0.5,0.09961265325546265,0.08814007043838501,1.0000033378601074,1.0000017881393433
244,1,0,0.0,0.8,1.0,0.16128897666931152,0.07441115379333496,1.0000019073486328,1.0000032186508179
244,1,0,0.0,0.8,2.0,0.12737029790878296,0.03960740566253662,1.0000027418136597,1.0000027418136597
244,1,1,0.0,0.2,0.5,0.829751193523407,0.8221126198768616,1.0000016689300537,1.0000025033950806
244,1,1,0.0,0.2,1.0,0.5049195289611816,0.4954257607460022,1.0000017881393433,1.0000019073486328
244,1,1,0.0,0.2,2.0,0.7343883514404297,0.6492046117782593,1.000003457069397,1.0000005960464478
244,1,1,0.0,0.5,0.5,0.2690808176994324,0.2570416331291199,1.0000007152557373,1.0000026226043701
244,1,1,0.0,0.5,1.0,0.16255450248718262,0.1685502529144287,1.0000025033950806,1.000000238418579
244,1,1,0.0,0.5,2.0,0.38259172439575195,0.3062674403190613,1.0000009536743164,1.0000025033950806
244,1,1,0.0,0.8,0.5,0.18950682878494263,0.1040647029876709,1.0000025033950806,1.000002384185791
244,1,1,0.0,0.8,1.0,0.22428524494171143,0.09263890981674194,1.0000025033950806,1.0000026226043701
244,1,1,0.0,0.8,2.0,0.18209075927734375,0.09686869382858276,1.0000032186508179,1.0000035762786865
244,1,2,0.0,0.2,0.5,0.5605102181434631,0.5964239835739136,1.0000029802322388,1.0000019073486328
244,1,2,0.0,0.2,1.0,0.7992509603500366,0.7293441891670227,1.0000016689300537,1.0000009536743164
244,1,2,0.0,0.2,2.0,0.5412973165512085,0.5107794404029846,1.0000009536743164,1.0000027418136597
244,1,2,0.0,0.5,0.5,0.48255711793899536,0.3444826006889343,1.0000032186508179,1.0000029802322388
244,1,2,0.0,0.5,1.0,0.22693872451782227,0.23513025045394897,1.0000014305114746,1.0000025033950806
244,1,2,0.0,0.5,2.0,0.2021183967590332,0.21530002355575562,1.0000020265579224,1.0000025033950806
244,1,2,0.0,0.8,0.5,0.13626867532730103,0.08985573053359985,1.0000027418136597,1.0000019073486328
244,1,2,0.0,0.8,1.0,0.1598566770553589,0.08387261629104614,1.0000032186508179,1.0000026226043701
244,1,2,0.0,0.8,2.0,0.0899849534034729,0.0941435694694519,1.000003695487976,1.0000008344650269
244,1,3,0.0,0.2,0.5,0.7418312430381775,0.6567368507385254,1.0000027418136597,1.0000007152557373
244,1,3,0.0,0.2,1.0,0.5277203321456909,0.5228540897369385,1.0000016689300537,1.0000030994415283
244,1,3,0.0,0.2,2.0,0.6730853319168091,0.5731384754180908,1.0000038146972656,1.0000027418136597
244,1,3,0.0,0.5,0.5,0.40877366065979004,0.3332715630531311,1.000002145767212,1.000003457069397
244,1,3,0.0,0.5,1.0,0.19507628679275513,0.24689322710037231,1.0000033378601074,1.0000029802322388
244,1,3,0.0,0.5,2.0,0.31565481424331665,0.2961658835411072,1.0000035762786865,1.0000035762786865
244,1,3,0.0,0.8,0.5,0.17326897382736206,0.07399743795394897,1.0000015497207642,1.0000032186508179
244,1,3,0.0,0.8,1.0,0.07644599676132202,0.10761302709579468,1.0000032186508179,1.0000033378601074
244,1,3,0.0,0.8,2.0,0.22350621223449707,0.07185125350952148,1.0000038146972656,1.000003695487976
244,1,4,0.0,0.2,0.5,0.539665162563324,0.5308519601821899,1.0000020265579224,1.0000017881393433
244,1,4,0.0,0.2,1.0,0.31606054306030273,0.3409099578857422,1.0000039339065552,1.0000019073486328
244,1,4,0.0,0.2,2.0,0.8860312104225159,0.7906953692436218,1.0000030994415283,1.0000014305114746
244,1,4,0.0,0.5,0.5,0.40183377265930176,0.2090625762939453,1.0000005960464478,1.000001311302185
244,1,4,0.0,0.5,1.0,0.3764728307723999,0.2650361657142639,1.0000014305114746,1.0000019073486328
244,1,4,0.0,0.5,2.0,0.3841959238052368,0.2775125503540039,1.0000025033950806,1.0000011920928955
244,1,4,0.0,0.8,0.5,0.2505114674568176,0.04918622970581055,1.0000019073486328,1.0000027418136597
244,1,4,0.0,0.8,1.0,0.15579205751419067,0.0560300350189209,1.0000029802322388,1.000003695487976
244,1,4,0.0,0.8,2.0,0.18175357580184937,0.10690116882324219,1.0000008344650269,1.0000025033950806
245,1,0,0.0,0.2,0.5,0.5996925830841064,0.5719680190086365,1.0000022649765015,1.0000020265579224
245,1,0,0.0,0.2,1.0,0.6043266654014587,0.6175287365913391,1.0000032186508179,1.0000029802322388
245,1,0,0.0,0.2,2.0,0.9406169056892395,0.8103466629981995,1.0000030994415283,1.0000007152557373
245,1,0,0.0,0.5,0.5,0.1697959303855896,0.18950462341308594,1.0000004768371582,1.0000008344650269
245,1,0,0.0,0.5,1.0,0.3475375175476074,0.2864695191383362,1.0000030994415283,1.0000042915344238
245,1,0,0.0,0.5,2.0,0.2602396607398987,0.15776783227920532,1.0000038146972656,1.0000019073486328
245,1,0,0.0,0.8,0.5,0.17194539308547974,0.07101762294769287,1.0000019073486328,1.0000025033950806
245,1,0,0.0,0.8,1.0,0.10554349422454834,0.04561859369277954,1.0000017881393433,1.0000015497207642
245,1,0,0.0,0.8,2.0,0.22563576698303223,0.08322781324386597,1.000002145767212,1.0000016689300537
245,1,1,0.0,0.2,0.5,0.6965157985687256,0.6208732724189758,1.0000014305114746,1.0000015497207642
245,1,1,0.0,0.2,1.0,0.7632988095283508,0.7602013945579529,1.0000016689300537,1.0000004768371582
245,1,1,0.0,0.2,2.0,0.8454851508140564,0.6899576187133789,1.0000032186508179,1.0000044107437134
245,1,1,0.0,0.5,0.5,0.41465628147125244,0.34306132793426514,1.0000025033950806,1.0000003576278687
245,1,1,0.0,0.5,1.0,0.4208829402923584,0.22986888885498047,1.0000007152557373,1.0000003576278687
245,1,1,0.0,0.5,2.0,0.3263307809829712,0.1944965124130249,1.000002384185791,1.0000003576278687
245,1,1,0.0,0.8,0.5,0.24102908372879028,0.04640132188796997,1.0000025033950806,1.0000033378601074
245,1,1,0.0,0.8,1.0,0.1619146466255188,0.10036695003509521,1.0000011920928955,1.0000019073486328
245,1,1,0.0,0.8,2.0,0.22953850030899048,0.09868592023849487,1.0000019073486328,1.0000027418136597
245,1,2,0.0,0.2,0.5,0.7011144757270813,0.6446057558059692,1.0000027418136597,1.000002145767212
245,1,2,0.0,0.2,1.0,0.6470692753791809,0.6197994351387024,1.0000027418136597,1.000000238418579
245,1,2,0.0,0.2,2.0,0.6646930575370789,0.5692164897918701,1.0000039339065552,1.0000032186508179
245,1,2,0.0,0.5,0.5,0.35582923889160156,0.29876476526260376,1.000002145767212,1.0000040531158447
245,1,2,0.0,0.5,1.0,0.22511833906173706,0.19660735130310059,1.0000033378601074,1.000003695487976
245,1,2,0.0,0.5,2.0,0.32935386896133423,0.3699474334716797,1.0000027418136597,1.0000029802322388
245,1,2,0.0,0.8,0.5,0.16728276014328003,0.061775267124176025,1.000001311302185,1.0000026226043701
245,1,2,0.0,0.8,1.0,0.08280807733535767,0.010148465633392334,1.0000025033950806,1.0000008344650269
245,1,2,0.0,0.8,2.0,0.05299818515777588,0.03713858127593994,1.000002145767212,1.0000008344650269
245,1,3,0.0,0.2,0.5,1.0200531482696533,0.7764777541160583,1.0000015497207642,1.0000016689300537
245,1,3,0.0,0.2,1.0,0.8057131767272949,0.6128603219985962,1.0000029802322388,1.0000029802322388
245,1,3,0.0,0.2,2.0,0.7392496466636658,0.6513870358467102,1.0000005960464478,1.0000009536743164
245,1,3,0.0,0.5,0.5,0.20000898838043213,0.20935744047164917,1.0000025033950806,1.0000025033950806
245,1,3,0.0,0.5,1.0,0.3850529193878174,0.24980884790420532,1.0000014305114746,1.000002145767212
245,1,3,0.0,0.5,2.0,0.3580237627029419,0.2707834243774414,1.0000026226043701,1.000002145767212
245,1,3,0.0,0.8,0.5,0.19187265634536743,0.0809701681137085,1.000002145767212,1.0000019073486328
245,1,3,0.0,0.8,1.0,0.1807129979133606,0.1292005181312561,1.0000011920928955,1.0000019073486328
245,1,3,0.0,0.8,2.0,0.03640264272689819,0.06805545091629028,1.0000033378601074,1.0000028610229492
245,1,4,0.0,0.2,0.5,0.8280831575393677,0.7096319794654846,1.000000238418579,1.0000020265579224
245,1,4,0.0,0.2,1.0,0.6757246851921082,0.6862359642982483,1.0000027418136597,1.0000009536743164
245,1,4,0.0,0.2,2.0,0.7175407409667969,0.5952252745628357,1.0000019073486328,1.0000038146972656
245,1,4,0.0,0.5,0.5,0.2694275975227356,0.19359153509140015,1.0000007152557373,1.0000032186508179
245,1,4,0.0,0.5,1.0,0.4145203232765198,0.32191580533981323,1.0000032186508179,1.0000032186508179
245,1,4,0.0,0.5,2.0,0.2509196400642395,0.2233319878578186,1.0000028610229492,1.0000025033950806
245,1,4,0.0,0.8,0.5,0.08115190267562866,0.048634350299835205,1.0000017881393433,1.000001311302185
245,1,4,0.0,0.8,1.0,0.18683671951293945,0.10019922256469727,1.0000019073486328,1.0000017881393433
245,1,4,0.0,0.8,2.0,0.22795653343200684,0.10065263509750366,1.0000035762786865,1.0000022649765015
246,1,0,0.0,0.2,0.5,0.6211298704147339,0.6535155773162842,1.0000005960464478,1.0000022649765015
246,1,0,0.0,0.2,1.0,0.564323365688324,0.586574137210846,1.0000009536743164,1.0000003576278687
246,1,0,0.0,0.2,2.0,0.8975715637207031,0.7497267127037048,1.0000016689300537,1.0000035762786865
246,1,0,0.0,0.5,0.5,0.3062809109687805,0.30795472860336304,1.000001072883606,1.0000020265579224
246,1,0,0.0,0.5,1.0,0.4717142581939697,0.34267139434814453,1.0000009536743164,1.0000014305114746
246,1,0,0.0,0.5,2.0,0.2906321883201599,0.23992151021957397,1.0000038146972656,1.000002145767212
246,1,0,0.0,0.8,0.5,0.13992279767990112,0.06105983257293701,1.0000005960464478,1.0000033378601074
246,1,0,0.0,0.8,1.0,0.2607806921005249,0.14962399005889893,1.0000022649765015,1.0000029802322388
246,1,0,0.0,0.8,2.0,0.186204731464386,0.058079540729522705,1.0000003576278687,1.0000033378601074
246,1,1,0.0,0.2,0.5,0.7177953720092773,0.7105271220207214,1.0000048875808716,1.000001311302185
246,1,1,0.0,0.2,1.0,0.6362987160682678,0.562358558177948,1.0000025033950806,1.0000003576278687
246,1,1,0.0,0.2,2.0,0.5999394655227661,0.6008101105690002,1.0000009536743164,1.0000022649765015
246,1,1,0.0,0.5,0.5,0.40952903032302856,0.3008350133895874,1.0000051259994507,1.0000014305114746
246,1,1,0.0,0.5,1.0,0.3714303970336914,0.25236785411834717,1.000000238418579,1.0000003576278687
246,1,1,0.0,0.5,2.0,0.4162798523902893,0.26856595277786255,1.0000019073486328,1.0000027418136597
246,1,1,0.0,0.8,0.5,0.14695757627487183,0.06409120559692383,1.000001311302185,1.000003695487976
246,1,1,0.0,0.8,1.0,0.20365220308303833,0.1122775673866272,1.0000029802322388,1.0000019073486328
246,1,1,0.0,0.8,2.0,0.1540023684501648,0.06902480125427246,1.0000026226043701,1.0000015497207642
246,1,2,0.0,0.2,0.5,0.4800334572792053,0.3643002510070801,1.0000016689300537,1.000003457069397
246,1,2,0.0,0.2,1.0,0.5739619135856628,0.5665638446807861,1.0000016689300537,1.0000019073486328
246,1,2,0.0,0.2,2.0,0.4577990770339966,0.47610729932785034,1.0000004768371582,1.000001311302185
246,1,2,0.0,0.5,0.5,0.34426718950271606,0.23460328578948975,1.0000022649765015,1.0000029802322388
246,1,2,0.0,0.5,1.0,0.22788208723068237,0.23194819688796997,1.0000019073486328,1.0000040531158447
246,1,2,0.0,0.5,2.0,0.3485269546508789,0.24122047424316406,1.0000048875808716,1.000001072883606
246,1,2,0.0,0.8,0.5,0.13094758987426758,0.08446723222732544,1.0000029802322388,1.0000016689300537
246,1,2,0.0,0.8,1.0,0.10427850484848022,0.055463969707489014,1.0000022649765015,1.0000003576278687
246,1,2,0.0,0.8,2.0,0.0959288477897644,0.04921925067901611,1.0000003576278687,1.0000020265579224
246,1,3,0.0,0.2,0.5,0.9091750979423523,0.7847094535827637,1.0000025033950806,1.0000040531158447
246,1,3,0.0,0.2,1.0,0.3757724165916443,0.35218125581741333,1.0000027418136597,1.0000008344650269
246,1,3,0.0,0.2,2.0,0.7482907772064209,0.7336025834083557,1.0000019073486328,1.0000017881393433
246,1,3,0.0,0.5,0.5,0.35124891996383667,0.28024983406066895,1.0000025033950806,1.0000038146972656
246,1,3,0.0,0.5,1.0,0.2459600567817688,0.1405954360961914,1.0000017881393433,1.0000026226043701
246,1,3,0.0,0.5,2.0,0.3133317232131958,0.21609967947006226,1.0000041723251343,1.0000020265579224
246,1,3,0.0,0.8,0.5,0.14673250913619995,0.05241793394088745,1.0000027418136597,1.0000027418136597
246,1,3,0.0,0.8,1.0,0.13195979595184326,0.09327220916748047,1.000002384185791,1.000002145767212
246,1,3,0.0,0.8,2.0,0.12946045398712158,0.05139577388763428,1.0000016689300537,1.000002145767212
246,1,4,0.0,0.2,0.5,0.6799003481864929,0.525268018245697,1.0000011920928955,1.000002145767212
246,1,4,0.0,0.2,1.0,0.7220870852470398,0.7310804128646851,1.0000032186508179,1.0000019073486328
246,1,4,0.0,0.2,2.0,0.7353535294532776,0.6027012467384338,1.000001072883606,1.0000001192092896
246,1,4,0.0,0.5,0.5,0.33218884468078613,0.23317885398864746,1.000002145767212,1.0000046491622925
246,1,4,0.0,0.5,1.0,0.4255725145339966,0.2887367606163025,1.0000041723251343,1.0000038146972656
246,1,4,0.0,0.5,2.0,0.23449277877807617,0.23475748300552368,1.0000027418136597,1.0000019073486328
246,1,4,0.0,0.8,0.5,0.18440836668014526,0.02951788902282715,1.0000020265579224,1.000001072883606
246,1,4,0.0,0.8,1.0,0.13208723068237305,0.06019294261932373,1.0000027418136597,1.000002145767212
246,1,4,0.0,0.8,2.0,0.11889034509658813,0.05811804533004761,1.0000022649765015,1.0000025033950806
247,1,0,0.0,0.2,0.5,0.7546375393867493,0.7537343502044678,1.0000019073486328,1.0000042915344238
247,1,0,0.0,0.2,1.0,0.45837587118148804,0.49318695068359375,1.0000027418136597,1.0000003576278687
247,1,0,0.0,0.2,2.0,0.5613172054290771,0.5535317063331604,1.0000005960464478,1.0000005960464478
247,1,0,0.0,0.5,0.5,0.35339903831481934,0.2062985897064209,1.0000032186508179,1.0000005960464478
247,1,0,0.0,0.5,1.0,0.2517678141593933,0.21318024396896362,1.0000025033950806,1.0000025033950806
247,1,0,0.0,0.5,2.0,0.303982138633728,0.2689739465713501,1.0000005960464478,1.000001311302185
247,1,0,0.0,0.8,0.5,0.06327277421951294,0.05056530237197876,1.0000005960464478,1.0000048875808716
247,1,0,0.0,0.8,1.0,0.20749640464782715,0.11352968215942383,1.0000046491622925,1.0000016689300537
247,1,0,0.0,0.8,2.0,0.17682874202728271,0.07259321212768555,1.0000028610229492,1.000001072883606
247,1,1,0.0,0.2,0.5,0.6180306673049927,0.5816015601158142,1.0000025033950806,1.0000044107437134
247,1,1,0.0,0.2,1.0,0.4808575510978699,0.48118066787719727,1.0000029802322388,1.0000016689300537
247,1,1,0.0,0.2,2.0,0.8194384574890137,0.7739330530166626,1.0000035762786865,1.0000005960464478
247,1,1,0.0,0.5,0.5,0.4267989993095398,0.3973010182380676,1.0000025033950806,1.0000022649765015
247,1,1,0.0,0.5,1.0,0.1962958574295044,0.233334481716156,1.0000030994415283,1.0000004768371582
247,1,1,0.0,0.5,2.0,0.22993236780166626,0.25636470317840576,1.000002145767212,1.0000025033950806
247,1,1,0.0,0.8,0.5,0.16414988040924072,0.04259026050567627,1.0000041723251343,1.0000019073486328
247,1,1,0.0,0.8,1.0,0.06759482622146606,0.04917478561401367,1.0000016689300537,1.0000025033950806
247,1,1,0.0,0.8,2.0,0.07372552156448364,0.06349843740463257,1.0000004768371582,1.0000032186508179
247,1,2,0.0,0.2,0.5,0.7270671129226685,0.5912157893180847,1.0000025033950806,1.0000039339065552
247,1,2,0.0,0.2,1.0,1.0185467004776,0.8551996350288391,1.0000025033950806,1.0000029802322388
247,1,2,0.0,0.2,2.0,0.669852614402771,0.6228049993515015,1.0000025033950806,1.0
247,1,2,0.0,0.5,0.5,0.35637831687927246,0.23404812812805176,1.0000027418136597,1.0000026226043701
247,1,2,0.0,0.5,1.0,0.3785514831542969,0.2771022319793701,1.000002145767212,1.0000019073486328
247,1,2,0.0,0.5,2.0,0.2379809021949768,0.23317891359329224,1.0000033378601074,1.0000025033950806
247,1,2,0.0,0.8,0.5,0.04510217905044556,0.05968600511550903,1.0000029802322388,1.000003695487976
247,1,2,0.0,0.8,1.0,0.10641378164291382,0.05943155288696289,1.0000030994415283,1.0000008344650269
247,1,2,0.0,0.8,2.0,0.07184040546417236,0.03392547369003296,1.0000039339065552,1.0000028610229492
247,1,3,0.0,0.2,0.5,0.5041077136993408,0.5088117718696594,1.0000025033950806,1.0000038146972656
247,1,3,0.0,0.2,1.0,1.0257229804992676,0.8117984533309937,1.000003457069397,1.0000019073486328
247,1,3,0.0,0.2,2.0,0.7212329506874084,0.6246567964553833,1.000002145767212,1.0000026226043701
247,1,3,0.0,0.5,0.5,0.33725351095199585,0.25353384017944336,1.0000016689300537,1.0000029802322388
247,1,3,0.0,0.5,1.0,0.3178413510322571,0.2272965908050537,1.0000014305114746,1.0000027418136597
247,1,3,0.0,0.5,2.0,0.29565227031707764,0.24622923135757446,1.000002145767212,1.0000032186508179
247,1,3,0.0,0.8,0.5,0.07863497734069824,0.11002731323242188,1.0000016689300537,1.000002145767212
247,1,3,0.0,0.8,1.0,0.0904155969619751,0.07653963565826416,1.0000029802322388,1.0000019073486328
247,1,3,0.0,0.8,2.0,0.20465123653411865,0.11372053623199463,1.0000019073486328,1.0000040531158447
247,1,4,0.0,0.2,0.5,0.6465519666671753,0.6506113409996033,1.0000017881393433,1.0000027418136597
247,1,4,0.0,0.2,1.0,0.5472721457481384,0.547087550163269,1.000000238418579,1.0000015497207642
247,1,4,0.0,0.2,2.0,0.8345851898193359,0.6794655919075012,1.000001072883606,1.0000017881393433
247,1,4,0.0,0.5,0.5,0.2856777310371399,0.23701995611190796,1.0000032186508179,1.0000026226043701
247,1,4,0.0,0.5,1.0,0.5400210022926331,0.40015482902526855,1.000002145767212,1.0000005960464478
247,1,4,0.0,0.5,2.0,0.261788010597229,0.2626146674156189,1.000002145767212,1.0000040531158447
247,1,4,0.0,0.8,0.5,0.03015190362930298,0.018232524394989014,1.0000035762786865,1.0000028610229492
247,1,4,0.0,0.8,1.0,0.04598283767700195,0.08977746963500977,1.0000027418136597,1.0000001192092896
247,1,4,0.0,0.8,2.0,0.21248191595077515,0.09856748580932617,1.0000014305114746,1.0000029802322388
248,1,0,0.0,0.2,0.5,0.6853941679000854,0.6900320649147034,1.000002145767212,1.0000029802322388
248,1,0,0.0,0.2,1.0,0.7495871186256409,0.7040003538131714,1.000001311302185,1.0000019073486328
248,1,0,0.0,0.2,2.0,0.6627830862998962,0.6187319755554199,1.0000015497207642,1.0000033378601074
248,1,0,0.0,0.5,0.5,0.2961367964744568,0.3093562126159668,1.000002384185791,1.0000014305114746
248,1,0,0.0,0.5,1.0,0.4671354293823242,0.289587140083313,1.0000027418136597,1.0000017881393433
248,1,0,0.0,0.5,2.0,0.3161925673484802,0.23556816577911377,1.0000029802322388,1.0000001192092896
248,1,0,0.0,0.8,0.5,0.13518846035003662,0.07469630241394043,1.0000027418136597,1.0000028610229492
248,1,0,0.0,0.8,1.0,0.14885693788528442,0.05415719747543335,1.0000007152557373,1.0000020265579224
248,1,0,0.0,0.8,2.0,0.07023757696151733,0.07457464933395386,1.0000005960464478,1.0000022649765015
248,1,1,0.0,0.2,0.5,0.7465686798095703,0.6130154132843018,1.0000027418136597,1.0000026226043701
248,1,1,0.0,0.2,1.0,0.9285331964492798,0.7298797965049744,1.0000026226043701,1.000002145767212
248,1,1,0.0,0.2,2.0,0.6147021651268005,0.6468202471733093,1.000002145767212,1.0000025033950806
248,1,1,0.0,0.5,0.5,0.2291107177734375,0.18839484453201294,1.0000019073486328,1.000002145767212
248,1,1,0.0,0.5,1.0,0.3203120231628418,0.28965526819229126,1.0000008344650269,1.0000028610229492
248,1,1,0.0,0.5,2.0,0.2601173520088196,0.2531275749206543,1.000002145767212,1.0000022649765015
248,1,1,0.0,0.8,0.5,0.16823476552963257,0.08776789903640747,1.0000017881393433,1.0000029802322388
248,1,1,0.0,0.8,1.0,0.029221773147583008,0.058657169342041016,1.0000027418136597,1.0000030994415283
248,1,1,0.0,0.8,2.0,0.08595401048660278,0.07458662986755371,1.0000019073486328,1.0000008344650269
248,1,2,0.0,0.2,0.5,0.7722898125648499,0.8037455081939697,1.0000003576278687,1.0000020265579224
248,1,2,0.0,0.2,1.0,0.5093026161193848,0.5015143156051636,1.000002145767212,1.0000011920928955
248,1,2,0.0,0.2,2.0,0.470050573348999,0.48030662536621094,1.0000007152557373,1.0000007152557373
248,1,2,0.0,0.5,0.5,0.3468503952026367,0.23353004455566406,1.000003457069397,1.0000016689300537
248,1,2,0.0,0.5,1.0,0.2537991404533386,0.2324325442314148,1.0000025033950806,1.000000238418579
248,1,2,0.0,0.5,2.0,0.18522614240646362,0.1768438220024109,1.0000019073486328,1.000002145767212
248,1,2,0.0,0.8,0.5,0.018106579780578613,0.030833184719085693,1.0000011920928955,1.0000020265579224
248,1,2,0.0,0.8,1.0,0.22998970746994019,0.09301352500915527,1.0000033378601074,1.000002145767212
248,1,2,0.0,0.8,2.0,0.24253034591674805,0.08985775709152222,1.0000027418136597,1.0000040531158447
248,1,3,0.0,0.2,0.5,0.9086955189704895,0.7612313628196716,1.0000028610229492,1.0000014305114746
248,1,3,0.0,0.2,1.0,0.7987245917320251,0.6905871033668518,1.0000042915344238,1.0000025033950806
248,1,3,0.0,0.2,2.0,0.594245433807373,0.507315993309021,1.0000025033950806,1.0000009536743164
248,1,3,0.0,0.5,0.5,0.3283034563064575,0.29812246561050415,1.000002145767212,1.0000032186508179
248,1,3,0.0,0.5,1.0,0.3514542579650879,0.2823081612586975,1.0000026226043701,1.0000001192092896
248,1,3,0.0,0.5,2.0,0.2505795955657959,0.19421088695526123,1.0000019073486328,1.0000026226043701
248,1,3,0.0,0.8,0.5,0.09198963642120361,0.10236632823944092,1.0000019073486328,1.0000030994415283
248,1,3,0.0,0.8,1.0,0.1872214674949646,0.10478383302688599,1.0000041723251343,1.000002384185791
248,1,3,0.0,0.8,2.0,0.013784408569335938,0.021767854690551758,1.000003457069397,1.000003457069397
248,1,4,0.0,0.2,0.5,0.9727731347084045,0.908826470375061,1.0000016689300537,1.0000039339065552
248,1,4,0.0,0.2,1.0,0.6872343420982361,0.7580248117446899,1.0000038146972656,1.0000019073486328
248,1,4,0.0,0.2,2.0,0.7494741082191467,0.6693958640098572,1.000003457069397,1.0000026226043701
248,1,4,0.0,0.5,0.5,0.2766103744506836,0.2921679615974426,1.000002145767212,1.0000040531158447
248,1,4,0.0,0.5,1.0,0.3235406279563904,0.3170347809791565,1.0000015497207642,1.0000044107437134
248,1,4,0.0,0.5,2.0,0.21254277229309082,0.2643900513648987,1.0000054836273193,1.0000039339065552
248,1,4,0.0,0.8,0.5,0.17854589223861694,0.04512232542037964,1.0000029802322388,1.0000029802322388
248,1,4,0.0,0.8,1.0,0.1435731053352356,0.07881206274032593,1.0000016689300537,1.0000003576278687
248,1,4,0.0,0.8,2.0,0.13452023267745972,0.11670589447021484,1.0000040531158447,1.000001311302185
249,1,0,0.0,0.2,0.5,0.8915278315544128,0.7760615348815918,1.0000014305114746,1.000003695487976
249,1,0,0.0,0.2,1.0,0.6995092630386353,0.6451088190078735,1.0000022649765015,1.0000017881393433
249,1,0,0.0,0.2,2.0,0.699779212474823,0.5803301334381104,1.0000004768371582,1.0000027418136597
249,1,0,0.0,0.5,0.5,0.3235563635826111,0.24310582876205444,1.000003457069397,1.0000016689300537
249,1,0,0.0,0.5,1.0,0.42164355516433716,0.34149467945098877,1.0000022649765015,1.0000022649765015
249,1,0,0.0,0.5,2.0,0.390375018119812,0.32919347286224365,1.0000016689300537,1.000002384185791
249,1,0,0.0,0.8,0.5,0.048234403133392334,0.04712802171707153,1.0000038146972656,1.000003457069397
249,1,0,0.0,0.8,1.0,0.06166267395019531,0.029357731342315674,1.0000032186508179,1.0000032186508179
249,1,0,0.0,0.8,2.0,0.19701170921325684,0.06507176160812378,1.0000003576278687,1.000002145767212
249,1,1,0.0,0.2,0.5,0.6845752000808716,0.62618088722229,1.0000039339065552,1.0000033378601074
249,1,1,0.0,0.2,1.0,0.5888780951499939,0.6153898239135742,1.0000001192092896,1.0000011920928955
249,1,1,0.0,0.2,2.0,0.935453474521637,0.8282744884490967,1.0000039339065552,1.0000029802322388
249,1,1,0.0,0.5,0.5,0.33484482765197754,0.3176337480545044,1.000002145767212,1.0
249,1,1,0.0,0.5,1.0,0.47227925062179565,0.34585607051849365,1.0000032186508179,1.0000029802322388
249,1,1,0.0,0.5,2.0,0.4218853712081909,0.36079084873199463,1.0000009536743164,1.0000026226043701
249,1,1,0.0,0.8,0.5,0.04871368408203125,0.0514717698097229,1.0000032186508179,1.0000035762786865
249,1,1,0.0,0.8,1.0,0.18563354015350342,0.07480746507644653,1.0000033378601074,1.0000016689300537
249,1,1,0.0,0.8,2.0,0.1951063871383667,0.05123263597488403,1.000002145767212,1.0000029802322388
249,1,2,0.0,0.2,0.5,0.7396700978279114,0.738712728023529,1.0000004768371582,1.0000032186508179
249,1,2,0.0,0.2,1.0,0.9184551239013672,0.7352529168128967,1.0000029802322388,1.0000019073486328
249,1,2,0.0,0.2,2.0,0.6550910472869873,0.6194713115692139,1.0000022649765015,1.0000014305114746
249,1,2,0.0,0.5,0.5,0.3243218660354614,0.26720958948135376,1.000001072883606,1.0000022649765015
249,1,2,0.0,0.5,1.0,0.1652761697769165,0.1659255027770996,1.0000027418136597,1.000003457069397
249,1,2,0.0,0.5,2.0,0.3819427490234375,0.25943875312805176,1.0000026226043701,1.0000014305114746
249,1,2,0.0,0.8,0.5,0.17230969667434692,0.059788405895233154,1.0000033378601074,1.000002145767212
249,1,2,0.0,0.8,1.0,0.19351595640182495,0.06970292329788208,1.000002145767212,1.0000017881393433
249,1,2,0.0,0.8,2.0,0.08273077011108398,0.05967116355895996,1.0000019073486328,1.0000027418136597
249,1,3,0.0,0.2,0.5,0.7538034319877625,0.698777437210083,1.000003457069397,1.0000011920928955
249,1,3,0.0,0.2,1.0,0.7306575775146484,0.5889270305633545,1.0000017881393433,1.0000033378601074
249,1,3,0.0,0.2,2.0,0.6999382972717285,0.6254222989082336,1.0000022649765015,1.0000007152557373
249,1,3,0.0,0.5,0.5,0.31467193365097046,0.2964102029800415,1.0000005960464478,1.0000029802322388
249,1,3,0.0,0.5,1.0,0.38510358333587646,0.27717626094818115,1.0000019073486328,1.0000016689300537
249,1,3,0.0,0.5,2.0,0.3817790150642395,0.22250258922576904,1.0000008344650269,1.0000032186508179
249,1,3,0.0,0.8,0.5,0.15905827283859253,0.05539149045944214,1.0000017881393433,1.0000007152557373
249,1,3,0.0,0.8,1.0,0.17718511819839478,0.056707024574279785,1.0000040531158447,1.0000027418136597
249,1,3,0.0,0.8,2.0,0.029296278953552246,0.06016308069229126,1.0000025033950806,1.0000028610229492
249,1,4,0.0,0.2,0.5,0.6461060643196106,0.6111087203025818,1.0000003576278687,1.0000025033950806
249,1,4,0.0,0.2,1.0,0.636054277420044,0.6784267425537109,1.0000022649765015,1.000001072883606
249,1,4,0.0,0.2,2.0,0.9253804683685303,0.6981179714202881,1.0000017881393433,1.0000003576278687
249,1,4,0.0,0.5,0.5,0.37074148654937744,0.22550225257873535,1.0000029802322388,1.0000022649765015
249,1,4,0.0,0.5,1.0,0.29978013038635254,0.33710145950317383,1.0000032186508179,1.0000038146972656
249,1,4,0.0,0.5,2.0,0.3803146481513977,0.2472630739212036,1.000002145767212,1.0000040531158447
249,1,4,0.0,0.8,0.5,0.08324682712554932,0.06173151731491089,1.0000014305114746,1.0000019073486328
249,1,4,0.0,0.8,1.0,0.15350574254989624,0.044753193855285645,1.000002145767212,1.0000027418136597
249,1,4,0.0,0.8,2.0,0.20661967992782593,0.14813876152038574,1.0000008344650269,1.0000009536743164
250,1,0,0.0,0.2,0.5,0.830141544342041,0.72134929895401,1.0000038146972656,1.0000020265579224
250,1,0,0.0,0.2,1.0,0.5671038627624512,0.49859052896499634,1.0000028610229492,1.0000008344650269
250,1,0,0.0,0.2,2.0,0.6680685877799988,0.5941329598426819,1.0000003576278687,1.0000051259994507
250,1,0,0.0,0.5,0.5,0.3713480830192566,0.23088133335113525,1.0000035762786865,1.0000057220458984
250,1,0,0.0,0.5,1.0,0.21938496828079224,0.2522423267364502,1.0000009536743164,1.0000015497207642
250,1,0,0.0,0.5,2.0,0.3674736022949219,0.29908978939056396,1.0000028610229492,1.0000035762786865
250,1,0,0.0,0.8,0.5,0.06888550519943237,0.12093037366867065,1.0000016689300537,1.0000042915344238
250,1,0,0.0,0.8,1.0,0.20772528648376465,0.06504940986633301,1.0000007152557373,1.0000038146972656
250,1,0,0.0,0.8,2.0,0.0989227294921875,0.0308038592338562,1.0000019073486328,1.000003457069397
250,1,1,0.0,0.2,0.5,0.7378225922584534,0.7096522450447083,1.0000016689300537,1.0000004768371582
250,1,1,0.0,0.2,1.0,0.5442913174629211,0.5397995710372925,1.0000022649765015,1.0000016689300537
250,1,1,0.0,0.2,2.0,0.8718959093093872,0.785586416721344,1.0000020265579224,1.000002384185791
250,1,1,0.0,0.5,0.5,0.4732953906059265,0.3208158612251282,1.0000005960464478,1.0000019073486328
250,1,1,0.0,0.5,1.0,0.38556140661239624,0.2582942247390747,1.000001311302185,1.0000025033950806
250,1,1,0.0,0.5,2.0,0.43015581369400024,0.303098201751709,1.0000032186508179,1.0000009536743164
250,1,1,0.0,0.8,0.5,0.06975769996643066,0.0663263201713562,1.0000022649765015,1.0000014305114746
250,1,1,0.0,0.8,1.0,0.18807214498519897,0.05857884883880615,1.000001311302185,1.0000022649765015
250,1,1,0.0,0.8,2.0,0.10014545917510986,0.05313390493392944,1.000004529953003,1.0000029802322388
250,1,2,0.0,0.2,0.5,0.946222722530365,0.8250250816345215,1.0000025033950806,1.0000008344650269
250,1,2,0.0,0.2,1.0,0.8036889433860779,0.6961044073104858,1.0000025033950806,1.000001072883606
250,1,2,0.0,0.2,2.0,0.8725777864456177,0.7656210660934448,1.0000027418136597,1.000001072883606
250,1,2,0.0,0.5,0.5,0.3274879455566406,0.29353344440460205,1.000001072883606,1.0000019073486328
250,1,2,0.0,0.5,1.0,0.4741089344024658,0.3079688549041748,1.0000017881393433,1.000001072883606
250,1,2,0.0,0.5,2.0,0.3828386068344116,0.3563995361328125,1.0000040531158447,1.0000019073486328
250,1,2,0.0,0.8,0.5,0.044024884700775146,0.03412705659866333,1.0000004768371582,1.0000001192092896
250,1,2,0.0,0.8,1.0,0.07009673118591309,0.04808235168457031,1.0000020265579224,1.0000008344650269
250,1,2,0.0,0.8,2.0,0.15467756986618042,0.07882696390151978,1.0000025033950806,1.0000001192092896
250,1,3,0.0,0.2,0.5,0.774343729019165,0.6677459478378296,1.0000038146972656,1.0000015497207642
250,1,3,0.0,0.2,1.0,0.8679406046867371,0.6860129237174988,1.000003457069397,1.000000238418579
250,1,3,0.0,0.2,2.0,0.5748229026794434,0.5421469807624817,1.0000003576278687,1.0000019073486328
250,1,3,0.0,0.5,0.5,0.17100101709365845,0.17187535762786865,1.0000027418136597,1.0000028610229492
250,1,3,0.0,0.5,1.0,0.2962166666984558,0.24307000637054443,1.0000027418136597,1.0000015497207642
250,1,3,0.0,0.5,2.0,0.3281267285346985,0.22361445426940918,1.0000017881393433,1.0000035762786865
250,1,3,0.0,0.8,0.5,0.155073344707489,0.02345860004425049,1.0000014305114746,1.0000008344650269
250,1,3,0.0,0.8,1.0,0.021884262561798096,0.024380028247833252,1.0000027418136597,1.0000014305114746
250,1,3,0.0,0.8,2.0,0.15439152717590332,0.07437372207641602,1.000002145767212,1.0000046491622925
250,1,4,0.0,0.2,0.5,0.819195568561554,0.8284915685653687,1.000001311302185,1.0000033378601074
250,1,4,0.0,0.2,1.0,0.6519256830215454,0.5924095511436462,1.0000019073486328,1.0000009536743164
250,1,4,0.0,0.2,2.0,0.7401943206787109,0.6947939395904541,1.000002145767212,1.0000015497207642
250,1,4,0.0,0.5,0.5,0.32944780588150024,0.3493230938911438,1.0000016689300537,1.0000014305114746
250,1,4,0.0,0.5,1.0,0.277981698513031,0.32057738304138184,1.0000044107437134,1.0000027418136597
250,1,4,0.0,0.5,2.0,0.26501500606536865,0.2609373927116394,1.0000005960464478,1.0000028610229492
250,1,4,0.0,0.8,0.5,0.14970314502716064,0.10589957237243652,1.000002384185791,1.0000032186508179
250,1,4,0.0,0.8,1.0,0.12580597400665283,0.10055583715438843,1.0000039339065552,1.0000027418136597
250,1,4,0.0,0.8,2.0,0.1650967001914978,0.12339174747467041,1.0000032186508179,1.0000025033950806
251,1,0,0.0,0.2,0.5,0.6646377444267273,0.5877559185028076,1.0000029802322388,1.000002145767212
251,1,0,0.0,0.2,1.0,0.6066103577613831,0.6167334318161011,1.0000003576278687,1.0000026226043701
251,1,0,0.0,0.2,2.0,0.6228075623512268,0.5542762875556946,1.0000011920928955,1.0000035762786865
251,1,0,0.0,0.5,0.5,0.37853288650512695,0.24490362405776978,1.000001072883606,1.0000019073486328
251,1,0,0.0,0.5,1.0,0.25040411949157715,0.24173998832702637,1.0000029802322388,1.0000008344650269
251,1,0,0.0,0.5,2.0,0.2724745273590088,0.25888490676879883,1.0000030994415283,1.0000003576278687
251,1,0,0.0,0.8,0.5,0.14629215002059937,0.10475212335586548,1.000003457069397,1.0000039339065552
251,1,0,0.0,0.8,1.0,0.12802857160568237,0.08683949708938599,1.0,1.0000044107437134
251,1,0,0.0,0.8,2.0,0.12085312604904175,0.06012594699859619,1.0000005960464478,1.0000003576278687
251,1,1,0.0,0.2,0.5,0.4977303147315979,0.4869721531867981,1.0000016689300537,1.0000020265579224
251,1,1,0.0,0.2,1.0,0.7755134105682373,0.707051694393158,1.0000020265579224,1.0000029802322388
251,1,1,0.0,0.2,2.0,0.6450961232185364,0.5518398880958557,1.0000035762786865,1.0000016689300537
251,1,1,0.0,0.5,0.5,0.4526190757751465,0.353675901889801,1.0000027418136597,1.0000019073486328
251,1,1,0.0,0.5,1.0,0.28047770261764526,0.26050031185150146,1.0000026226043701,1.0000039339065552
251,1,1,0.0,0.5,2.0,0.2252069115638733,0.24331313371658325,1.000001072883606,1.0000028610229492
251,1,1,0.0,0.8,0.5,0.17557567358016968,0.02323782444000244,1.0000042915344238,1.0000016689300537
251,1,1,0.0,0.8,1.0,0.14306294918060303,0.08813983201980591,1.0000014305114746,1.000001311302185
251,1,1,0.0,0.8,2.0,0.07198262214660645,0.037437260150909424,1.000002145767212,1.0000004768371582
251,1,2,0.0,0.2,0.5,0.760236918926239,0.68250972032547,1.0000025033950806,1.0000003576278687
251,1,2,0.0,0.2,1.0,0.5566590428352356,0.5165173411369324,1.0000007152557373,1.0000027418136597
251,1,2,0.0,0.2,2.0,0.7154059410095215,0.5972577929496765,1.0000022649765015,1.0000028610229492
251,1,2,0.0,0.5,0.5,0.3785093426704407,0.2440146803855896,1.000001311302185,1.0000027418136597
251,1,2,0.0,0.5,1.0,0.3441978693008423,0.2737616300582886,1.0000016689300537,1.000002145767212
251,1,2,0.0,0.5,2.0,0.3958263397216797,0.24580299854278564,1.000002384185791,1.0000038146972656
251,1,2,0.0,0.8,0.5,0.1602272391319275,0.05894911289215088,1.0000016689300537,1.0000033378601074
251,1,2,0.0,0.8,1.0,0.13766109943389893,0.044048428535461426,1.0000027418136597,1.0000025033950806
251,1,2,0.0,0.8,2.0,0.11049914360046387,0.06329452991485596,1.0000020265579224,1.0000026226043701
251,1,3,0.0,0.2,0.5,0.5930283069610596,0.5698769092559814,1.0000027418136597,1.0000005960464478
251,1,3,0.0,0.2,1.0,1.0990512371063232,0.9493139386177063,1.0000046491622925,1.0000004768371582
251,1,3,0.0,0.2,2.0,0.7033357620239258,0.6949014067649841,1.0000025033950806,1.0000014305114746
251,1,3,0.0,0.5,0.5,0.27803438901901245,0.26926499605178833,1.000001072883606,1.0000019073486328
251,1,3,0.0,0.5,1.0,0.17138582468032837,0.11335039138793945,1.000001072883606,1.0000027418136597
251,1,3,0.0,0.5,2.0,0.3539806008338928,0.23753857612609863,1.0000014305114746,1.0000028610229492
251,1,3,0.0,0.8,0.5,0.007135927677154541,0.008528709411621094,1.0000035762786865,1.0000005960464478
251,1,3,0.0,0.8,1.0,0.14475715160369873,0.1064332127571106,1.000001072883606,1.0000027418136597
251,1,3,0.0,0.8,2.0,0.223549485206604,0.11105215549468994,1.0000032186508179,1.0000020265579224
251,1,4,0.0,0.2,0.5,0.5987148284912109,0.534127950668335,1.000001072883606,1.000003457069397
251,1,4,0.0,0.2,1.0,1.040626049041748,0.9010331034660339,1.000002145767212,1.0000020265579224
251,1,4,0.0,0.2,2.0,0.9001555442810059,0.9250097274780273,1.000003695487976,1.000002145767212
251,1,4,0.0,0.5,0.5,0.22799676656723022,0.18333947658538818,1.000001072883606,1.0000029802322388
251,1,4,0.0,0.5,1.0,0.22988253831863403,0.18798017501831055,1.000003695487976,1.0000028610229492
251,1,4,0.0,0.5,2.0,0.16087067127227783,0.14253264665603638,1.0000040531158447,1.0000016689300537
251,1,4,0.0,0.8,0.5,0.1603257656097412,0.03992551565170288,1.000000238418579,1.0000020265579224
251,1,4,0.0,0.8,1.0,0.08550840616226196,0.0333327054977417,1.0,1.000001072883606
251,1,4,0.0,0.8,2.0,0.08129101991653442,0.06088423728942871,1.0000029802322388,1.0000003576278687
252,1,0,0.0,0.2,0.5,0.7170324325561523,0.6632028222084045,1.000002145767212,1.0000003576278687
252,1,0,0.0,0.2,1.0,0.6265064477920532,0.5242816209793091,1.0000007152557373,1.0000001192092896
252,1,0,0.0,0.2,2.0,0.7633947134017944,0.6288506388664246,1.0000026226043701,1.0000003576278687
252,1,0,0.0,0.5,0.5,0.4358084201812744,0.36391496658325195,1.0000033378601074,1.0000005960464478
252,1,0,0.0,0.5,1.0,0.37767255306243896,0.25415974855422974,1.000000238418579,1.0000004768371582
252,1,0,0.0,0.5,2.0,0.38698965311050415,0.35804611444473267,1.0000019073486328,1.0000033378601074
252,1,0,0.0,0.8,0.5,0.10208898782730103,0.06503748893737793,1.0000022649765015,1.0000020265579224
252,1,0,0.0,0.8,1.0,0.18873029947280884,0.07132691144943237,1.0000014305114746,1.0000033378601074
252,1,0,0.0,0.8,2.0,0.14884310960769653,0.06178039312362671,1.0000011920928955,1.0000022649765015
252,1,1,0.0,0.2,0.5,0.7015597820281982,0.6617230176925659,1.000002145767212,1.0000026226043701
252,1,1,0.0,0.2,1.0,0.7389872074127197,0.6546202898025513,1.000002384185791,1.0000014305114746
252,1,1,0.0,0.2,2.0,0.5792930722236633,0.5234233140945435,1.0000003576278687,1.000002384185791
252,1,1,0.0,0.5,0.5,0.3727065324783325,0.3090038299560547,1.000002145767212,1.0000032186508179
252,1,1,0.0,0.5,1.0,0.33132654428482056,0.2725489139556885,1.000001072883606,1.0000019073486328
252,1,1,0.0,0.5,2.0,0.31089770793914795,0.2692530155181885,1.0000011920928955,1.0000035762786865
252,1,1,0.0,0.8,0.5,0.18737560510635376,0.0828748345375061,1.0000017881393433,1.0000016689300537
252,1,1,0.0,0.8,1.0,0.08517497777938843,0.08025246858596802,1.0000033378601074,1.0000029802322388
252,1,1,0.0,0.8,2.0,0.2033405303955078,0.10336446762084961,1.0000027418136597,1.0000016689300537
252,1,2,0.0,0.2,0.5,0.6650881171226501,0.6357855200767517,1.0000035762786865,1.0000038146972656
252,1,2,0.0,0.2,1.0,0.6700882315635681,0.7437376379966736,1.0000020265579224,1.0000016689300537
252,1,2,0.0,0.2,2.0,0.6298017501831055,0.5302494764328003,1.0000025033950806,1.0000035762786865
252,1,2,0.0,0.5,0.5,0.31318777799606323,0.302834153175354,1.0000008344650269,1.0000011920928955
252,1,2,0.0,0.5,1.0,0.32089173793792725,0.23021799325942993,1.0000026226043701,1.0000029802322388
252,1,2,0.0,0.5,2.0,0.40387797355651855,0.23910808563232422,1.000001072883606,1.0000040531158447
252,1,2,0.0,0.8,0.5,0.14297789335250854,0.07334733009338379,1.000002145767212,1.0000032186508179
252,1,2,0.0,0.8,1.0,0.24217253923416138,0.10956376791000366,1.0,1.0000009536743164
252,1,2,0.0,0.8,2.0,0.12276780605316162,0.09801077842712402,1.000002145767212,1.000002384185791
252,1,3,0.0,0.2,0.5,0.7134473323822021,0.6030890941619873,1.0000041723251343,1.0000011920928955
252,1,3,0.0,0.2,1.0,1.0364789962768555,0.906487762928009,1.0000014305114746,1.0000019073486328
252,1,3,0.0,0.2,2.0,0.6752203702926636,0.6313187479972839,1.0000022649765015,1.000002145767212
252,1,3,0.0,0.5,0.5,0.18918567895889282,0.21139496564865112,1.0000011920928955,1.0000014305114746
252,1,3,0.0,0.5,1.0,0.34549999237060547,0.21921312808990479,1.000002145767212,1.0000020265579224
252,1,3,0.0,0.5,2.0,0.3352304697036743,0.3552703261375427,1.0000027418136597,1.000002145767212
252,1,3,0.0,0.8,0.5,0.1323360800743103,0.04110485315322876,1.0000032186508179,1.000000238418579
252,1,3,0.0,0.8,1.0,0.1893453598022461,0.08567935228347778,1.0000003576278687,1.0000022649765015
252,1,3,0.0,0.8,2.0,0.162664532661438,0.06319421529769897,1.0000007152557373,1.0000030994415283
252,1,4,0.0,0.2,0.5,0.5469425916671753,0.46704816818237305,1.0000040531158447,1.0000004768371582
252,1,4,0.0,0.2,1.0,0.9346093535423279,0.7122266888618469,1.0000017881393433,1.0000014305114746
252,1,4,0.0,0.2,2.0,0.5936838984489441,0.4925724267959595,1.000003457069397,1.000002145767212
252,1,4,0.0,0.5,0.5,0.46461617946624756,0.31751763820648193,1.0000016689300537,1.0000014305114746
252,1,4,0.0,0.5,1.0,0.3207426071166992,0.28113842010498047,1.0000008344650269,1.0000022649765015
252,1,4,0.0,0.5,2.0,0.268555223941803,0.28716784715652466,1.0000029802322388,1.0000025033950806
252,1,4,0.0,0.8,0.5,0.18482470512390137,0.05280148983001709,1.0000004768371582,1.000002145767212
252,1,4,0.0,0.8,1.0,0.18777525424957275,0.07878655195236206,1.0000025033950806,1.0000030994415283
252,1,4,0.0,0.8,2.0,0.15742337703704834,0.09589457511901855,1.0000016689300537,1.000000238418579
253,1,0,0.0,0.2,0.5,0.5949540734291077,0.562853991985321,1.0000027418136597,1.0000014305114746
253,1,0,0.0,0.2,1.0,0.7661668658256531,0.7222452163696289,1.0000026226043701,1.0000005960464478
253,1,0,0.0,0.2,2.0,0.5214427709579468,0.4903666377067566,1.000000238418579,1.0000044107437134
253,1,0,0.0,0.5,0.5,0.4205940365791321,0.3156461715698242,1.0000004768371582,1.000003457069397
253,1,0,0.0,0.5,1.0,0.26372212171554565,0.231695294380188,1.0000042915344238,1.000001311302185
253,1,0,0.0,0.5,2.0,0.26002418994903564,0.21478325128555298,1.0000035762786865,1.0000019073486328
253,1,0,0.0,0.8,0.5,0.04930490255355835,0.06906729936599731,1.000002384185791,1.0000011920928955
253,1,0,0.0,0.8,1.0,0.1968388557434082,0.09967619180679321,1.0000029802322388,1.0000019073486328
253,1,0,0.0,0.8,2.0,0.0858694314956665,0.061186373233795166,1.0000030994415283,1.000001311302185
253,1,1,0.0,0.2,0.5,0.8195831775665283,0.7460032105445862,1.0000038146972656,1.0000040531158447
253,1,1,0.0,0.2,1.0,0.817931592464447,0.692397952079773,1.000002384185791,1.0000003576278687
253,1,1,0.0,0.2,2.0,0.8868152499198914,0.8514319062232971,1.0000005960464478,1.0000030994415283
253,1,1,0.0,0.5,0.5,0.3571527600288391,0.24840998649597168,1.000003695487976,1.0000022649765015
253,1,1,0.0,0.5,1.0,0.22248822450637817,0.2444847822189331,1.0000035762786865,1.0000003576278687
253,1,1,0.0,0.5,2.0,0.24045318365097046,0.2739507555961609,1.0000025033950806,1.0000028610229492
253,1,1,0.0,0.8,0.5,0.18465656042099,0.03320068120956421,1.0000022649765015,1.0000042915344238
253,1,1,0.0,0.8,1.0,0.1634100079536438,0.09818863868713379,1.0000007152557373,1.0000029802322388
253,1,1,0.0,0.8,2.0,0.030227184295654297,0.05714613199234009,1.0000029802322388,1.0000014305114746
253,1,2,0.0,0.2,0.5,0.8357349038124084,0.6523746252059937,1.0000040531158447,1.0000030994415283
253,1,2,0.0,0.2,1.0,0.7086890339851379,0.6492758989334106,1.000002384185791,1.0000042915344238
253,1,2,0.0,0.2,2.0,0.7150221467018127,0.6204594969749451,1.0000035762786865,1.000001072883606
253,1,2,0.0,0.5,0.5,0.22272199392318726,0.2282271385192871,1.0000020265579224,1.0000032186508179
253,1,2,0.0,0.5,1.0,0.27201128005981445,0.26062774658203125,1.0000004768371582,1.0000025033950806
253,1,2,0.0,0.5,2.0,0.3067609667778015,0.3387492895126343,1.0000003576278687,1.0000025033950806
253,1,2,0.0,0.8,0.5,0.19554376602172852,0.08590245246887207,1.0000032186508179,1.0000029802322388
253,1,2,0.0,0.8,1.0,0.04527086019515991,0.03492271900177002,1.0000026226043701,1.0000040531158447
253,1,2,0.0,0.8,2.0,0.12971192598342896,0.0930180549621582,1.0000033378601074,1.0000025033950806
253,1,3,0.0,0.2,0.5,0.7631091475486755,0.818723201751709,1.0000029802322388,1.0000019073486328
253,1,3,0.0,0.2,1.0,0.8179596066474915,0.7496152520179749,1.000002384185791,1.0000032186508179
253,1,3,0.0,0.2,2.0,0.8276129364967346,0.7029533982276917,1.0000019073486328,1.0000003576278687
253,1,3,0.0,0.5,0.5,0.3760151267051697,0.29628944396972656,1.0000033378601074,1.0000017881393433
253,1,3,0.0,0.5,1.0,0.3070477843284607,0.35284286737442017,1.0000008344650269,1.0000016689300537
253,1,3,0.0,0.5,2.0,0.34120410680770874,0.33019375801086426,1.0000032186508179,1.0000026226043701
253,1,3,0.0,0.8,0.5,0.020436406135559082,0.07552754878997803,1.0000020265579224,1.0000025033950806
253,1,3,0.0,0.8,1.0,0.169178307056427,0.09951037168502808,1.0000011920928955,1.0000025033950806
253,1,3,0.0,0.8,2.0,0.0999794602394104,0.08008301258087158,1.0000040531158447,1.000002145767212
253,1,4,0.0,0.2,0.5,0.5685427784919739,0.602735698223114,1.0000035762786865,1.0000027418136597
253,1,4,0.0,0.2,1.0,0.7233300805091858,0.6470200419425964,1.0000032186508179,1.000001072883606
253,1,4,0.0,0.2,2.0,0.41180419921875,0.35759955644607544,1.0000032186508179,1.0000016689300537
253,1,4,0.0,0.5,0.5,0.4494614005088806,0.36173880100250244,1.0000027418136597,1.000002145767212
253,1,4,0.0,0.5,1.0,0.17857873439788818,0.18070989847183228,1.000002384185791,1.0000019073486328
253,1,4,0.0,0.5,2.0,0.3115030527114868,0.22440630197525024,1.0000029802322388,1.0000015497207642
253,1,4,0.0,0.8,0.5,0.17144495248794556,0.08141344785690308,1.0000008344650269,1.0000022649765015
253,1,4,0.0,0.8,1.0,0.03153187036514282,0.08281415700912476,1.0000032186508179,1.0000014305114746
253,1,4,0.0,0.8,2.0,0.18775439262390137,0.10553473234176636,1.0000008344650269,1.0000014305114746
254,1,0,0.0,0.2,0.5,0.736930251121521,0.6617182493209839,1.0000027418136597,1.0000035762786865
254,1,0,0.0,0.2,1.0,0.7387447357177734,0.6753565073013306,1.000003457069397,1.0000032186508179
254,1,0,0.0,0.2,2.0,0.5546836256980896,0.4933010935783386,1.0000025033950806,1.0000005960464478
254,1,0,0.0,0.5,0.5,0.4024163484573364,0.36427170038223267,1.0000025033950806,1.0000042915344238
254,1,0,0.0,0.5,1.0,0.5580239295959473,0.39075613021850586,1.0000007152557373,1.0000032186508179
254,1,0,0.0,0.5,2.0,0.4424769878387451,0.29228299856185913,1.0000003576278687,1.0000009536743164
254,1,0,0.0,0.8,0.5,0.0521278977394104,0.020900070667266846,1.000002145767212,1.0000032186508179
254,1,0,0.0,0.8,1.0,0.26013118028640747,0.09030675888061523,1.0000025033950806,1.0000027418136597
254,1,0,0.0,0.8,2.0,0.13438981771469116,0.03473156690597534,1.0000028610229492,1.000002384185791
254,1,1,0.0,0.2,0.5,0.6652810573577881,0.5868765711784363,1.0000025033950806,1.0000026226043701
254,1,1,0.0,0.2,1.0,0.7524702548980713,0.6493880152702332,1.0000048875808716,1.0000016689300537
254,1,1,0.0,0.2,2.0,0.472093403339386,0.4496697187423706,1.0000001192092896,1.0000014305114746
254,1,1,0.0,0.5,0.5,0.4246789813041687,0.3782452940940857,1.0000025033950806,1.0000027418136597
254,1,1,0.0,0.5,1.0,0.3209269046783447,0.2501399517059326,1.0000046491622925,1.0000040531158447
254,1,1,0.0,0.5,2.0,0.4070090651512146,0.3217952251434326,1.0000025033950806,1.0000003576278687
254,1,1,0.0,0.8,0.5,0.02708035707473755,0.05633598566055298,1.0000027418136597,1.0000020265579224
254,1,1,0.0,0.8,1.0,0.19270914793014526,0.04573500156402588,1.0000008344650269,1.0000028610229492
254,1,1,0.0,0.8,2.0,0.08472073078155518,0.026207029819488525,1.0000027418136597,1.0000015497207642
254,1,2,0.0,0.2,0.5,0.7099873423576355,0.7347874641418457,1.0000025033950806,1.000003457069397
254,1,2,0.0,0.2,1.0,0.73575359582901,0.750771164894104,1.0000032186508179,1.0000020265579224
254,1,2,0.0,0.2,2.0,0.6499200463294983,0.6341598629951477,1.000002145767212,1.0000027418136597
254,1,2,0.0,0.5,0.5,0.3207765817642212,0.272754430770874,1.0000007152557373,1.0000022649765015
254,1,2,0.0,0.5,1.0,0.38229572772979736,0.23815876245498657,1.0000030994415283,1.0000027418136597
254,1,2,0.0,0.5,2.0,0.31957894563674927,0.21081089973449707,1.0000019073486328,1.0000025033950806
254,1,2,0.0,0.8,0.5,0.2150721549987793,0.056030094623565674,1.0000014305114746,1.0000015497207642
254,1,2,0.0,0.8,1.0,0.18164539337158203,0.10217523574829102,1.0000003576278687,1.0000001192092896
254,1,2,0.0,0.8,2.0,0.1667630672454834,0.05933159589767456,1.0000028610229492,1.000001311302185
254,1,3,0.0,0.2,0.5,0.6015594601631165,0.5815200805664062,1.0000022649765015,1.0000035762786865
254,1,3,0.0,0.2,1.0,0.531416654586792,0.4758702516555786,1.0000020265579224,1.0000011920928955
254,1,3,0.0,0.2,2.0,0.9760667085647583,0.7860427498817444,1.000002145767212,1.000002384185791
254,1,3,0.0,0.5,0.5,0.2865913510322571,0.28731024265289307,1.0000022649765015,1.0000032186508179
254,1,3,0.0,0.5,1.0,0.28216463327407837,0.2870129942893982,1.0000032186508179,1.0000025033950806
254,1,3,0.0,0.5,2.0,0.45288705825805664,0.30982714891433716,1.0000032186508179,1.0000014305114746
254,1,3,0.0,0.8,0.5,0.19687503576278687,0.11687839031219482,1.000004768371582,1.000000238418579
254,1,3,0.0,0.8,1.0,0.08941692113876343,0.1045868992805481,1.0000042915344238,1.0000029802322388
254,1,3,0.0,0.8,2.0,0.026340365409851074,0.07259386777877808,1.0000027418136597,1.0000022649765015
254,1,4,0.0,0.2,0.5,0.8607384562492371,0.6960993409156799,1.0000020265579224,1.0000009536743164
254,1,4,0.0,0.2,1.0,0.8448951244354248,0.7226809859275818,1.0000032186508179,1.0000004768371582
254,1,4,0.0,0.2,2.0,0.6246567964553833,0.5550616979598999,1.0000019073486328,1.0000016689300537
254,1,4,0.0,0.5,0.5,0.3852691054344177,0.37249666452407837,1.0000030994415283,1.0000022649765015
254,1,4,0.0,0.5,1.0,0.41778939962387085,0.32056987285614014,1.000003695487976,1.0000027418136597
254,1,4,0.0,0.5,2.0,0.35569190979003906,0.2661745548248291,1.0000027418136597,1.0000032186508179
254,1,4,0.0,0.8,0.5,0.15382111072540283,0.08827704191207886,1.0000038146972656,1.0000038146972656
254,1,4,0.0,0.8,1.0,0.19575250148773193,0.060843050479888916,1.0000003576278687,1.000000238418579
254,1,4,0.0,0.8,2.0,0.12155532836914062,0.05416375398635864,1.000003457069397,1.000000238418579
255,1,0,0.0,0.2,0.5,0.7316731214523315,0.7027820944786072,1.0000025033950806,1.0000022649765015
255,1,0,0.0,0.2,1.0,0.5249909162521362,0.5573251247406006,1.0000001192092896,1.0000035762786865
255,1,0,0.0,0.2,2.0,0.6673105359077454,0.6404445767402649,1.0000032186508179,1.000001072883606
255,1,0,0.0,0.5,0.5,0.2576918601989746,0.24709159135818481,1.0000014305114746,1.0000019073486328
255,1,0,0.0,0.5,1.0,0.2368220090866089,0.19817334413528442,1.000000238418579,1.0000040531158447
255,1,0,0.0,0.5,2.0,0.6087549328804016,0.40009528398513794,1.0000030994415283,1.0000030994415283
255,1,0,0.0,0.8,0.5,0.09405136108398438,0.04903209209442139,1.0000038146972656,1.0000025033950806
255,1,0,0.0,0.8,1.0,0.045226097106933594,0.046314895153045654,1.0000016689300537,1.0000026226043701
255,1,0,0.0,0.8,2.0,0.044693052768707275,0.058873116970062256,1.0000035762786865,1.0000027418136597
255,1,1,0.0,0.2,0.5,0.6795558929443359,0.6024242639541626,1.0000025033950806,1.0000026226043701
255,1,1,0.0,0.2,1.0,0.6776548027992249,0.6363901495933533,1.0000020265579224,1.0000042915344238
255,1,1,0.0,0.2,2.0,0.4757828116416931,0.5444549322128296,1.0000040531158447,1.0000026226043701
255,1,1,0.0,0.5,0.5,0.33259111642837524,0.27802473306655884,1.000000238418579,1.0000005960464478
255,1,1,0.0,0.5,1.0,0.378390371799469,0.2763001322746277,1.0000032186508179,1.0000019073486328
255,1,1,0.0,0.5,2.0,0.34311026334762573,0.3404644727706909,1.000001072883606,1.0000008344650269
255,1,1,0.0,0.8,0.5,0.21428197622299194,0.053585946559906006,1.000003457069397,1.0000016689300537
255,1,1,0.0,0.8,1.0,0.1953083872795105,0.11004632711410522,1.0000029802322388,1.0000050067901611
255,1,1,0.0,0.8,2.0,0.07870465517044067,0.09796839952468872,1.000003695487976,1.0000030994415283
255,1,2,0.0,0.2,0.5,0.7491133809089661,0.7216604948043823,1.0000020265579224,1.0000026226043701
255,1,2,0.0,0.2,1.0,0.664625883102417,0.6292726397514343,1.0000022649765015,1.0000022649765015
255,1,2,0.0,0.2,2.0,1.0408694744110107,0.9274414777755737,1.0000008344650269,1.0000022649765015
255,1,2,0.0,0.5,0.5,0.3768611550331116,0.2634981870651245,1.000002145767212,1.0000016689300537
255,1,2,0.0,0.5,1.0,0.376346230506897,0.21405291557312012,1.0000015497207642,1.0000042915344238
255,1,2,0.0,0.5,2.0,0.3746517300605774,0.3586043119430542,1.000001072883606,1.0000025033950806
255,1,2,0.0,0.8,0.5,0.09574800729751587,0.054040729999542236,1.000003457069397,1.0000014305114746
255,1,2,0.0,0.8,1.0,0.22307747602462769,0.08555561304092407,1.000000238418579,1.000001072883606
255,1,2,0.0,0.8,2.0,0.19315272569656372,0.06344956159591675,1.0000029802322388,1.0000027418136597
255,1,3,0.0,0.2,0.5,0.7433643937110901,0.6920251846313477,1.0000032186508179,1.0000032186508179
255,1,3,0.0,0.2,1.0,0.6408495903015137,0.5265235900878906,1.0000029802322388,1.0000019073486328
255,1,3,0.0,0.2,2.0,0.9765114188194275,0.8339231610298157,1.0000026226043701,1.0000009536743164
255,1,3,0.0,0.5,0.5,0.32220029830932617,0.30284130573272705,1.0000005960464478,1.000001072883606
255,1,3,0.0,0.5,1.0,0.2116912603378296,0.22378289699554443,1.0000014305114746,1.0000042915344238
255,1,3,0.0,0.5,2.0,0.21047699451446533,0.2322099804878235,1.0000029802322388,1.0000001192092896
255,1,3,0.0,0.8,0.5,0.17351120710372925,0.06693482398986816,1.0000001192092896,1.0000019073486328
255,1,3,0.0,0.8,1.0,0.06295812129974365,0.08968639373779297,1.0000020265579224,1.000002145767212
255,1,3,0.0,0.8,2.0,0.12784349918365479,0.11804217100143433,1.0000007152557373,1.0000011920928955
255,1,4,0.0,0.2,0.5,0.9360707402229309,0.6856520175933838,1.0000022649765015,1.0000029802322388
255,1,4,0.0,0.2,1.0,0.6995804905891418,0.5785958170890808,1.0000020265579224,1.0000005960464478
255,1,4,0.0,0.2,2.0,0.6712208390235901,0.5312498807907104,1.000000238418579,1.0000001192092896
255,1,4,0.0,0.5,0.5,0.3701595067977905,0.3177794814109802,1.0000019073486328,1.0000014305114746
255,1,4,0.0,0.5,1.0,0.2458619475364685,0.2675181031227112,1.0000019073486328,1.0000008344650269
255,1,4,0.0,0.5,2.0,0.3602612614631653,0.28088295459747314,1.0000007152557373,1.000001072883606
255,1,4,0.0,0.8,0.5,0.04119265079498291,0.06441092491149902,1.0000015497207642,1.0000027418136597
255,1,4,0.0,0.8,1.0,0.14964038133621216,0.08069396018981934,1.0000011920928955,1.0000025033950806
255,1,4,0.0,0.8,2.0,0.12055522203445435,0.0763276219367981,1.0000011920928955,1.0000003576278687
256,1,0,0.0,0.2,0.5,0.8125770092010498,0.8893486857414246,1.0000009536743164,1.0000026226043701
256,1,0,0.0,0.2,1.0,0.790979266166687,0.715676486492157,1.0000022649765015,1.0000009536743164
256,1,0,0.0,0.2,2.0,0.7217309474945068,0.6534114480018616,1.0000008344650269,1.0000028610229492
256,1,0,0.0,0.5,0.5,0.4447389841079712,0.3446383476257324,1.000002145767212,1.0000035762786865
256,1,0,0.0,0.5,1.0,0.39589381217956543,0.28427278995513916,1.0000025033950806,1.0000027418136597
256,1,0,0.0,0.5,2.0,0.36412304639816284,0.29363036155700684,1.000002145767212,1.0000003576278687
256,1,0,0.0,0.8,0.5,0.1781579852104187,0.08711016178131104,1.0000025033950806,1.0000005960464478
256,1,0,0.0,0.8,1.0,0.16501355171203613,0.0871019959449768,1.000000238418579,1.0000038146972656
256,1,0,0.0,0.8,2.0,0.038709163665771484,0.07427459955215454,1.0000005960464478,1.0000025033950806
256,1,1,0.0,0.2,0.5,0.6483407020568848,0.6741440296173096,1.000001311302185,1.0000038146972656
256,1,1,0.0,0.2,1.0,0.6156289577484131,0.5258939862251282,1.0000016689300537,1.000001311302185
256,1,1,0.0,0.2,2.0,0.5383405685424805,0.50965416431427,1.000002145767212,1.000002145767212
256,1,1,0.0,0.5,0.5,0.4153357744216919,0.37446510791778564,1.0000019073486328,1.0000014305114746
256,1,1,0.0,0.5,1.0,0.3429538607597351,0.29506194591522217,1.000002145767212,1.0000008344650269
256,1,1,0.0,0.5,2.0,0.48938852548599243,0.3501051068305969,1.0000040531158447,1.0000022649765015
256,1,1,0.0,0.8,0.5,0.18548357486724854,0.0956605076789856,1.0000030994415283,1.0000035762786865
256,1,1,0.0,0.8,1.0,0.05586022138595581,0.03795981407165527,1.0000028610229492,1.0000016689300537
256,1,1,0.0,0.8,2.0,0.17856365442276,0.11041998863220215,1.0000017881393433,1.0000007152557373
256,1,2,0.0,0.2,0.5,0.712263286113739,0.6203026175498962,1.0000019073486328,1.0000033378601074
256,1,2,0.0,0.2,1.0,0.7507478594779968,0.7202398777008057,1.0000025033950806,1.0000046491622925
256,1,2,0.0,0.2,2.0,0.728956937789917,0.6552909016609192,1.0000020265579224,1.0000019073486328
256,1,2,0.0,0.5,0.5,0.31046754121780396,0.3068694472312927,1.0000025033950806,1.0000019073486328
256,1,2,0.0,0.5,1.0,0.5645744800567627,0.38529497385025024,1.0000035762786865,1.0000009536743164
256,1,2,0.0,0.5,2.0,0.3894606828689575,0.2820168733596802,1.0000035762786865,1.0000014305114746
256,1,2,0.0,0.8,0.5,0.21583032608032227,0.025972485542297363,1.0000005960464478,1.0000014305114746
256,1,2,0.0,0.8,1.0,0.20537012815475464,0.11822396516799927,1.0000020265579224,1.0000019073486328
256,1,2,0.0,0.8,2.0,0.019392311573028564,0.03585714101791382,1.000003457069397,1.0000019073486328
256,1,3,0.0,0.2,0.5,0.7533044815063477,0.7225490808486938,1.0000019073486328,1.000004529953003
256,1,3,0.0,0.2,1.0,0.8203911185264587,0.7048038244247437,1.0000025033950806,1.0000011920928955
256,1,3,0.0,0.2,2.0,0.6770540475845337,0.711953341960907,1.0000014305114746,1.0000033378601074
256,1,3,0.0,0.5,0.5,0.33387356996536255,0.33284908533096313,1.000001072883606,1.0000028610229492
256,1,3,0.0,0.5,1.0,0.2718251347541809,0.22086024284362793,1.0000027418136597,1.000002384185791
256,1,3,0.0,0.5,2.0,0.38081204891204834,0.4124320149421692,1.0000003576278687,1.0000030994415283
256,1,3,0.0,0.8,0.5,0.10298043489456177,0.05871784687042236,1.0000025033950806,1.0000001192092896
256,1,3,0.0,0.8,1.0,0.19385266304016113,0.0546574592590332,1.000002384185791,1.0000026226043701
256,1,3,0.0,0.8,2.0,0.13453692197799683,0.02451092004776001,1.0000016689300537,1.0000009536743164
256,1,4,0.0,0.2,0.5,0.7482128739356995,0.6974239349365234,1.0000003576278687,1.000001311302185
256,1,4,0.0,0.2,1.0,0.8242095112800598,0.7191506028175354,1.0000025033950806,1.0000029802322388
256,1,4,0.0,0.2,2.0,0.6696510314941406,0.6243633031845093,1.0000033378601074,1.0000003576278687
256,1,4,0.0,0.5,0.5,0.4330567717552185,0.27886897325515747,1.000002384185791,1.0000026226043701
256,1,4,0.0,0.5,1.0,0.42662936449050903,0.3133164048194885,1.0000032186508179,1.0000026226043701
256,1,4,0.0,0.5,2.0,0.2063238024711609,0.23799484968185425,1.0000025033950806,1.0000009536743164
256,1,4,0.0,0.8,0.5,0.2358354926109314,0.07425719499588013,1.0000022649765015,1.0000025033950806
256,1,4,0.0,0.8,1.0,0.18217718601226807,0.12537747621536255,1.0000026226043701,1.000001072883606
256,1,4,0.0,0.8,2.0,0.028132975101470947,0.03958362340927124,1.0000001192092896,1.0000035762786865
257,1,0,0.0,0.2,0.5,0.6276909112930298,0.6166380643844604,1.0000015497207642,1.0000029802322388
257,1,0,0.0,0.2,1.0,0.5972835421562195,0.604381799697876,1.0000035762786865,1.0000025033950806
257,1,0,0.0,0.2,2.0,0.5822648406028748,0.5573486089706421,1.0000020265579224,1.000001072883606
257,1,0,0.0,0.5,0.5,0.4444311261177063,0.31494271755218506,1.0000005960464478,1.000004768371582
257,1,0,0.0,0.5,1.0,0.4621753692626953,0.3726719617843628,1.0000028610229492,1.0000035762786865
257,1,0,0.0,0.5,2.0,0.265586256980896,0.2611979842185974,1.0000003576278687,1.0000003576278687
257,1,0,0.0,0.8,0.5,0.050042688846588135,0.06534701585769653,1.0000019073486328,1.0000022649765015
257,1,0,0.0,0.8,1.0,0.1890241503715515,0.09533143043518066,1.000001072883606,1.0000005960464478
257,1,0,0.0,0.8,2.0,0.08894169330596924,0.05063706636428833,1.0000029802322388,1.000002145767212
257,1,1,0.0,0.2,0.5,0.6825411319732666,0.5580310225486755,1.0000027418136597,1.000003457069397
257,1,1,0.0,0.2,1.0,0.6151746511459351,0.5236085057258606,1.000003695487976,1.0000032186508179
257,1,1,0.0,0.2,2.0,0.6069226264953613,0.5884643793106079,1.0000009536743164,1.000001072883606
257,1,1,0.0,0.5,0.5,0.4239887595176697,0.2633666396141052,1.0000038146972656,1.0000027418136597
257,1,1,0.0,0.5,1.0,0.30990320444107056,0.3238728642463684,1.0000040531158447,1.0000022649765015
257,1,1,0.0,0.5,2.0,0.27476561069488525,0.20940232276916504,1.000002145767212,1.0000035762786865
257,1,1,0.0,0.8,0.5,0.1479390263557434,0.0698707103729248,1.0000015497207642,1.0000032186508179
257,1,1,0.0,0.8,1.0,0.19650328159332275,0.07733172178268433,1.0000027418136597,1.0000022649765015
257,1,1,0.0,0.8,2.0,0.023555874824523926,0.05029952526092529,1.0000019073486328,1.0000028610229492
257,1,2,0.0,0.2,0.5,0.7997273206710815,0.6752194166183472,1.0000029802322388,1.0000004768371582
257,1,2,0.0,0.2,1.0,0.6481066942214966,0.6095395088195801,1.0000029802322388,1.0000025033950806
257,1,2,0.0,0.2,2.0,0.6739572286605835,0.6015930771827698,1.0000019073486328,1.0000020265579224
257,1,2,0.0,0.5,0.5,0.3395208716392517,0.23037266731262207,1.0000032186508179,1.0000029802322388
257,1,2,0.0,0.5,1.0,0.3527604341506958,0.31052595376968384,1.0000019073486328,1.0000017881393433
257,1,2,0.0,0.5,2.0,0.48752832412719727,0.3476097583770752,1.000002145767212,1.0000025033950806
257,1,2,0.0,0.8,0.5,0.13538753986358643,0.06818032264709473,1.0000028610229492,1.0000003576278687
257,1,2,0.0,0.8,1.0,0.029004812240600586,0.057301998138427734,1.0000028610229492,1.0000019073486328
257,1,2,0.0,0.8,2.0,0.1790550947189331,0.07444071769714355,1.000002145767212,1.000002145767212
257,1,3,0.0,0.2,0.5,0.8244631290435791,0.8298832178115845,1.0000035762786865,1.000002384185791
257,1,3,0.0,0.2,1.0,0.9803225994110107,0.8264791369438171,1.0000025033950806,1.0000028610229492
257,1,3,0.0,0.2,2.0,0.7480139136314392,0.6267938017845154,1.000000238418579,1.000002145767212
257,1,3,0.0,0.5,0.5,0.4159315824508667,0.3545965552330017,1.0000025033950806,1.0000040531158447
257,1,3,0.0,0.5,1.0,0.36867791414260864,0.27175164222717285,1.000002145767212,1.0000014305114746
257,1,3,0.0,0.5,2.0,0.306704044342041,0.27306675910949707,1.0000011920928955,1.0000032186508179
257,1,3,0.0,0.8,0.5,0.07642805576324463,0.05030703544616699,1.0000027418136597,1.000002145767212
257,1,3,0.0,0.8,1.0,0.09484541416168213,0.11657953262329102,1.000002145767212,1.0000020265579224
257,1,3,0.0,0.8,2.0,0.11159062385559082,0.06319445371627808,1.0000019073486328,1.0000003576278687
257,1,4,0.0,0.2,0.5,0.7109013199806213,0.6550546884536743,1.0000025033950806,1.000001072883606
257,1,4,0.0,0.2,1.0,1.1585838794708252,0.8534782528877258,1.0000025033950806,1.0000008344650269
257,1,4,0.0,0.2,2.0,0.6451425552368164,0.611437201499939,1.0000029802322388,1.0000003576278687
257,1,4,0.0,0.5,0.5,0.33397364616394043,0.2061985731124878,1.0000008344650269,1.000004529953003
257,1,4,0.0,0.5,1.0,0.3551083207130432,0.27912282943725586,1.0000001192092896,1.000002145767212
257,1,4,0.0,0.5,2.0,0.4074885845184326,0.24388396739959717,1.000002145767212,1.0000009536743164
257,1,4,0.0,0.8,0.5,0.14387387037277222,0.061580777168273926,1.0000026226043701,1.0000004768371582
257,1,4,0.0,0.8,1.0,0.17509406805038452,0.08035904169082642,1.0000025033950806,1.0000035762786865
257,1,4,0.0,0.8,2.0,0.05709713697433472,0.05165386199951172,1.0000026226043701,1.000001072883606
258,1,0,0.0,0.2,0.5,0.5555418133735657,0.5639210939407349,1.0000003576278687,1.0000016689300537
258,1,0,0.0,0.2,1.0,0.7035937309265137,0.6281812191009521,1.0000005960464478,1.0000029802322388
258,1,0,0.0,0.2,2.0,0.5507597923278809,0.5421237945556641,1.0000019073486328,1.0000011920928955
258,1,0,0.0,0.5,0.5,0.29152894020080566,0.24204248189926147,1.0000003576278687,1.0000039339065552
258,1,0,0.0,0.5,1.0,0.33138060569763184,0.2335360050201416,1.0000032186508179,1.000003695487976
258,1,0,0.0,0.5,2.0,0.28997892141342163,0.19543474912643433,1.0000016689300537,1.0000042915344238
258,1,0,0.0,0.8,0.5,0.061387062072753906,0.05962097644805908,1.0000003576278687,1.0000016689300537
258,1,0,0.0,0.8,1.0,0.14036965370178223,0.06051057577133179,1.0000040531158447,1.0000003576278687
258,1,0,0.0,0.8,2.0,0.10570383071899414,0.06506454944610596,1.0000014305114746,1.000002145767212
258,1,1,0.0,0.2,0.5,1.010474681854248,0.8048332929611206,1.000000238418579,1.0000028610229492
258,1,1,0.0,0.2,1.0,0.558074414730072,0.5707999467849731,1.0000019073486328,1.0000032186508179
258,1,1,0.0,0.2,2.0,0.6438236832618713,0.6666367650032043,1.0000011920928955,1.0000016689300537
258,1,1,0.0,0.5,0.5,0.3080001473426819,0.17857933044433594,1.0000014305114746,1.000003457069397
258,1,1,0.0,0.5,1.0,0.31926965713500977,0.2907063364982605,1.0000027418136597,1.0000011920928955
258,1,1,0.0,0.5,2.0,0.44228649139404297,0.31255728006362915,1.0000025033950806,1.0000029802322388
258,1,1,0.0,0.8,0.5,0.06346315145492554,0.10338044166564941,1.0000033378601074,1.0000032186508179
258,1,1,0.0,0.8,1.0,0.09845566749572754,0.06511074304580688,1.0000032186508179,1.0000022649765015
258,1,1,0.0,0.8,2.0,0.14753752946853638,0.0876471996307373,1.000001072883606,1.0000039339065552
258,1,2,0.0,0.2,0.5,0.5421591997146606,0.5550808906555176,1.0000027418136597,1.0000014305114746
258,1,2,0.0,0.2,1.0,0.8687962889671326,0.6900255680084229,1.0000009536743164,1.0000022649765015
258,1,2,0.0,0.2,2.0,0.7405648231506348,0.7085685133934021,1.0000005960464478,1.0000032186508179
258,1,2,0.0,0.5,0.5,0.3333679437637329,0.269494891166687,1.0000016689300537,1.0000039339065552
258,1,2,0.0,0.5,1.0,0.3842294216156006,0.32195520401000977,1.0000015497207642,1.000003457069397
258,1,2,0.0,0.5,2.0,0.40587419271469116,0.27324461936950684,1.000002145767212,1.0000003576278687
258,1,2,0.0,0.8,0.5,0.1912442445755005,0.10718631744384766,1.000002384185791,1.0000005960464478
258,1,2,0.0,0.8,1.0,0.12117582559585571,0.08712881803512573,1.0000008344650269,1.000002145767212
258,1,2,0.0,0.8,2.0,0.10944914817810059,0.07423770427703857,1.0000011920928955,1.0000040531158447
258,1,3,0.0,0.2,0.5,0.743302047252655,0.6501966714859009,1.0000016689300537,1.000002384185791
258,1,3,0.0,0.2,1.0,0.6541537642478943,0.6524531841278076,1.0000016689300537,1.0000026226043701
258,1,3,0.0,0.2,2.0,0.8231883645057678,0.7633581161499023,1.0000038146972656,1.0000027418136597
258,1,3,0.0,0.5,0.5,0.27000004053115845,0.23007619380950928,1.0000009536743164,1.0000029802322388
258,1,3,0.0,0.5,1.0,0.2351522445678711,0.2090437412261963,1.0000028610229492,1.000000238418579
258,1,3,0.0,0.5,2.0,0.2927166819572449,0.2495129108428955,1.0000015497207642,1.0000025033950806
258,1,3,0.0,0.8,0.5,0.18530666828155518,0.043567538261413574,1.0000029802322388,1.0000025033950806
258,1,3,0.0,0.8,1.0,0.10331600904464722,0.01930326223373413,1.0000011920928955,1.0000027418136597
258,1,3,0.0,0.8,2.0,0.1503530740737915,0.07547074556350708,1.0000019073486328,1.0000025033950806
258,1,4,0.0,0.2,0.5,0.4705224633216858,0.4407500624656677,1.0000026226043701,1.0000020265579224
258,1,4,0.0,0.2,1.0,0.5124225616455078,0.5663387775421143,1.0000025033950806,1.0000032186508179
258,1,4,0.0,0.2,2.0,0.46107757091522217,0.46875661611557007,1.000003457069397,1.000000238418579
258,1,4,0.0,0.5,0.5,0.4110795855522156,0.264018177986145,1.0000014305114746,1.0000042915344238
258,1,4,0.0,0.5,1.0,0.2751620411872864,0.21629172563552856,1.0000029802322388,1.0000017881393433
258,1,4,0.0,0.5,2.0,0.36984384059906006,0.2503717541694641,1.000001072883606,1.0000028610229492
258,1,4,0.0,0.8,0.5,0.21908682584762573,0.10781675577163696,1.000000238418579,1.0000039339065552
258,1,4,0.0,0.8,1.0,0.16826587915420532,0.0656806230545044,1.0000008344650269,1.000000238418579
258,1,4,0.0,0.8,2.0,0.08346438407897949,0.060003817081451416,1.0000003576278687,1.0000004768371582
259,1,0,0.0,0.2,0.5,0.40936118364334106,0.42947328090667725,1.000000238418579,1.000002145767212
259,1,0,0.0,0.2,1.0,0.5110611915588379,0.41755056381225586,1.0000039339065552,1.000002145767212
259,1,0,0.0,0.2,2.0,1.017836332321167,0.8790577054023743,1.0000029802322388,1.0000027418136597
259,1,0,0.0,0.5,0.5,0.3823586106300354,0.2697180509567261,1.0000025033950806,1.0000025033950806
259,1,0,0.0,0.5,1.0,0.28293734788894653,0.3163881301879883,1.0000025033950806,1.0000029802322388
259,1,0,0.0,0.5,2.0,0.35161978006362915,0.28922373056411743,1.0000017881393433,1.0000026226043701
259,1,0,0.0,0.8,0.5,0.004791915416717529,0.04099041223526001,1.0000040531158447,1.0000025033950806
259,1,0,0.0,0.8,1.0,0.07014960050582886,0.08054208755493164,1.0000005960464478,1.0000025033950806
259,1,0,0.0,0.8,2.0,0.1259273886680603,0.03416299819946289,1.0000022649765015,1.000002384185791
259,1,1,0.0,0.2,0.5,0.8458947539329529,0.7432860136032104,1.0000015497207642,1.0000022649765015
259,1,1,0.0,0.2,1.0,0.6878349184989929,0.651908278465271,1.0000017881393433,1.0000046491622925
259,1,1,0.0,0.2,2.0,0.6503714323043823,0.6763783693313599,1.0000038146972656,1.0000003576278687
259,1,1,0.0,0.5,0.5,0.3743710517883301,0.31239408254623413,1.0000007152557373,1.000003695487976
259,1,1,0.0,0.5,1.0,0.2564844489097595,0.1593860387802124,1.0000016689300537,1.0000014305114746
259,1,1,0.0,0.5,2.0,0.36554139852523804,0.2761596441268921,1.0000014305114746,1.0000028610229492
259,1,1,0.0,0.8,0.5,0.11988091468811035,0.10402548313140869,1.0000016689300537,1.000002384185791
259,1,1,0.0,0.8,1.0,0.08357161283493042,0.11829972267150879,1.0000027418136597,1.0000016689300537
259,1,1,0.0,0.8,2.0,0.2061859369277954,0.07686418294906616,1.000003457069397,1.0000028610229492
259,1,2,0.0,0.2,0.5,0.6694363951683044,0.5680389404296875,1.0000005960464478,1.0000017881393433
259,1,2,0.0,0.2,1.0,0.7349423170089722,0.6948298811912537,1.000003457069397,1.0000025033950806
259,1,2,0.0,0.2,2.0,0.8668622970581055,0.706991970539093,1.0000025033950806,1.0000005960464478
259,1,2,0.0,0.5,0.5,0.41226738691329956,0.3019617795944214,1.0000035762786865,1.0000032186508179
259,1,2,0.0,0.5,1.0,0.5145426392555237,0.35171765089035034,1.0000005960464478,1.0000039339065552
259,1,2,0.0,0.5,2.0,0.2418857216835022,0.22762101888656616,1.0000029802322388,1.0000029802322388
259,1,2,0.0,0.8,0.5,0.13974010944366455,0.11966675519943237,1.0000032186508179,1.0000020265579224
259,1,2,0.0,0.8,1.0,0.1944919228553772,0.08006483316421509,1.000001072883606,1.0000009536743164
259,1,2,0.0,0.8,2.0,0.12977010011672974,0.04927331209182739,1.0000022649765015,1.0000017881393433
259,1,3,0.0,0.2,0.5,0.6610971689224243,0.6155008673667908,1.000002384185791,1.0000017881393433
259,1,3,0.0,0.2,1.0,0.3940328359603882,0.40868306159973145,1.0000032186508179,1.0000027418136597
259,1,3,0.0,0.2,2.0,0.5435144901275635,0.5421839356422424,1.0000019073486328,1.0000029802322388
259,1,3,0.0,0.5,0.5,0.3849501609802246,0.27073514461517334,1.0000039339065552,1.0000011920928955
259,1,3,0.0,0.5,1.0,0.3572036027908325,0.3072381019592285,1.000002145767212,1.0000008344650269
259,1,3,0.0,0.5,2.0,0.34544384479522705,0.2846531271934509,1.0000020265579224,1.000002145767212
259,1,3,0.0,0.8,0.5,0.21058052778244019,0.04882079362869263,1.0000004768371582,1.0000008344650269
259,1,3,0.0,0.8,1.0,0.11580336093902588,0.07859218120574951,1.0000020265579224,1.0000035762786865
259,1,3,0.0,0.8,2.0,0.06647616624832153,0.06176954507827759,1.0000008344650269,1.0000022649765015
259,1,4,0.0,0.2,0.5,0.6717652678489685,0.6218336820602417,1.0000025033950806,1.0000035762786865
259,1,4,0.0,0.2,1.0,0.8940829038619995,0.8621105551719666,1.0000017881393433,1.0000009536743164
259,1,4,0.0,0.2,2.0,0.48533421754837036,0.47897160053253174,1.0000026226043701,1.000002145767212
259,1,4,0.0,0.5,0.5,0.3513184189796448,0.301289439201355,1.0000029802322388,1.000001072883606
259,1,4,0.0,0.5,1.0,0.24226146936416626,0.20172744989395142,1.0000028610229492,1.0000029802322388
259,1,4,0.0,0.5,2.0,0.4374352693557739,0.37037038803100586,1.0000026226043701,1.0000005960464478
259,1,4,0.0,0.8,0.5,0.1623997688293457,0.0775766372680664,1.0000027418136597,1.0000017881393433
259,1,4,0.0,0.8,1.0,0.10927677154541016,0.046694934368133545,1.0000027418136597,1.000004768371582
259,1,4,0.0,0.8,2.0,0.03528261184692383,0.05183970928192139,1.0000033378601074,1.0000025033950806
260,1,0,0.0,0.2,0.5,0.6621725559234619,0.6564612984657288,1.0000026226043701,1.0000028610229492
260,1,0,0.0,0.2,1.0,0.6593677997589111,0.6541134715080261,1.0000027418136597,1.0000029802322388
260,1,0,0.0,0.2,2.0,0.7150635719299316,0.640540599822998,1.0000003576278687,1.0000028610229492
260,1,0,0.0,0.5,0.5,0.24313247203826904,0.22732990980148315,1.0000008344650269,1.0000028610229492
260,1,0,0.0,0.5,1.0,0.29349541664123535,0.2639846205711365,1.0000001192092896,1.000002145767212
260,1,0,0.0,0.5,2.0,0.3996840715408325,0.3131450414657593,1.0000017881393433,1.0000008344650269
260,1,0,0.0,0.8,0.5,0.045719683170318604,0.04879260063171387,1.0000040531158447,1.0000019073486328
260,1,0,0.0,0.8,1.0,0.13906621932983398,0.10169047117233276,1.000002384185791,1.000003695487976
260,1,0,0.0,0.8,2.0,0.035098135471343994,0.050334811210632324,1.0000014305114746,1.0000038146972656
260,1,1,0.0,0.2,0.5,0.5260498523712158,0.5543254017829895,1.0000016689300537,1.000002145767212
260,1,1,0.0,0.2,1.0,0.8318681716918945,0.7519411444664001,1.000001072883606,1.0000029802322388
260,1,1,0.0,0.2,2.0,0.664169192314148,0.543220043182373,1.0000025033950806,1.0000033378601074
260,1,1,0.0,0.5,0.5,0.31924545764923096,0.29296523332595825,1.0000003576278687,1.000002145767212
260,1,1,0.0,0.5,1.0,0.4684174060821533,0.3365541100502014,1.000002145767212,1.0000025033950806
260,1,1,0.0,0.5,2.0,0.24424099922180176,0.23412573337554932,1.0000027418136597,1.000001072883606
260,1,1,0.0,0.8,0.5,0.21848666667938232,0.08283543586730957,1.0000007152557373,1.0000039339065552
260,1,1,0.0,0.8,1.0,0.0817306637763977,0.07323497533798218,1.0000014305114746,1.0000005960464478
260,1,1,0.0,0.8,2.0,0.19325274229049683,0.09093081951141357,1.0000019073486328,1.0000030994415283
260,1,2,0.0,0.2,0.5,0.9967185854911804,0.9521763920783997,1.0000022649765015,1.0000008344650269
260,1,2,0.0,0.2,1.0,0.7004708051681519,0.7120757699012756,1.000001072883606,1.0000005960464478
260,1,2,0.0,0.2,2.0,0.8942002654075623,0.7617769241333008,1.0000014305114746,1.0000040531158447
260,1,2,0.0,0.5,0.5,0.18230080604553223,0.17798537015914917,1.0000005960464478,1.0000022649765015
260,1,2,0.0,0.5,1.0,0.2823505401611328,0.2125074863433838,1.0000025033950806,1.0000022649765015
260,1,2,0.0,0.5,2.0,0.30953723192214966,0.2919803261756897,1.0000025033950806,1.0000017881393433
260,1,2,0.0,0.8,0.5,0.15589100122451782,0.07650244235992432,1.0000029802322388,1.0000008344650269
260,1,2,0.0,0.8,1.0,0.14218252897262573,0.0930970311164856,1.0000039339065552,1.000002384185791
260,1,2,0.0,0.8,2.0,0.1567874550819397,0.0724368691444397,1.0000019073486328,1.0000027418136597
260,1,3,0.0,0.2,0.5,0.678135871887207,0.5587049722671509,1.0000038146972656,1.0000025033950806
260,1,3,0.0,0.2,1.0,0.7113520503044128,0.6601414084434509,1.0000027418136597,1.0000008344650269
260,1,3,0.0,0.2,2.0,0.6811376810073853,0.6150912046432495,1.0000025033950806,1.0000027418136597
260,1,3,0.0,0.5,0.5,0.4192086458206177,0.32061684131622314,1.0000033378601074,1.0000038146972656
260,1,3,0.0,0.5,1.0,0.29633545875549316,0.278486430644989,1.0000008344650269,1.0000025033950806
260,1,3,0.0,0.5,2.0,0.2933557629585266,0.24273419380187988,1.0000022649765015,1.0000027418136597
260,1,3,0.0,0.8,0.5,0.21058911085128784,0.03932863473892212,1.0000038146972656,1.0000041723251343
260,1,3,0.0,0.8,1.0,0.20329290628433228,0.0555802583694458,1.000002145767212,1.0000020265579224
260,1,3,0.0,0.8,2.0,0.2285611629486084,0.07140642404556274,1.0000004768371582,1.0000029802322388
260,1,4,0.0,0.2,0.5,0.9211748838424683,0.8103958368301392,1.000002384185791,1.0000025033950806
260,1,4,0.0,0.2,1.0,0.7166801691055298,0.6791086792945862,1.0000014305114746,1.0000044107437134
260,1,4,0.0,0.2,2.0,0.6567979454994202,0.6115759611129761,1.0000032186508179,1.0000003576278687
260,1,4,0.0,0.5,0.5,0.3470085859298706,0.2200089693069458,1.0000038146972656,1.0000028610229492
260,1,4,0.0,0.5,1.0,0.2540866732597351,0.2545366883277893,1.0000011920928955,1.0000035762786865
260,1,4,0.0,0.5,2.0,0.410783052444458,0.32163673639297485,1.0000026226043701,1.0000019073486328
260,1,4,0.0,0.8,0.5,0.04940897226333618,0.03646695613861084,1.0000020265579224,1.0000019073486328
260,1,4,0.0,0.8,1.0,0.06435805559158325,0.07364088296890259,1.000002384185791,1.0000030994415283
260,1,4,0.0,0.8,2.0,0.16077101230621338,0.06555300951004028,1.0000020265579224,1.0000001192092896
