model,seed,rho_target,leak,input_scale,order,ipc_contrib
real,0,0.95,0.8,1.0,1,3.005929946899414
real,0,0.95,0.8,1.0,2,0.01853179931640625
real,0,0.95,0.8,1.0,3,0.9717326164245605
real,0,0.95,0.8,1.0,4,1.233816146850586e-05
real,0,0.95,0.8,1.0,5,0.7811994552612305
real,0,0.95,0.8,1.0,6,0.0
real,0,0.95,0.8,1.0,7,0.09379559755325317
real,0,0.95,0.8,1.0,8,0.0027042627334594727
real,0,0.95,0.8,1.0,9,0.052369892597198486
real,0,0.95,0.8,1.0,10,0.001377105712890625
shuffle_weights,0,0.95,0.8,1.0,1,3.441735327243805
shuffle_weights,0,0.95,0.8,1.0,2,0.0
shuffle_weights,0,0.95,0.8,1.0,3,1.7640520334243774
shuffle_weights,0,0.95,0.8,1.0,4,0.0
shuffle_weights,0,0.95,0.8,1.0,5,0.0
shuffle_weights,0,0.95,0.8,1.0,6,0.0024418234825134277
shuffle_weights,0,0.95,0.8,1.0,7,0.002498149871826172
shuffle_weights,0,0.95,0.8,1.0,8,0.0014280080795288086
shuffle_weights,0,0.95,0.8,1.0,9,0.0002022385597229004
shuffle_weights,0,0.95,0.8,1.0,10,0.0
cel_randN,0,0.95,0.8,1.0,1,5.057332992553711
cel_randN,0,0.95,0.8,1.0,2,0.004540383815765381
cel_randN,0,0.95,0.8,1.0,3,3.134298801422119
cel_randN,0,0.95,0.8,1.0,4,4.655122756958008e-05
cel_randN,0,0.95,0.8,1.0,5,1.3570356369018555
cel_randN,0,0.95,0.8,1.0,6,0.0
cel_randN,0,0.95,0.8,1.0,7,0.0
cel_randN,0,0.95,0.8,1.0,8,0.016947448253631592
cel_randN,0,0.95,0.8,1.0,9,0.0
cel_randN,0,0.95,0.8,1.0,10,0.026162445545196533
er_randN,0,0.95,0.8,1.0,1,8.669802904129028
er_randN,0,0.95,0.8,1.0,2,0.0
er_randN,0,0.95,0.8,1.0,3,3.918444812297821
er_randN,0,0.95,0.8,1.0,4,1.3113021850585938e-06
er_randN,0,0.95,0.8,1.0,5,0.9058688282966614
er_randN,0,0.95,0.8,1.0,6,0.0
er_randN,0,0.95,0.8,1.0,7,3.5762786865234375e-06
er_randN,0,0.95,0.8,1.0,8,1.3172626495361328e-05
er_randN,0,0.95,0.8,1.0,9,0.0
er_randN,0,0.95,0.8,1.0,10,0.0
ws_p01_randN,0,0.95,0.8,1.0,1,8.679557085037231
ws_p01_randN,0,0.95,0.8,1.0,2,0.0
ws_p01_randN,0,0.95,0.8,1.0,3,4.317905068397522
ws_p01_randN,0,0.95,0.8,1.0,4,1.1920928955078125e-07
ws_p01_randN,0,0.95,0.8,1.0,5,0.7053574323654175
ws_p01_randN,0,0.95,0.8,1.0,6,0.0
ws_p01_randN,0,0.95,0.8,1.0,7,0.0
ws_p01_randN,0,0.95,0.8,1.0,8,8.940696716308594e-06
ws_p01_randN,0,0.95,0.8,1.0,9,0.0
ws_p01_randN,0,0.95,0.8,1.0,10,1.1920928955078125e-05
conn_shuf,0,0.95,0.8,1.0,1,3.412591814994812
conn_shuf,0,0.95,0.8,1.0,2,0.0
conn_shuf,0,0.95,0.8,1.0,3,1.805048406124115
conn_shuf,0,0.95,0.8,1.0,4,8.165836334228516e-06
conn_shuf,0,0.95,0.8,1.0,5,0.3734787702560425
conn_shuf,0,0.95,0.8,1.0,6,0.0
conn_shuf,0,0.95,0.8,1.0,7,0.0025443434715270996
conn_shuf,0,0.95,0.8,1.0,8,0.0
conn_shuf,0,0.95,0.8,1.0,9,0.0016992688179016113
conn_shuf,0,0.95,0.8,1.0,10,0.0
local_sign,0,0.95,0.8,1.0,1,1.9916632771492004
local_sign,0,0.95,0.8,1.0,2,0.0
local_sign,0,0.95,0.8,1.0,3,1.2325181365013123
local_sign,0,0.95,0.8,1.0,4,1.8417835235595703e-05
local_sign,0,0.95,0.8,1.0,5,0.7636334896087646
local_sign,0,0.95,0.8,1.0,6,3.2067298889160156e-05
local_sign,0,0.95,0.8,1.0,7,0.10560935735702515
local_sign,0,0.95,0.8,1.0,8,0.0003787875175476074
local_sign,0,0.95,0.8,1.0,9,0.04197269678115845
local_sign,0,0.95,0.8,1.0,10,0.0
conn_shuf_only,0,0.95,0.8,1.0,1,3.317590117454529
conn_shuf_only,0,0.95,0.8,1.0,2,0.0
conn_shuf_only,0,0.95,0.8,1.0,3,1.4220010638237
conn_shuf_only,0,0.95,0.8,1.0,4,1.2814998626708984e-05
conn_shuf_only,0,0.95,0.8,1.0,5,0.0
conn_shuf_only,0,0.95,0.8,1.0,6,0.004215657711029053
conn_shuf_only,0,0.95,0.8,1.0,7,0.004564642906188965
conn_shuf_only,0,0.95,0.8,1.0,8,0.0
conn_shuf_only,0,0.95,0.8,1.0,9,0.006442427635192871
conn_shuf_only,0,0.95,0.8,1.0,10,0.0
cel_sample,0,0.95,0.8,1.0,1,3.1872050166130066
cel_sample,0,0.95,0.8,1.0,2,0.0
cel_sample,0,0.95,0.8,1.0,3,1.477238416671753
cel_sample,0,0.95,0.8,1.0,4,3.8623809814453125e-05
cel_sample,0,0.95,0.8,1.0,5,0.000666499137878418
cel_sample,0,0.95,0.8,1.0,6,0.0
cel_sample,0,0.95,0.8,1.0,7,0.0
cel_sample,0,0.95,0.8,1.0,8,0.0014687180519104004
cel_sample,0,0.95,0.8,1.0,9,0.00017720460891723633
cel_sample,0,0.95,0.8,1.0,10,0.0
local_sign+flat,0,0.95,0.8,1.0,1,2.374652683734894
local_sign+flat,0,0.95,0.8,1.0,2,0.001976907253265381
local_sign+flat,0,0.95,0.8,1.0,3,0.824368417263031
local_sign+flat,0,0.95,0.8,1.0,4,2.187490463256836e-05
local_sign+flat,0,0.95,0.8,1.0,5,0.3712660074234009
local_sign+flat,0,0.95,0.8,1.0,6,0.0
local_sign+flat,0,0.95,0.8,1.0,7,0.0063988566398620605
local_sign+flat,0,0.95,0.8,1.0,8,0.0
local_sign+flat,0,0.95,0.8,1.0,9,0.002839505672454834
local_sign+flat,0,0.95,0.8,1.0,10,0.0
local_sign+sample,0,0.95,0.8,1.0,1,1.9937956929206848
local_sign+sample,0,0.95,0.8,1.0,2,0.00027501583099365234
local_sign+sample,0,0.95,0.8,1.0,3,0.9883303046226501
local_sign+sample,0,0.95,0.8,1.0,4,1.2695789337158203e-05
local_sign+sample,0,0.95,0.8,1.0,5,0.8165905475616455
local_sign+sample,0,0.95,0.8,1.0,6,0.0
local_sign+sample,0,0.95,0.8,1.0,7,0.4218308925628662
local_sign+sample,0,0.95,0.8,1.0,8,0.0015208721160888672
local_sign+sample,0,0.95,0.8,1.0,9,0.0
local_sign+sample,0,0.95,0.8,1.0,10,7.164478302001953e-05
local_sign+binary,0,0.95,0.8,1.0,1,2.8829391598701477
local_sign+binary,0,0.95,0.8,1.0,2,0.0001717209815979004
local_sign+binary,0,0.95,0.8,1.0,3,1.5910265445709229
local_sign+binary,0,0.95,0.8,1.0,4,1.704692840576172e-05
local_sign+binary,0,0.95,0.8,1.0,5,0.02671647071838379
local_sign+binary,0,0.95,0.8,1.0,6,0.00012731552124023438
local_sign+binary,0,0.95,0.8,1.0,7,0.0021075010299682617
local_sign+binary,0,0.95,0.8,1.0,8,0.0020705461502075195
local_sign+binary,0,0.95,0.8,1.0,9,0.06362473964691162
local_sign+binary,0,0.95,0.8,1.0,10,0.002695620059967041
global_sign_pres,0,0.95,0.8,1.0,1,2.4904831647872925
global_sign_pres,0,0.95,0.8,1.0,2,0.0006538033485412598
global_sign_pres,0,0.95,0.8,1.0,3,0.9861564636230469
global_sign_pres,0,0.95,0.8,1.0,4,0.0
global_sign_pres,0,0.95,0.8,1.0,5,1.1220561265945435
global_sign_pres,0,0.95,0.8,1.0,6,0.0007785558700561523
global_sign_pres,0,0.95,0.8,1.0,7,0.04936093091964722
global_sign_pres,0,0.95,0.8,1.0,8,0.005677163600921631
global_sign_pres,0,0.95,0.8,1.0,9,0.0
global_sign_pres,0,0.95,0.8,1.0,10,0.0021371841430664062
binary+shuffle,0,0.95,0.8,1.0,1,2.7863506078720093
binary+shuffle,0,0.95,0.8,1.0,2,0.0
binary+shuffle,0,0.95,0.8,1.0,3,1.7301307916641235
binary+shuffle,0,0.95,0.8,1.0,4,0.0
binary+shuffle,0,0.95,0.8,1.0,5,0.0
binary+shuffle,0,0.95,0.8,1.0,6,0.0
binary+shuffle,0,0.95,0.8,1.0,7,0.01838374137878418
binary+shuffle,0,0.95,0.8,1.0,8,0.0
binary+shuffle,0,0.95,0.8,1.0,9,0.0116349458694458
binary+shuffle,0,0.95,0.8,1.0,10,0.0
real,1,0.95,0.8,1.0,1,2.764839768409729
real,1,0.95,0.8,1.0,2,0.0007137060165405273
real,1,0.95,0.8,1.0,3,1.5347641110420227
real,1,0.95,0.8,1.0,4,5.513429641723633e-05
real,1,0.95,0.8,1.0,5,0.7724354863166809
real,1,0.95,0.8,1.0,6,0.002539396286010742
real,1,0.95,0.8,1.0,7,0.0
real,1,0.95,0.8,1.0,8,0.0007104873657226562
real,1,0.95,0.8,1.0,9,0.0
real,1,0.95,0.8,1.0,10,0.0008995532989501953
shuffle_weights,1,0.95,0.8,1.0,1,2.573592960834503
shuffle_weights,1,0.95,0.8,1.0,2,0.00026041269302368164
shuffle_weights,1,0.95,0.8,1.0,3,0.9668696522712708
shuffle_weights,1,0.95,0.8,1.0,4,0.0
shuffle_weights,1,0.95,0.8,1.0,5,0.4968358278274536
shuffle_weights,1,0.95,0.8,1.0,6,0.002855956554412842
shuffle_weights,1,0.95,0.8,1.0,7,0.0
shuffle_weights,1,0.95,0.8,1.0,8,0.0
shuffle_weights,1,0.95,0.8,1.0,9,0.001254737377166748
shuffle_weights,1,0.95,0.8,1.0,10,0.001573026180267334
cel_randN,1,0.95,0.8,1.0,1,7.059230923652649
cel_randN,1,0.95,0.8,1.0,2,1.138448715209961e-05
cel_randN,1,0.95,0.8,1.0,3,3.6545481085777283
cel_randN,1,0.95,0.8,1.0,4,0.0
cel_randN,1,0.95,0.8,1.0,5,1.2259454727172852
cel_randN,1,0.95,0.8,1.0,6,0.0
cel_randN,1,0.95,0.8,1.0,7,0.0005421638488769531
cel_randN,1,0.95,0.8,1.0,8,0.0
cel_randN,1,0.95,0.8,1.0,9,0.0
cel_randN,1,0.95,0.8,1.0,10,0.00017011165618896484
er_randN,1,0.95,0.8,1.0,1,8.610758900642395
er_randN,1,0.95,0.8,1.0,2,0.0
er_randN,1,0.95,0.8,1.0,3,4.123869061470032
er_randN,1,0.95,0.8,1.0,4,1.9073486328125e-06
er_randN,1,0.95,0.8,1.0,5,0.9081506133079529
er_randN,1,0.95,0.8,1.0,6,5.364418029785156e-07
er_randN,1,0.95,0.8,1.0,7,0.0
er_randN,1,0.95,0.8,1.0,8,1.1801719665527344e-05
er_randN,1,0.95,0.8,1.0,9,0.0
er_randN,1,0.95,0.8,1.0,10,1.3709068298339844e-05
ws_p01_randN,1,0.95,0.8,1.0,1,8.388348877429962
ws_p01_randN,1,0.95,0.8,1.0,2,2.2649765014648438e-06
ws_p01_randN,1,0.95,0.8,1.0,3,4.317817449569702
ws_p01_randN,1,0.95,0.8,1.0,4,0.0
ws_p01_randN,1,0.95,0.8,1.0,5,1.098349153995514
ws_p01_randN,1,0.95,0.8,1.0,6,7.212162017822266e-06
ws_p01_randN,1,0.95,0.8,1.0,7,0.05090576410293579
ws_p01_randN,1,0.95,0.8,1.0,8,0.0
ws_p01_randN,1,0.95,0.8,1.0,9,1.52587890625e-05
ws_p01_randN,1,0.95,0.8,1.0,10,0.0
conn_shuf,1,0.95,0.8,1.0,1,3.0881773829460144
conn_shuf,1,0.95,0.8,1.0,2,0.0012118816375732422
conn_shuf,1,0.95,0.8,1.0,3,1.3273590207099915
conn_shuf,1,0.95,0.8,1.0,4,0.0
conn_shuf,1,0.95,0.8,1.0,5,0.0
conn_shuf,1,0.95,0.8,1.0,6,0.0007519721984863281
conn_shuf,1,0.95,0.8,1.0,7,0.00018769502639770508
conn_shuf,1,0.95,0.8,1.0,8,0.00026345252990722656
conn_shuf,1,0.95,0.8,1.0,9,0.0
conn_shuf,1,0.95,0.8,1.0,10,0.0
local_sign,1,0.95,0.8,1.0,1,2.1376319527626038
local_sign,1,0.95,0.8,1.0,2,0.0
local_sign,1,0.95,0.8,1.0,3,0.9524034261703491
local_sign,1,0.95,0.8,1.0,4,2.3305416107177734e-05
local_sign,1,0.95,0.8,1.0,5,0.0
local_sign,1,0.95,0.8,1.0,6,0.0
local_sign,1,0.95,0.8,1.0,7,0.0013104081153869629
local_sign,1,0.95,0.8,1.0,8,0.0
local_sign,1,0.95,0.8,1.0,9,0.0006112456321716309
local_sign,1,0.95,0.8,1.0,10,0.0
conn_shuf_only,1,0.95,0.8,1.0,1,3.0739811658859253
conn_shuf_only,1,0.95,0.8,1.0,2,0.0
conn_shuf_only,1,0.95,0.8,1.0,3,1.6998417377471924
conn_shuf_only,1,0.95,0.8,1.0,4,1.8656253814697266e-05
conn_shuf_only,1,0.95,0.8,1.0,5,0.7054732441902161
conn_shuf_only,1,0.95,0.8,1.0,6,0.0011586546897888184
conn_shuf_only,1,0.95,0.8,1.0,7,0.0
conn_shuf_only,1,0.95,0.8,1.0,8,0.0010237693786621094
conn_shuf_only,1,0.95,0.8,1.0,9,0.00017756223678588867
conn_shuf_only,1,0.95,0.8,1.0,10,0.0004981160163879395
cel_sample,1,0.95,0.8,1.0,1,1.4352166056632996
cel_sample,1,0.95,0.8,1.0,2,0.008162200450897217
cel_sample,1,0.95,0.8,1.0,3,1.3343954682350159
cel_sample,1,0.95,0.8,1.0,4,5.632638931274414e-05
cel_sample,1,0.95,0.8,1.0,5,0.0
cel_sample,1,0.95,0.8,1.0,6,0.0
cel_sample,1,0.95,0.8,1.0,7,0.0
cel_sample,1,0.95,0.8,1.0,8,0.026127636432647705
cel_sample,1,0.95,0.8,1.0,9,0.0
cel_sample,1,0.95,0.8,1.0,10,0.011247992515563965
local_sign+flat,1,0.95,0.8,1.0,1,2.9010079503059387
local_sign+flat,1,0.95,0.8,1.0,2,0.001972675323486328
local_sign+flat,1,0.95,0.8,1.0,3,1.4114357829093933
local_sign+flat,1,0.95,0.8,1.0,4,1.4424324035644531e-05
local_sign+flat,1,0.95,0.8,1.0,5,0.27684181928634644
local_sign+flat,1,0.95,0.8,1.0,6,0.0
local_sign+flat,1,0.95,0.8,1.0,7,0.0
local_sign+flat,1,0.95,0.8,1.0,8,0.006316661834716797
local_sign+flat,1,0.95,0.8,1.0,9,0.0
local_sign+flat,1,0.95,0.8,1.0,10,0.0033295750617980957
local_sign+sample,1,0.95,0.8,1.0,1,2.1390506625175476
local_sign+sample,1,0.95,0.8,1.0,2,8.511543273925781e-05
local_sign+sample,1,0.95,0.8,1.0,3,1.2433335781097412
local_sign+sample,1,0.95,0.8,1.0,4,0.0
local_sign+sample,1,0.95,0.8,1.0,5,0.0
local_sign+sample,1,0.95,0.8,1.0,6,0.0
local_sign+sample,1,0.95,0.8,1.0,7,0.0019012689590454102
local_sign+sample,1,0.95,0.8,1.0,8,0.0
local_sign+sample,1,0.95,0.8,1.0,9,0.0
local_sign+sample,1,0.95,0.8,1.0,10,0.0
local_sign+binary,1,0.95,0.8,1.0,1,2.180172622203827
local_sign+binary,1,0.95,0.8,1.0,2,0.0
local_sign+binary,1,0.95,0.8,1.0,3,0.08109468221664429
local_sign+binary,1,0.95,0.8,1.0,4,0.0
local_sign+binary,1,0.95,0.8,1.0,5,0.12435948848724365
local_sign+binary,1,0.95,0.8,1.0,6,0.003837406635284424
local_sign+binary,1,0.95,0.8,1.0,7,0.3073279857635498
local_sign+binary,1,0.95,0.8,1.0,8,0.0
local_sign+binary,1,0.95,0.8,1.0,9,0.0027315616607666016
local_sign+binary,1,0.95,0.8,1.0,10,0.0
global_sign_pres,1,0.95,0.8,1.0,1,3.1306777000427246
global_sign_pres,1,0.95,0.8,1.0,2,0.0002791881561279297
global_sign_pres,1,0.95,0.8,1.0,3,0.0
global_sign_pres,1,0.95,0.8,1.0,4,0.0
global_sign_pres,1,0.95,0.8,1.0,5,0.12659567594528198
global_sign_pres,1,0.95,0.8,1.0,6,0.0
global_sign_pres,1,0.95,0.8,1.0,7,0.0
global_sign_pres,1,0.95,0.8,1.0,8,0.026356816291809082
global_sign_pres,1,0.95,0.8,1.0,9,0.0
global_sign_pres,1,0.95,0.8,1.0,10,0.030604779720306396
binary+shuffle,1,0.95,0.8,1.0,1,2.8826425075531006
binary+shuffle,1,0.95,0.8,1.0,2,0.0
binary+shuffle,1,0.95,0.8,1.0,3,0.6614431738853455
binary+shuffle,1,0.95,0.8,1.0,4,1.7464160919189453e-05
binary+shuffle,1,0.95,0.8,1.0,5,0.4404759407043457
binary+shuffle,1,0.95,0.8,1.0,6,0.0
binary+shuffle,1,0.95,0.8,1.0,7,0.007336556911468506
binary+shuffle,1,0.95,0.8,1.0,8,0.003401815891265869
binary+shuffle,1,0.95,0.8,1.0,9,0.0
binary+shuffle,1,0.95,0.8,1.0,10,0.0
real,2,0.95,0.8,1.0,1,2.879848301410675
real,2,0.95,0.8,1.0,2,0.00030559301376342773
real,2,0.95,0.8,1.0,3,1.1210903525352478
real,2,0.95,0.8,1.0,4,2.771615982055664e-05
real,2,0.95,0.8,1.0,5,0.011355757713317871
real,2,0.95,0.8,1.0,6,0.0
real,2,0.95,0.8,1.0,7,0.016014516353607178
real,2,0.95,0.8,1.0,8,0.0015489459037780762
real,2,0.95,0.8,1.0,9,0.0
real,2,0.95,0.8,1.0,10,8.279085159301758e-05
shuffle_weights,2,0.95,0.8,1.0,1,2.4480579495429993
shuffle_weights,2,0.95,0.8,1.0,2,0.00045806169509887695
shuffle_weights,2,0.95,0.8,1.0,3,1.6599915027618408
shuffle_weights,2,0.95,0.8,1.0,4,0.0
shuffle_weights,2,0.95,0.8,1.0,5,0.44927746057510376
shuffle_weights,2,0.95,0.8,1.0,6,0.0
shuffle_weights,2,0.95,0.8,1.0,7,0.0
shuffle_weights,2,0.95,0.8,1.0,8,0.0012496709823608398
shuffle_weights,2,0.95,0.8,1.0,9,0.0
shuffle_weights,2,0.95,0.8,1.0,10,0.00031512975692749023
cel_randN,2,0.95,0.8,1.0,1,6.632277309894562
cel_randN,2,0.95,0.8,1.0,2,0.0007843375205993652
cel_randN,2,0.95,0.8,1.0,3,2.7994110584259033
cel_randN,2,0.95,0.8,1.0,4,1.0967254638671875e-05
cel_randN,2,0.95,0.8,1.0,5,0.7924659252166748
cel_randN,2,0.95,0.8,1.0,6,0.0
cel_randN,2,0.95,0.8,1.0,7,0.0
cel_randN,2,0.95,0.8,1.0,8,0.0026116371154785156
cel_randN,2,0.95,0.8,1.0,9,0.0
cel_randN,2,0.95,0.8,1.0,10,0.0018627643585205078
er_randN,2,0.95,0.8,1.0,1,8.501224935054779
er_randN,2,0.95,0.8,1.0,2,0.0
er_randN,2,0.95,0.8,1.0,3,3.912098526954651
er_randN,2,0.95,0.8,1.0,4,0.0
er_randN,2,0.95,0.8,1.0,5,0.5882368087768555
er_randN,2,0.95,0.8,1.0,6,0.0
er_randN,2,0.95,0.8,1.0,7,0.0
er_randN,2,0.95,0.8,1.0,8,1.2516975402832031e-06
er_randN,2,0.95,0.8,1.0,9,0.0
er_randN,2,0.95,0.8,1.0,10,8.58306884765625e-06
ws_p01_randN,2,0.95,0.8,1.0,1,8.571837842464447
ws_p01_randN,2,0.95,0.8,1.0,2,5.0067901611328125e-06
ws_p01_randN,2,0.95,0.8,1.0,3,4.076910376548767
ws_p01_randN,2,0.95,0.8,1.0,4,0.0
ws_p01_randN,2,0.95,0.8,1.0,5,0.8363461494445801
ws_p01_randN,2,0.95,0.8,1.0,6,0.0
ws_p01_randN,2,0.95,0.8,1.0,7,0.0
ws_p01_randN,2,0.95,0.8,1.0,8,1.2218952178955078e-05
ws_p01_randN,2,0.95,0.8,1.0,9,0.0
ws_p01_randN,2,0.95,0.8,1.0,10,3.516674041748047e-06
conn_shuf,2,0.95,0.8,1.0,1,3.1094409823417664
conn_shuf,2,0.95,0.8,1.0,2,0.0
conn_shuf,2,0.95,0.8,1.0,3,1.2067906856536865
conn_shuf,2,0.95,0.8,1.0,4,0.0
conn_shuf,2,0.95,0.8,1.0,5,0.0017748475074768066
conn_shuf,2,0.95,0.8,1.0,6,0.00019550323486328125
conn_shuf,2,0.95,0.8,1.0,7,0.0
conn_shuf,2,0.95,0.8,1.0,8,0.0
conn_shuf,2,0.95,0.8,1.0,9,0.003575623035430908
conn_shuf,2,0.95,0.8,1.0,10,0.0
local_sign,2,0.95,0.8,1.0,1,2.158002734184265
local_sign,2,0.95,0.8,1.0,2,0.0
local_sign,2,0.95,0.8,1.0,3,0.034570395946502686
local_sign,2,0.95,0.8,1.0,4,0.0
local_sign,2,0.95,0.8,1.0,5,0.28582024574279785
local_sign,2,0.95,0.8,1.0,6,0.0
local_sign,2,0.95,0.8,1.0,7,3.147125244140625e-05
local_sign,2,0.95,0.8,1.0,8,0.0
local_sign,2,0.95,0.8,1.0,9,0.15463370084762573
local_sign,2,0.95,0.8,1.0,10,0.0
conn_shuf_only,2,0.95,0.8,1.0,1,2.82522052526474
conn_shuf_only,2,0.95,0.8,1.0,2,0.0
conn_shuf_only,2,0.95,0.8,1.0,3,0.9700127840042114
conn_shuf_only,2,0.95,0.8,1.0,4,1.3709068298339844e-06
conn_shuf_only,2,0.95,0.8,1.0,5,0.3930557370185852
conn_shuf_only,2,0.95,0.8,1.0,6,9.995698928833008e-05
conn_shuf_only,2,0.95,0.8,1.0,7,0.0009290575981140137
conn_shuf_only,2,0.95,0.8,1.0,8,0.0
conn_shuf_only,2,0.95,0.8,1.0,9,0.0021480321884155273
conn_shuf_only,2,0.95,0.8,1.0,10,0.0
cel_sample,2,0.95,0.8,1.0,1,2.319518804550171
cel_sample,2,0.95,0.8,1.0,2,0.000433504581451416
cel_sample,2,0.95,0.8,1.0,3,0.8361711502075195
cel_sample,2,0.95,0.8,1.0,4,0.0
cel_sample,2,0.95,0.8,1.0,5,0.0027375221252441406
cel_sample,2,0.95,0.8,1.0,6,0.0
cel_sample,2,0.95,0.8,1.0,7,0.0020720362663269043
cel_sample,2,0.95,0.8,1.0,8,0.0
cel_sample,2,0.95,0.8,1.0,9,0.004567563533782959
cel_sample,2,0.95,0.8,1.0,10,0.0
local_sign+flat,2,0.95,0.8,1.0,1,4.085262596607208
local_sign+flat,2,0.95,0.8,1.0,2,0.0002759695053100586
local_sign+flat,2,0.95,0.8,1.0,3,1.1334654092788696
local_sign+flat,2,0.95,0.8,1.0,4,0.0
local_sign+flat,2,0.95,0.8,1.0,5,0.0005271434783935547
local_sign+flat,2,0.95,0.8,1.0,6,0.0
local_sign+flat,2,0.95,0.8,1.0,7,0.0
local_sign+flat,2,0.95,0.8,1.0,8,0.0002276897430419922
local_sign+flat,2,0.95,0.8,1.0,9,0.0
local_sign+flat,2,0.95,0.8,1.0,10,0.0006908178329467773
local_sign+sample,2,0.95,0.8,1.0,1,3.842370092868805
local_sign+sample,2,0.95,0.8,1.0,2,0.0008524656295776367
local_sign+sample,2,0.95,0.8,1.0,3,1.9005132913589478
local_sign+sample,2,0.95,0.8,1.0,4,2.384185791015625e-07
local_sign+sample,2,0.95,0.8,1.0,5,0.0
local_sign+sample,2,0.95,0.8,1.0,6,0.00045418739318847656
local_sign+sample,2,0.95,0.8,1.0,7,0.0
local_sign+sample,2,0.95,0.8,1.0,8,0.0004608631134033203
local_sign+sample,2,0.95,0.8,1.0,9,0.0
local_sign+sample,2,0.95,0.8,1.0,10,0.00035762786865234375
local_sign+binary,2,0.95,0.8,1.0,1,2.2096575498580933
local_sign+binary,2,0.95,0.8,1.0,2,0.0
local_sign+binary,2,0.95,0.8,1.0,3,0.2526295781135559
local_sign+binary,2,0.95,0.8,1.0,4,0.0
local_sign+binary,2,0.95,0.8,1.0,5,0.07376712560653687
local_sign+binary,2,0.95,0.8,1.0,6,0.01609933376312256
local_sign+binary,2,0.95,0.8,1.0,7,0.0
local_sign+binary,2,0.95,0.8,1.0,8,0.0
local_sign+binary,2,0.95,0.8,1.0,9,0.018944203853607178
local_sign+binary,2,0.95,0.8,1.0,10,0.002502262592315674
global_sign_pres,2,0.95,0.8,1.0,1,2.476884365081787
global_sign_pres,2,0.95,0.8,1.0,2,0.0
global_sign_pres,2,0.95,0.8,1.0,3,0.0
global_sign_pres,2,0.95,0.8,1.0,4,2.9385089874267578e-05
global_sign_pres,2,0.95,0.8,1.0,5,0.0
global_sign_pres,2,0.95,0.8,1.0,6,0.00046646595001220703
global_sign_pres,2,0.95,0.8,1.0,7,0.0
global_sign_pres,2,0.95,0.8,1.0,8,3.057718276977539e-05
global_sign_pres,2,0.95,0.8,1.0,9,0.0
global_sign_pres,2,0.95,0.8,1.0,10,0.0004534721374511719
binary+shuffle,2,0.95,0.8,1.0,1,2.6448628902435303
binary+shuffle,2,0.95,0.8,1.0,2,0.0
binary+shuffle,2,0.95,0.8,1.0,3,0.8641260266304016
binary+shuffle,2,0.95,0.8,1.0,4,0.0
binary+shuffle,2,0.95,0.8,1.0,5,0.7696114182472229
binary+shuffle,2,0.95,0.8,1.0,6,0.0078810453414917
binary+shuffle,2,0.95,0.8,1.0,7,0.0
binary+shuffle,2,0.95,0.8,1.0,8,0.0
binary+shuffle,2,0.95,0.8,1.0,9,0.006852388381958008
binary+shuffle,2,0.95,0.8,1.0,10,0.0014487504959106445
real,3,0.95,0.8,1.0,1,1.344635546207428
real,3,0.95,0.8,1.0,2,0.0
real,3,0.95,0.8,1.0,3,0.9452663064002991
real,3,0.95,0.8,1.0,4,0.0001760721206665039
real,3,0.95,0.8,1.0,5,0.6303567290306091
real,3,0.95,0.8,1.0,6,0.0
real,3,0.95,0.8,1.0,7,0.0
real,3,0.95,0.8,1.0,8,0.0016672015190124512
real,3,0.95,0.8,1.0,9,0.0
real,3,0.95,0.8,1.0,10,0.0007515549659729004
shuffle_weights,3,0.95,0.8,1.0,1,2.9500616788864136
shuffle_weights,3,0.95,0.8,1.0,2,0.0
shuffle_weights,3,0.95,0.8,1.0,3,0.0
shuffle_weights,3,0.95,0.8,1.0,4,1.4185905456542969e-05
shuffle_weights,3,0.95,0.8,1.0,5,0.005857110023498535
shuffle_weights,3,0.95,0.8,1.0,6,0.0
shuffle_weights,3,0.95,0.8,1.0,7,0.0
shuffle_weights,3,0.95,0.8,1.0,8,0.03504073619842529
shuffle_weights,3,0.95,0.8,1.0,9,0.0
shuffle_weights,3,0.95,0.8,1.0,10,0.011216938495635986
cel_randN,3,0.95,0.8,1.0,1,7.68426376581192
cel_randN,3,0.95,0.8,1.0,2,0.0015375018119812012
cel_randN,3,0.95,0.8,1.0,3,3.4037851691246033
cel_randN,3,0.95,0.8,1.0,4,0.0
cel_randN,3,0.95,0.8,1.0,5,0.8195272088050842
cel_randN,3,0.95,0.8,1.0,6,0.0
cel_randN,3,0.95,0.8,1.0,7,0.00043392181396484375
cel_randN,3,0.95,0.8,1.0,8,0.0009642839431762695
cel_randN,3,0.95,0.8,1.0,9,0.0
cel_randN,3,0.95,0.8,1.0,10,2.9802322387695312e-05
er_randN,3,0.95,0.8,1.0,1,8.763276100158691
er_randN,3,0.95,0.8,1.0,2,0.0
er_randN,3,0.95,0.8,1.0,3,4.329576849937439
er_randN,3,0.95,0.8,1.0,4,1.1920928955078125e-06
er_randN,3,0.95,0.8,1.0,5,0.8689144253730774
er_randN,3,0.95,0.8,1.0,6,0.0
er_randN,3,0.95,0.8,1.0,7,0.00048339366912841797
er_randN,3,0.95,0.8,1.0,8,1.3113021850585938e-06
er_randN,3,0.95,0.8,1.0,9,2.086162567138672e-06
er_randN,3,0.95,0.8,1.0,10,3.546476364135742e-05
ws_p01_randN,3,0.95,0.8,1.0,1,8.901753962039948
ws_p01_randN,3,0.95,0.8,1.0,2,0.0
ws_p01_randN,3,0.95,0.8,1.0,3,4.092533826828003
ws_p01_randN,3,0.95,0.8,1.0,4,0.0
ws_p01_randN,3,0.95,0.8,1.0,5,0.7716209888458252
ws_p01_randN,3,0.95,0.8,1.0,6,6.973743438720703e-06
ws_p01_randN,3,0.95,0.8,1.0,7,2.7418136596679688e-06
ws_p01_randN,3,0.95,0.8,1.0,8,0.0
ws_p01_randN,3,0.95,0.8,1.0,9,1.3530254364013672e-05
ws_p01_randN,3,0.95,0.8,1.0,10,2.1457672119140625e-06
conn_shuf,3,0.95,0.8,1.0,1,2.0508680939674377
conn_shuf,3,0.95,0.8,1.0,2,0.0013006329536437988
conn_shuf,3,0.95,0.8,1.0,3,0.9677847623825073
conn_shuf,3,0.95,0.8,1.0,4,1.5854835510253906e-05
conn_shuf,3,0.95,0.8,1.0,5,0.0
conn_shuf,3,0.95,0.8,1.0,6,0.0
conn_shuf,3,0.95,0.8,1.0,7,0.0018215179443359375
conn_shuf,3,0.95,0.8,1.0,8,0.0006909370422363281
conn_shuf,3,0.95,0.8,1.0,9,0.0
conn_shuf,3,0.95,0.8,1.0,10,0.0
local_sign,3,0.95,0.8,1.0,1,2.294785439968109
local_sign,3,0.95,0.8,1.0,2,0.0
local_sign,3,0.95,0.8,1.0,3,1.8873525857925415
local_sign,3,0.95,0.8,1.0,4,1.919269561767578e-05
local_sign,3,0.95,0.8,1.0,5,0.0
local_sign,3,0.95,0.8,1.0,6,0.003611743450164795
local_sign,3,0.95,0.8,1.0,7,0.0
local_sign,3,0.95,0.8,1.0,8,0.00029081106185913086
local_sign,3,0.95,0.8,1.0,9,0.00031870603561401367
local_sign,3,0.95,0.8,1.0,10,0.0015788078308105469
conn_shuf_only,3,0.95,0.8,1.0,1,3.0348215103149414
conn_shuf_only,3,0.95,0.8,1.0,2,0.016989707946777344
conn_shuf_only,3,0.95,0.8,1.0,3,0.19080543518066406
conn_shuf_only,3,0.95,0.8,1.0,4,0.0
conn_shuf_only,3,0.95,0.8,1.0,5,0.0
conn_shuf_only,3,0.95,0.8,1.0,6,0.0
conn_shuf_only,3,0.95,0.8,1.0,7,0.017048180103302002
conn_shuf_only,3,0.95,0.8,1.0,8,0.007613539695739746
conn_shuf_only,3,0.95,0.8,1.0,9,0.0
conn_shuf_only,3,0.95,0.8,1.0,10,0.0
cel_sample,3,0.95,0.8,1.0,1,2.3239395022392273
cel_sample,3,0.95,0.8,1.0,2,0.0028702616691589355
cel_sample,3,0.95,0.8,1.0,3,0.8184252381324768
cel_sample,3,0.95,0.8,1.0,4,0.0
cel_sample,3,0.95,0.8,1.0,5,0.0
cel_sample,3,0.95,0.8,1.0,6,0.004731357097625732
cel_sample,3,0.95,0.8,1.0,7,0.002848505973815918
cel_sample,3,0.95,0.8,1.0,8,0.0
cel_sample,3,0.95,0.8,1.0,9,0.0011832118034362793
cel_sample,3,0.95,0.8,1.0,10,0.0
local_sign+flat,3,0.95,0.8,1.0,1,2.6098689436912537
local_sign+flat,3,0.95,0.8,1.0,2,0.0064293742179870605
local_sign+flat,3,0.95,0.8,1.0,3,1.2137564420700073
local_sign+flat,3,0.95,0.8,1.0,4,7.510185241699219e-06
local_sign+flat,3,0.95,0.8,1.0,5,0.0
local_sign+flat,3,0.95,0.8,1.0,6,0.015315532684326172
local_sign+flat,3,0.95,0.8,1.0,7,0.0
local_sign+flat,3,0.95,0.8,1.0,8,0.00930929183959961
local_sign+flat,3,0.95,0.8,1.0,9,0.0
local_sign+flat,3,0.95,0.8,1.0,10,0.007713794708251953
local_sign+sample,3,0.95,0.8,1.0,1,3.0860660076141357
local_sign+sample,3,0.95,0.8,1.0,2,0.0030170679092407227
local_sign+sample,3,0.95,0.8,1.0,3,1.874741554260254
local_sign+sample,3,0.95,0.8,1.0,4,0.0
local_sign+sample,3,0.95,0.8,1.0,5,0.5390665531158447
local_sign+sample,3,0.95,0.8,1.0,6,0.0
local_sign+sample,3,0.95,0.8,1.0,7,0.012648284435272217
local_sign+sample,3,0.95,0.8,1.0,8,0.007785379886627197
local_sign+sample,3,0.95,0.8,1.0,9,0.0
local_sign+sample,3,0.95,0.8,1.0,10,0.003770172595977783
local_sign+binary,3,0.95,0.8,1.0,1,2.905273199081421
local_sign+binary,3,0.95,0.8,1.0,2,0.004627823829650879
local_sign+binary,3,0.95,0.8,1.0,3,0.41966962814331055
local_sign+binary,3,0.95,0.8,1.0,4,3.2186508178710938e-06
local_sign+binary,3,0.95,0.8,1.0,5,0.0009085536003112793
local_sign+binary,3,0.95,0.8,1.0,6,0.0
local_sign+binary,3,0.95,0.8,1.0,7,0.0009862184524536133
local_sign+binary,3,0.95,0.8,1.0,8,0.0015947818756103516
local_sign+binary,3,0.95,0.8,1.0,9,0.0
local_sign+binary,3,0.95,0.8,1.0,10,0.0
global_sign_pres,3,0.95,0.8,1.0,1,2.6199206709861755
global_sign_pres,3,0.95,0.8,1.0,2,0.014884889125823975
global_sign_pres,3,0.95,0.8,1.0,3,0.5082301497459412
global_sign_pres,3,0.95,0.8,1.0,4,5.370378494262695e-05
global_sign_pres,3,0.95,0.8,1.0,5,0.0
global_sign_pres,3,0.95,0.8,1.0,6,0.015100717544555664
global_sign_pres,3,0.95,0.8,1.0,7,0.0
global_sign_pres,3,0.95,0.8,1.0,8,0.017758607864379883
global_sign_pres,3,0.95,0.8,1.0,9,0.0
global_sign_pres,3,0.95,0.8,1.0,10,0.02403789758682251
binary+shuffle,3,0.95,0.8,1.0,1,2.332362115383148
binary+shuffle,3,0.95,0.8,1.0,2,0.0
binary+shuffle,3,0.95,0.8,1.0,3,1.9292701482772827
binary+shuffle,3,0.95,0.8,1.0,4,6.324052810668945e-05
binary+shuffle,3,0.95,0.8,1.0,5,1.0329067707061768
binary+shuffle,3,0.95,0.8,1.0,6,0.0
binary+shuffle,3,0.95,0.8,1.0,7,0.028070509433746338
binary+shuffle,3,0.95,0.8,1.0,8,0.0
binary+shuffle,3,0.95,0.8,1.0,9,0.0010344982147216797
binary+shuffle,3,0.95,0.8,1.0,10,0.0
real,4,0.95,0.8,1.0,1,2.651754856109619
real,4,0.95,0.8,1.0,2,0.0
real,4,0.95,0.8,1.0,3,2.009535491466522
real,4,0.95,0.8,1.0,4,0.0
real,4,0.95,0.8,1.0,5,0.35660219192504883
real,4,0.95,0.8,1.0,6,0.004260838031768799
real,4,0.95,0.8,1.0,7,0.0021883249282836914
real,4,0.95,0.8,1.0,8,0.0
real,4,0.95,0.8,1.0,9,0.006432592868804932
real,4,0.95,0.8,1.0,10,0.0
shuffle_weights,4,0.95,0.8,1.0,1,2.83739697933197
shuffle_weights,4,0.95,0.8,1.0,2,0.0
shuffle_weights,4,0.95,0.8,1.0,3,1.1204514503479004
shuffle_weights,4,0.95,0.8,1.0,4,2.562999725341797e-06
shuffle_weights,4,0.95,0.8,1.0,5,0.6112912893295288
shuffle_weights,4,0.95,0.8,1.0,6,0.0
shuffle_weights,4,0.95,0.8,1.0,7,0.00033420324325561523
shuffle_weights,4,0.95,0.8,1.0,8,0.00017631053924560547
shuffle_weights,4,0.95,0.8,1.0,9,0.0003802776336669922
shuffle_weights,4,0.95,0.8,1.0,10,0.0
cel_randN,4,0.95,0.8,1.0,1,7.292307019233704
cel_randN,4,0.95,0.8,1.0,2,0.0025145411491394043
cel_randN,4,0.95,0.8,1.0,3,3.0905702710151672
cel_randN,4,0.95,0.8,1.0,4,0.0
cel_randN,4,0.95,0.8,1.0,5,0.6961303353309631
cel_randN,4,0.95,0.8,1.0,6,0.0
cel_randN,4,0.95,0.8,1.0,7,0.06968528032302856
cel_randN,4,0.95,0.8,1.0,8,0.0
cel_randN,4,0.95,0.8,1.0,9,0.012415170669555664
cel_randN,4,0.95,0.8,1.0,10,0.0
er_randN,4,0.95,0.8,1.0,1,8.164959013462067
er_randN,4,0.95,0.8,1.0,2,0.0
er_randN,4,0.95,0.8,1.0,3,3.7233614921569824
er_randN,4,0.95,0.8,1.0,4,0.0
er_randN,4,0.95,0.8,1.0,5,1.0710387229919434
er_randN,4,0.95,0.8,1.0,6,0.0
er_randN,4,0.95,0.8,1.0,7,5.245208740234375e-06
er_randN,4,0.95,0.8,1.0,8,2.205371856689453e-06
er_randN,4,0.95,0.8,1.0,9,0.0
er_randN,4,0.95,0.8,1.0,10,4.589557647705078e-06
ws_p01_randN,4,0.95,0.8,1.0,1,8.41281008720398
ws_p01_randN,4,0.95,0.8,1.0,2,5.543231964111328e-06
ws_p01_randN,4,0.95,0.8,1.0,3,3.555996358394623
ws_p01_randN,4,0.95,0.8,1.0,4,0.0
ws_p01_randN,4,0.95,0.8,1.0,5,0.532067060470581
ws_p01_randN,4,0.95,0.8,1.0,6,0.0
ws_p01_randN,4,0.95,0.8,1.0,7,6.9141387939453125e-06
ws_p01_randN,4,0.95,0.8,1.0,8,0.0
ws_p01_randN,4,0.95,0.8,1.0,9,6.854534149169922e-06
ws_p01_randN,4,0.95,0.8,1.0,10,0.0
conn_shuf,4,0.95,0.8,1.0,1,2.6888803839683533
conn_shuf,4,0.95,0.8,1.0,2,0.000647127628326416
conn_shuf,4,0.95,0.8,1.0,3,1.6677380204200745
conn_shuf,4,0.95,0.8,1.0,4,0.0
conn_shuf,4,0.95,0.8,1.0,5,9.042024612426758e-05
conn_shuf,4,0.95,0.8,1.0,6,0.0
conn_shuf,4,0.95,0.8,1.0,7,0.00027239322662353516
conn_shuf,4,0.95,0.8,1.0,8,0.0005068778991699219
conn_shuf,4,0.95,0.8,1.0,9,0.0
conn_shuf,4,0.95,0.8,1.0,10,0.0
local_sign,4,0.95,0.8,1.0,1,2.3516436219215393
local_sign,4,0.95,0.8,1.0,2,0.005542159080505371
local_sign,4,0.95,0.8,1.0,3,0.19663655757904053
local_sign,4,0.95,0.8,1.0,4,0.0
local_sign,4,0.95,0.8,1.0,5,0.672488272190094
local_sign,4,0.95,0.8,1.0,6,0.0
local_sign,4,0.95,0.8,1.0,7,0.06927347183227539
local_sign,4,0.95,0.8,1.0,8,0.0
local_sign,4,0.95,0.8,1.0,9,0.050703585147857666
local_sign,4,0.95,0.8,1.0,10,0.0
conn_shuf_only,4,0.95,0.8,1.0,1,4.077310800552368
conn_shuf_only,4,0.95,0.8,1.0,2,0.002203524112701416
conn_shuf_only,4,0.95,0.8,1.0,3,2.122816801071167
conn_shuf_only,4,0.95,0.8,1.0,4,0.0
conn_shuf_only,4,0.95,0.8,1.0,5,0.492803156375885
conn_shuf_only,4,0.95,0.8,1.0,6,0.010238468647003174
conn_shuf_only,4,0.95,0.8,1.0,7,0.0
conn_shuf_only,4,0.95,0.8,1.0,8,7.355213165283203e-05
conn_shuf_only,4,0.95,0.8,1.0,9,0.0
conn_shuf_only,4,0.95,0.8,1.0,10,0.006687939167022705
cel_sample,4,0.95,0.8,1.0,1,3.559825122356415
cel_sample,4,0.95,0.8,1.0,2,0.00218355655670166
cel_sample,4,0.95,0.8,1.0,3,1.9082443118095398
cel_sample,4,0.95,0.8,1.0,4,2.5153160095214844e-05
cel_sample,4,0.95,0.8,1.0,5,0.9202379584312439
cel_sample,4,0.95,0.8,1.0,6,0.0
cel_sample,4,0.95,0.8,1.0,7,0.0
cel_sample,4,0.95,0.8,1.0,8,0.0031076669692993164
cel_sample,4,0.95,0.8,1.0,9,0.0
cel_sample,4,0.95,0.8,1.0,10,0.0034593939781188965
local_sign+flat,4,0.95,0.8,1.0,1,2.08372700214386
local_sign+flat,4,0.95,0.8,1.0,2,0.003560006618499756
local_sign+flat,4,0.95,0.8,1.0,3,0.7222437858581543
local_sign+flat,4,0.95,0.8,1.0,4,4.07099723815918e-05
local_sign+flat,4,0.95,0.8,1.0,5,0.0
local_sign+flat,4,0.95,0.8,1.0,6,0.008031964302062988
local_sign+flat,4,0.95,0.8,1.0,7,0.08233243227005005
local_sign+flat,4,0.95,0.8,1.0,8,0.0
local_sign+flat,4,0.95,0.8,1.0,9,0.025975584983825684
local_sign+flat,4,0.95,0.8,1.0,10,0.0
local_sign+sample,4,0.95,0.8,1.0,1,2.677482485771179
local_sign+sample,4,0.95,0.8,1.0,2,0.005996882915496826
local_sign+sample,4,0.95,0.8,1.0,3,1.6523871421813965
local_sign+sample,4,0.95,0.8,1.0,4,4.172325134277344e-07
local_sign+sample,4,0.95,0.8,1.0,5,0.5123590230941772
local_sign+sample,4,0.95,0.8,1.0,6,0.01026684045791626
local_sign+sample,4,0.95,0.8,1.0,7,0.0
local_sign+sample,4,0.95,0.8,1.0,8,0.0031831860542297363
local_sign+sample,4,0.95,0.8,1.0,9,0.0
local_sign+sample,4,0.95,0.8,1.0,10,0.007232666015625
local_sign+binary,4,0.95,0.8,1.0,1,2.4316660165786743
local_sign+binary,4,0.95,0.8,1.0,2,0.0034677982330322266
local_sign+binary,4,0.95,0.8,1.0,3,1.1716641783714294
local_sign+binary,4,0.95,0.8,1.0,4,1.1861324310302734e-05
local_sign+binary,4,0.95,0.8,1.0,5,0.4115610718727112
local_sign+binary,4,0.95,0.8,1.0,6,0.0
local_sign+binary,4,0.95,0.8,1.0,7,0.0017868876457214355
local_sign+binary,4,0.95,0.8,1.0,8,0.0035712122917175293
local_sign+binary,4,0.95,0.8,1.0,9,0.0
local_sign+binary,4,0.95,0.8,1.0,10,0.0
global_sign_pres,4,0.95,0.8,1.0,1,2.1588631868362427
global_sign_pres,4,0.95,0.8,1.0,2,0.05550593137741089
global_sign_pres,4,0.95,0.8,1.0,3,0.7062796354293823
global_sign_pres,4,0.95,0.8,1.0,4,0.0
global_sign_pres,4,0.95,0.8,1.0,5,0.0
global_sign_pres,4,0.95,0.8,1.0,6,0.0
global_sign_pres,4,0.95,0.8,1.0,7,0.06826084852218628
global_sign_pres,4,0.95,0.8,1.0,8,0.06718695163726807
global_sign_pres,4,0.95,0.8,1.0,9,0.0
global_sign_pres,4,0.95,0.8,1.0,10,0.0
binary+shuffle,4,0.95,0.8,1.0,1,2.4485100507736206
binary+shuffle,4,0.95,0.8,1.0,2,0.0
binary+shuffle,4,0.95,0.8,1.0,3,1.1584925055503845
binary+shuffle,4,0.95,0.8,1.0,4,0.0
binary+shuffle,4,0.95,0.8,1.0,5,0.00378572940826416
binary+shuffle,4,0.95,0.8,1.0,6,0.0
binary+shuffle,4,0.95,0.8,1.0,7,0.002322971820831299
binary+shuffle,4,0.95,0.8,1.0,8,0.0
binary+shuffle,4,0.95,0.8,1.0,9,0.002121865749359131
binary+shuffle,4,0.95,0.8,1.0,10,0.0
real,5,0.95,0.8,1.0,1,3.6715469360351562
real,5,0.95,0.8,1.0,2,0.0
real,5,0.95,0.8,1.0,3,1.039719045162201
real,5,0.95,0.8,1.0,4,0.0
real,5,0.95,0.8,1.0,5,0.14827865362167358
real,5,0.95,0.8,1.0,6,0.0
real,5,0.95,0.8,1.0,7,0.001673877239227295
real,5,0.95,0.8,1.0,8,0.0
real,5,0.95,0.8,1.0,9,0.004084944725036621
real,5,0.95,0.8,1.0,10,0.0
shuffle_weights,5,0.95,0.8,1.0,1,1.9818181991577148
shuffle_weights,5,0.95,0.8,1.0,2,0.0010769367218017578
shuffle_weights,5,0.95,0.8,1.0,3,1.0735517144203186
shuffle_weights,5,0.95,0.8,1.0,4,1.1861324310302734e-05
shuffle_weights,5,0.95,0.8,1.0,5,0.326820969581604
shuffle_weights,5,0.95,0.8,1.0,6,0.0010509490966796875
shuffle_weights,5,0.95,0.8,1.0,7,0.00018352270126342773
shuffle_weights,5,0.95,0.8,1.0,8,0.0021973252296447754
shuffle_weights,5,0.95,0.8,1.0,9,0.0
shuffle_weights,5,0.95,0.8,1.0,10,0.0
cel_randN,5,0.95,0.8,1.0,1,7.147921025753021
cel_randN,5,0.95,0.8,1.0,2,0.0011230707168579102
cel_randN,5,0.95,0.8,1.0,3,3.4762917160987854
cel_randN,5,0.95,0.8,1.0,4,0.0
cel_randN,5,0.95,0.8,1.0,5,1.2329434752464294
cel_randN,5,0.95,0.8,1.0,6,0.0
cel_randN,5,0.95,0.8,1.0,7,0.0006835460662841797
cel_randN,5,0.95,0.8,1.0,8,0.0019533634185791016
cel_randN,5,0.95,0.8,1.0,9,0.0
cel_randN,5,0.95,0.8,1.0,10,0.0
er_randN,5,0.95,0.8,1.0,1,8.243397116661072
er_randN,5,0.95,0.8,1.0,2,0.0
er_randN,5,0.95,0.8,1.0,3,3.7369755506515503
er_randN,5,0.95,0.8,1.0,4,0.0
er_randN,5,0.95,0.8,1.0,5,0.7038330435752869
er_randN,5,0.95,0.8,1.0,6,0.0
er_randN,5,0.95,0.8,1.0,7,1.9669532775878906e-06
er_randN,5,0.95,0.8,1.0,8,1.7762184143066406e-05
er_randN,5,0.95,0.8,1.0,9,0.0
er_randN,5,0.95,0.8,1.0,10,0.0
ws_p01_randN,5,0.95,0.8,1.0,1,7.905560374259949
ws_p01_randN,5,0.95,0.8,1.0,2,0.0
ws_p01_randN,5,0.95,0.8,1.0,3,3.6970462799072266
ws_p01_randN,5,0.95,0.8,1.0,4,1.7881393432617188e-07
ws_p01_randN,5,0.95,0.8,1.0,5,0.5605921149253845
ws_p01_randN,5,0.95,0.8,1.0,6,0.0
ws_p01_randN,5,0.95,0.8,1.0,7,9.238719940185547e-06
ws_p01_randN,5,0.95,0.8,1.0,8,0.0
ws_p01_randN,5,0.95,0.8,1.0,9,1.2218952178955078e-05
ws_p01_randN,5,0.95,0.8,1.0,10,0.0
conn_shuf,5,0.95,0.8,1.0,1,4.102882266044617
conn_shuf,5,0.95,0.8,1.0,2,0.003063380718231201
conn_shuf,5,0.95,0.8,1.0,3,1.6920560598373413
conn_shuf,5,0.95,0.8,1.0,4,0.0
conn_shuf,5,0.95,0.8,1.0,5,0.0
conn_shuf,5,0.95,0.8,1.0,6,0.0
conn_shuf,5,0.95,0.8,1.0,7,0.012728512287139893
conn_shuf,5,0.95,0.8,1.0,8,0.0035317540168762207
conn_shuf,5,0.95,0.8,1.0,9,0.0
conn_shuf,5,0.95,0.8,1.0,10,0.0
local_sign,5,0.95,0.8,1.0,1,4.078985393047333
local_sign,5,0.95,0.8,1.0,2,0.0003383159637451172
local_sign,5,0.95,0.8,1.0,3,1.0972464680671692
local_sign,5,0.95,0.8,1.0,4,1.8298625946044922e-05
local_sign,5,0.95,0.8,1.0,5,0.4465864896774292
local_sign,5,0.95,0.8,1.0,6,0.0
local_sign,5,0.95,0.8,1.0,7,0.0
local_sign,5,0.95,0.8,1.0,8,0.0042670369148254395
local_sign,5,0.95,0.8,1.0,9,0.0
local_sign,5,0.95,0.8,1.0,10,0.0010545849800109863
conn_shuf_only,5,0.95,0.8,1.0,1,3.7040351033210754
conn_shuf_only,5,0.95,0.8,1.0,2,0.009218990802764893
conn_shuf_only,5,0.95,0.8,1.0,3,1.4875175952911377
conn_shuf_only,5,0.95,0.8,1.0,4,0.0
conn_shuf_only,5,0.95,0.8,1.0,5,0.5817469358444214
conn_shuf_only,5,0.95,0.8,1.0,6,0.030022501945495605
conn_shuf_only,5,0.95,0.8,1.0,7,0.0013791918754577637
conn_shuf_only,5,0.95,0.8,1.0,8,0.0
conn_shuf_only,5,0.95,0.8,1.0,9,0.0022101998329162598
conn_shuf_only,5,0.95,0.8,1.0,10,0.0
cel_sample,5,0.95,0.8,1.0,1,3.336708962917328
cel_sample,5,0.95,0.8,1.0,2,0.0002646446228027344
cel_sample,5,0.95,0.8,1.0,3,1.3909894824028015
cel_sample,5,0.95,0.8,1.0,4,0.0
cel_sample,5,0.95,0.8,1.0,5,0.6524131894111633
cel_sample,5,0.95,0.8,1.0,6,0.0003706812858581543
cel_sample,5,0.95,0.8,1.0,7,0.000254213809967041
cel_sample,5,0.95,0.8,1.0,8,0.0
cel_sample,5,0.95,0.8,1.0,9,0.00022590160369873047
cel_sample,5,0.95,0.8,1.0,10,0.0
local_sign+flat,5,0.95,0.8,1.0,1,1.8122535943984985
local_sign+flat,5,0.95,0.8,1.0,2,0.0
local_sign+flat,5,0.95,0.8,1.0,3,1.1320908069610596
local_sign+flat,5,0.95,0.8,1.0,4,0.0
local_sign+flat,5,0.95,0.8,1.0,5,0.0
local_sign+flat,5,0.95,0.8,1.0,6,0.0002568364143371582
local_sign+flat,5,0.95,0.8,1.0,7,8.893013000488281e-05
local_sign+flat,5,0.95,0.8,1.0,8,0.0
local_sign+flat,5,0.95,0.8,1.0,9,0.0004661083221435547
local_sign+flat,5,0.95,0.8,1.0,10,0.0
local_sign+sample,5,0.95,0.8,1.0,1,2.9212558269500732
local_sign+sample,5,0.95,0.8,1.0,2,0.0
local_sign+sample,5,0.95,0.8,1.0,3,1.9601356387138367
local_sign+sample,5,0.95,0.8,1.0,4,0.0
local_sign+sample,5,0.95,0.8,1.0,5,0.0
local_sign+sample,5,0.95,0.8,1.0,6,0.004991412162780762
local_sign+sample,5,0.95,0.8,1.0,7,0.0
local_sign+sample,5,0.95,0.8,1.0,8,0.012435615062713623
local_sign+sample,5,0.95,0.8,1.0,9,0.0
local_sign+sample,5,0.95,0.8,1.0,10,0.018643319606781006
local_sign+binary,5,0.95,0.8,1.0,1,1.464081346988678
local_sign+binary,5,0.95,0.8,1.0,2,0.0
local_sign+binary,5,0.95,0.8,1.0,3,0.9317193031311035
local_sign+binary,5,0.95,0.8,1.0,4,5.7220458984375e-06
local_sign+binary,5,0.95,0.8,1.0,5,0.2681426405906677
local_sign+binary,5,0.95,0.8,1.0,6,0.0
local_sign+binary,5,0.95,0.8,1.0,7,0.1326143741607666
local_sign+binary,5,0.95,0.8,1.0,8,0.0
local_sign+binary,5,0.95,0.8,1.0,9,0.001117408275604248
local_sign+binary,5,0.95,0.8,1.0,10,0.007418513298034668
global_sign_pres,5,0.95,0.8,1.0,1,1.9081867337226868
global_sign_pres,5,0.95,0.8,1.0,2,0.0001373887062072754
global_sign_pres,5,0.95,0.8,1.0,3,0.9930909872055054
global_sign_pres,5,0.95,0.8,1.0,4,0.0
global_sign_pres,5,0.95,0.8,1.0,5,0.3177591562271118
global_sign_pres,5,0.95,0.8,1.0,6,0.00030606985092163086
global_sign_pres,5,0.95,0.8,1.0,7,0.00012373924255371094
global_sign_pres,5,0.95,0.8,1.0,8,0.00045925378799438477
global_sign_pres,5,0.95,0.8,1.0,9,0.00015878677368164062
global_sign_pres,5,0.95,0.8,1.0,10,0.0
binary+shuffle,5,0.95,0.8,1.0,1,2.8908055424690247
binary+shuffle,5,0.95,0.8,1.0,2,0.0003629922866821289
binary+shuffle,5,0.95,0.8,1.0,3,1.4909961223602295
binary+shuffle,5,0.95,0.8,1.0,4,1.531839370727539e-05
binary+shuffle,5,0.95,0.8,1.0,5,0.0005869865417480469
binary+shuffle,5,0.95,0.8,1.0,6,0.0
binary+shuffle,5,0.95,0.8,1.0,7,0.0003364682197570801
binary+shuffle,5,0.95,0.8,1.0,8,0.0008124113082885742
binary+shuffle,5,0.95,0.8,1.0,9,0.004344940185546875
binary+shuffle,5,0.95,0.8,1.0,10,0.0008066892623901367
real,6,0.95,0.8,1.0,1,3.399281859397888
real,6,0.95,0.8,1.0,2,0.00010907649993896484
real,6,0.95,0.8,1.0,3,1.480700969696045
real,6,0.95,0.8,1.0,4,0.0
real,6,0.95,0.8,1.0,5,0.08882290124893188
real,6,0.95,0.8,1.0,6,0.0
real,6,0.95,0.8,1.0,7,0.0
real,6,0.95,0.8,1.0,8,0.00043135881423950195
real,6,0.95,0.8,1.0,9,6.67572021484375e-05
real,6,0.95,0.8,1.0,10,0.0
shuffle_weights,6,0.95,0.8,1.0,1,3.731809973716736
shuffle_weights,6,0.95,0.8,1.0,2,0.00021219253540039062
shuffle_weights,6,0.95,0.8,1.0,3,1.9829325675964355
shuffle_weights,6,0.95,0.8,1.0,4,2.9087066650390625e-05
shuffle_weights,6,0.95,0.8,1.0,5,0.000583350658416748
shuffle_weights,6,0.95,0.8,1.0,6,0.0026192665100097656
shuffle_weights,6,0.95,0.8,1.0,7,0.0
shuffle_weights,6,0.95,0.8,1.0,8,0.0
shuffle_weights,6,0.95,0.8,1.0,9,0.0003146529197692871
shuffle_weights,6,0.95,0.8,1.0,10,0.0028879642486572266
cel_randN,6,0.95,0.8,1.0,1,5.558200299739838
cel_randN,6,0.95,0.8,1.0,2,0.005637407302856445
cel_randN,6,0.95,0.8,1.0,3,2.6864864230155945
cel_randN,6,0.95,0.8,1.0,4,0.0
cel_randN,6,0.95,0.8,1.0,5,0.0
cel_randN,6,0.95,0.8,1.0,6,0.014361441135406494
cel_randN,6,0.95,0.8,1.0,7,0.007295489311218262
cel_randN,6,0.95,0.8,1.0,8,0.0
cel_randN,6,0.95,0.8,1.0,9,0.019092321395874023
cel_randN,6,0.95,0.8,1.0,10,0.0
er_randN,6,0.95,0.8,1.0,1,8.383465111255646
er_randN,6,0.95,0.8,1.0,2,0.0
er_randN,6,0.95,0.8,1.0,3,3.925056755542755
er_randN,6,0.95,0.8,1.0,4,7.152557373046875e-07
er_randN,6,0.95,0.8,1.0,5,0.913037896156311
er_randN,6,0.95,0.8,1.0,6,1.1026859283447266e-05
er_randN,6,0.95,0.8,1.0,7,0.0
er_randN,6,0.95,0.8,1.0,8,7.331371307373047e-06
er_randN,6,0.95,0.8,1.0,9,0.0
er_randN,6,0.95,0.8,1.0,10,2.4020671844482422e-05
ws_p01_randN,6,0.95,0.8,1.0,1,8.74349844455719
ws_p01_randN,6,0.95,0.8,1.0,2,7.212162017822266e-06
ws_p01_randN,6,0.95,0.8,1.0,3,3.7016279101371765
ws_p01_randN,6,0.95,0.8,1.0,4,0.0
ws_p01_randN,6,0.95,0.8,1.0,5,0.6177348494529724
ws_p01_randN,6,0.95,0.8,1.0,6,1.3113021850585938e-06
ws_p01_randN,6,0.95,0.8,1.0,7,1.7285346984863281e-06
ws_p01_randN,6,0.95,0.8,1.0,8,0.0
ws_p01_randN,6,0.95,0.8,1.0,9,1.3530254364013672e-05
ws_p01_randN,6,0.95,0.8,1.0,10,0.0
conn_shuf,6,0.95,0.8,1.0,1,2.864412784576416
conn_shuf,6,0.95,0.8,1.0,2,0.0006228089332580566
conn_shuf,6,0.95,0.8,1.0,3,1.2312098741531372
conn_shuf,6,0.95,0.8,1.0,4,5.501508712768555e-05
conn_shuf,6,0.95,0.8,1.0,5,0.09958118200302124
conn_shuf,6,0.95,0.8,1.0,6,0.0015400052070617676
conn_shuf,6,0.95,0.8,1.0,7,0.06128668785095215
conn_shuf,6,0.95,0.8,1.0,8,0.001239478588104248
conn_shuf,6,0.95,0.8,1.0,9,0.0
conn_shuf,6,0.95,0.8,1.0,10,0.0
local_sign,6,0.95,0.8,1.0,1,3.302636206150055
local_sign,6,0.95,0.8,1.0,2,0.0
local_sign,6,0.95,0.8,1.0,3,1.5641812086105347
local_sign,6,0.95,0.8,1.0,4,0.0
local_sign,6,0.95,0.8,1.0,5,0.2693517208099365
local_sign,6,0.95,0.8,1.0,6,0.0007429718971252441
local_sign,6,0.95,0.8,1.0,7,0.0030478835105895996
local_sign,6,0.95,0.8,1.0,8,0.0
local_sign,6,0.95,0.8,1.0,9,0.00010859966278076172
local_sign,6,0.95,0.8,1.0,10,0.0
conn_shuf_only,6,0.95,0.8,1.0,1,1.9867472648620605
conn_shuf_only,6,0.95,0.8,1.0,2,0.0
conn_shuf_only,6,0.95,0.8,1.0,3,1.6469616293907166
conn_shuf_only,6,0.95,0.8,1.0,4,1.0728836059570312e-06
conn_shuf_only,6,0.95,0.8,1.0,5,0.02426779270172119
conn_shuf_only,6,0.95,0.8,1.0,6,0.00034505128860473633
conn_shuf_only,6,0.95,0.8,1.0,7,0.0018082857131958008
conn_shuf_only,6,0.95,0.8,1.0,8,0.0
conn_shuf_only,6,0.95,0.8,1.0,9,0.0012797117233276367
conn_shuf_only,6,0.95,0.8,1.0,10,0.0
cel_sample,6,0.95,0.8,1.0,1,3.5938406586647034
cel_sample,6,0.95,0.8,1.0,2,0.000501096248626709
cel_sample,6,0.95,0.8,1.0,3,1.5679764151573181
cel_sample,6,0.95,0.8,1.0,4,3.904104232788086e-05
cel_sample,6,0.95,0.8,1.0,5,0.0012496709823608398
cel_sample,6,0.95,0.8,1.0,6,0.0
cel_sample,6,0.95,0.8,1.0,7,0.0019251704216003418
cel_sample,6,0.95,0.8,1.0,8,0.0
cel_sample,6,0.95,0.8,1.0,9,0.0008288025856018066
cel_sample,6,0.95,0.8,1.0,10,0.0
local_sign+flat,6,0.95,0.8,1.0,1,3.471543550491333
local_sign+flat,6,0.95,0.8,1.0,2,0.0
local_sign+flat,6,0.95,0.8,1.0,3,0.8109069466590881
local_sign+flat,6,0.95,0.8,1.0,4,0.0
local_sign+flat,6,0.95,0.8,1.0,5,0.0011341571807861328
local_sign+flat,6,0.95,0.8,1.0,6,0.00032389163970947266
local_sign+flat,6,0.95,0.8,1.0,7,0.003601372241973877
local_sign+flat,6,0.95,0.8,1.0,8,0.0
local_sign+flat,6,0.95,0.8,1.0,9,0.0047263503074646
local_sign+flat,6,0.95,0.8,1.0,10,0.0
local_sign+sample,6,0.95,0.8,1.0,1,2.8321275115013123
local_sign+sample,6,0.95,0.8,1.0,2,0.0015832185745239258
local_sign+sample,6,0.95,0.8,1.0,3,0.9441215991973877
local_sign+sample,6,0.95,0.8,1.0,4,2.2292137145996094e-05
local_sign+sample,6,0.95,0.8,1.0,5,0.20113438367843628
local_sign+sample,6,0.95,0.8,1.0,6,0.0
local_sign+sample,6,0.95,0.8,1.0,7,0.14573580026626587
local_sign+sample,6,0.95,0.8,1.0,8,0.005696594715118408
local_sign+sample,6,0.95,0.8,1.0,9,0.0
local_sign+sample,6,0.95,0.8,1.0,10,0.0
local_sign+binary,6,0.95,0.8,1.0,1,1.7746408581733704
local_sign+binary,6,0.95,0.8,1.0,2,0.0
local_sign+binary,6,0.95,0.8,1.0,3,0.4171929955482483
local_sign+binary,6,0.95,0.8,1.0,4,0.0
local_sign+binary,6,0.95,0.8,1.0,5,0.13753294944763184
local_sign+binary,6,0.95,0.8,1.0,6,0.0
local_sign+binary,6,0.95,0.8,1.0,7,0.2321874499320984
local_sign+binary,6,0.95,0.8,1.0,8,0.0
local_sign+binary,6,0.95,0.8,1.0,9,0.14551323652267456
local_sign+binary,6,0.95,0.8,1.0,10,0.0
global_sign_pres,6,0.95,0.8,1.0,1,2.5982746481895447
global_sign_pres,6,0.95,0.8,1.0,2,0.0
global_sign_pres,6,0.95,0.8,1.0,3,0.6314221620559692
global_sign_pres,6,0.95,0.8,1.0,4,1.2576580047607422e-05
global_sign_pres,6,0.95,0.8,1.0,5,0.46034592390060425
global_sign_pres,6,0.95,0.8,1.0,6,0.0
global_sign_pres,6,0.95,0.8,1.0,7,0.013159036636352539
global_sign_pres,6,0.95,0.8,1.0,8,0.0
global_sign_pres,6,0.95,0.8,1.0,9,0.0034079551696777344
global_sign_pres,6,0.95,0.8,1.0,10,0.0
binary+shuffle,6,0.95,0.8,1.0,1,3.4940131306648254
binary+shuffle,6,0.95,0.8,1.0,2,0.0017056465148925781
binary+shuffle,6,0.95,0.8,1.0,3,0.8987135291099548
binary+shuffle,6,0.95,0.8,1.0,4,3.0159950256347656e-05
binary+shuffle,6,0.95,0.8,1.0,5,0.5832438468933105
binary+shuffle,6,0.95,0.8,1.0,6,0.0
binary+shuffle,6,0.95,0.8,1.0,7,0.0
binary+shuffle,6,0.95,0.8,1.0,8,0.006421864032745361
binary+shuffle,6,0.95,0.8,1.0,9,0.0
binary+shuffle,6,0.95,0.8,1.0,10,0.0010783076286315918
real,7,0.95,0.8,1.0,1,2.474472761154175
real,7,0.95,0.8,1.0,2,0.0
real,7,0.95,0.8,1.0,3,1.3308084607124329
real,7,0.95,0.8,1.0,4,0.0
real,7,0.95,0.8,1.0,5,0.0025568604469299316
real,7,0.95,0.8,1.0,6,0.0013082027435302734
real,7,0.95,0.8,1.0,7,0.0
real,7,0.95,0.8,1.0,8,0.0
real,7,0.95,0.8,1.0,9,0.0027989745140075684
real,7,0.95,0.8,1.0,10,0.0010660886764526367
shuffle_weights,7,0.95,0.8,1.0,1,2.306866943836212
shuffle_weights,7,0.95,0.8,1.0,2,0.0
shuffle_weights,7,0.95,0.8,1.0,3,1.792980968952179
shuffle_weights,7,0.95,0.8,1.0,4,0.0
shuffle_weights,7,0.95,0.8,1.0,5,0.05958324670791626
shuffle_weights,7,0.95,0.8,1.0,6,0.0
shuffle_weights,7,0.95,0.8,1.0,7,0.07388293743133545
shuffle_weights,7,0.95,0.8,1.0,8,0.0049974918365478516
shuffle_weights,7,0.95,0.8,1.0,9,0.0
shuffle_weights,7,0.95,0.8,1.0,10,0.0
cel_randN,7,0.95,0.8,1.0,1,5.7754499316215515
cel_randN,7,0.95,0.8,1.0,2,0.00019425153732299805
cel_randN,7,0.95,0.8,1.0,3,2.9766533374786377
cel_randN,7,0.95,0.8,1.0,4,0.0
cel_randN,7,0.95,0.8,1.0,5,1.1374863386154175
cel_randN,7,0.95,0.8,1.0,6,0.0
cel_randN,7,0.95,0.8,1.0,7,0.0016134977340698242
cel_randN,7,0.95,0.8,1.0,8,0.0
cel_randN,7,0.95,0.8,1.0,9,0.0010173916816711426
cel_randN,7,0.95,0.8,1.0,10,0.0
er_randN,7,0.95,0.8,1.0,1,8.155718684196472
er_randN,7,0.95,0.8,1.0,2,0.0
er_randN,7,0.95,0.8,1.0,3,3.3562808632850647
er_randN,7,0.95,0.8,1.0,4,0.0
er_randN,7,0.95,0.8,1.0,5,0.6367799043655396
er_randN,7,0.95,0.8,1.0,6,9.834766387939453e-06
er_randN,7,0.95,0.8,1.0,7,0.0
er_randN,7,0.95,0.8,1.0,8,0.0
er_randN,7,0.95,0.8,1.0,9,5.900859832763672e-06
er_randN,7,0.95,0.8,1.0,10,5.781650543212891e-06
ws_p01_randN,7,0.95,0.8,1.0,1,8.646123230457306
ws_p01_randN,7,0.95,0.8,1.0,2,4.887580871582031e-06
ws_p01_randN,7,0.95,0.8,1.0,3,3.7210580706596375
ws_p01_randN,7,0.95,0.8,1.0,4,1.2516975402832031e-06
ws_p01_randN,7,0.95,0.8,1.0,5,0.555020272731781
ws_p01_randN,7,0.95,0.8,1.0,6,0.0
ws_p01_randN,7,0.95,0.8,1.0,7,6.4373016357421875e-06
ws_p01_randN,7,0.95,0.8,1.0,8,6.318092346191406e-06
ws_p01_randN,7,0.95,0.8,1.0,9,0.0
ws_p01_randN,7,0.95,0.8,1.0,10,2.562999725341797e-06
conn_shuf,7,0.95,0.8,1.0,1,3.3946827054023743
conn_shuf,7,0.95,0.8,1.0,2,0.0
conn_shuf,7,0.95,0.8,1.0,3,1.023536741733551
conn_shuf,7,0.95,0.8,1.0,4,0.0
conn_shuf,7,0.95,0.8,1.0,5,0.0009230971336364746
conn_shuf,7,0.95,0.8,1.0,6,0.000765681266784668
conn_shuf,7,0.95,0.8,1.0,7,0.0013090968132019043
conn_shuf,7,0.95,0.8,1.0,8,0.0
conn_shuf,7,0.95,0.8,1.0,9,0.0
conn_shuf,7,0.95,0.8,1.0,10,0.005922257900238037
local_sign,7,0.95,0.8,1.0,1,2.8628968000411987
local_sign,7,0.95,0.8,1.0,2,0.0
local_sign,7,0.95,0.8,1.0,3,1.1704383492469788
local_sign,7,0.95,0.8,1.0,4,2.86102294921875e-06
local_sign,7,0.95,0.8,1.0,5,0.0
local_sign,7,0.95,0.8,1.0,6,0.0010346770286560059
local_sign,7,0.95,0.8,1.0,7,0.0
local_sign,7,0.95,0.8,1.0,8,0.0003129243850708008
local_sign,7,0.95,0.8,1.0,9,0.0014508366584777832
local_sign,7,0.95,0.8,1.0,10,0.0
conn_shuf_only,7,0.95,0.8,1.0,1,2.3199148774147034
conn_shuf_only,7,0.95,0.8,1.0,2,0.0062621235847473145
conn_shuf_only,7,0.95,0.8,1.0,3,1.8010982275009155
conn_shuf_only,7,0.95,0.8,1.0,4,3.838539123535156e-05
conn_shuf_only,7,0.95,0.8,1.0,5,0.8296762108802795
conn_shuf_only,7,0.95,0.8,1.0,6,0.007781386375427246
conn_shuf_only,7,0.95,0.8,1.0,7,0.04700666666030884
conn_shuf_only,7,0.95,0.8,1.0,8,0.0
conn_shuf_only,7,0.95,0.8,1.0,9,0.015775620937347412
conn_shuf_only,7,0.95,0.8,1.0,10,0.0
cel_sample,7,0.95,0.8,1.0,1,3.2381882667541504
cel_sample,7,0.95,0.8,1.0,2,0.0
cel_sample,7,0.95,0.8,1.0,3,2.270016372203827
cel_sample,7,0.95,0.8,1.0,4,0.0
cel_sample,7,0.95,0.8,1.0,5,0.0006320476531982422
cel_sample,7,0.95,0.8,1.0,6,0.0
cel_sample,7,0.95,0.8,1.0,7,0.0
cel_sample,7,0.95,0.8,1.0,8,0.00197756290435791
cel_sample,7,0.95,0.8,1.0,9,0.0
cel_sample,7,0.95,0.8,1.0,10,0.0
local_sign+flat,7,0.95,0.8,1.0,1,2.6873599886894226
local_sign+flat,7,0.95,0.8,1.0,2,0.0008072853088378906
local_sign+flat,7,0.95,0.8,1.0,3,1.1030402779579163
local_sign+flat,7,0.95,0.8,1.0,4,0.0
local_sign+flat,7,0.95,0.8,1.0,5,0.6588438153266907
local_sign+flat,7,0.95,0.8,1.0,6,0.00015276670455932617
local_sign+flat,7,0.95,0.8,1.0,7,0.21022582054138184
local_sign+flat,7,0.95,0.8,1.0,8,0.0
local_sign+flat,7,0.95,0.8,1.0,9,0.004573523998260498
local_sign+flat,7,0.95,0.8,1.0,10,0.0
local_sign+sample,7,0.95,0.8,1.0,1,2.8015533685684204
local_sign+sample,7,0.95,0.8,1.0,2,0.0
local_sign+sample,7,0.95,0.8,1.0,3,1.9160540103912354
local_sign+sample,7,0.95,0.8,1.0,4,7.748603820800781e-07
local_sign+sample,7,0.95,0.8,1.0,5,0.027950704097747803
local_sign+sample,7,0.95,0.8,1.0,6,0.0
local_sign+sample,7,0.95,0.8,1.0,7,0.009248316287994385
local_sign+sample,7,0.95,0.8,1.0,8,0.0
local_sign+sample,7,0.95,0.8,1.0,9,0.01098853349685669
local_sign+sample,7,0.95,0.8,1.0,10,0.0
local_sign+binary,7,0.95,0.8,1.0,1,2.348641097545624
local_sign+binary,7,0.95,0.8,1.0,2,0.00031435489654541016
local_sign+binary,7,0.95,0.8,1.0,3,0.3256896138191223
local_sign+binary,7,0.95,0.8,1.0,4,0.0
local_sign+binary,7,0.95,0.8,1.0,5,0.0075522661209106445
local_sign+binary,7,0.95,0.8,1.0,6,0.0
local_sign+binary,7,0.95,0.8,1.0,7,0.0
local_sign+binary,7,0.95,0.8,1.0,8,0.0005975961685180664
local_sign+binary,7,0.95,0.8,1.0,9,0.0
local_sign+binary,7,0.95,0.8,1.0,10,0.0013467669486999512
global_sign_pres,7,0.95,0.8,1.0,1,3.2310587763786316
global_sign_pres,7,0.95,0.8,1.0,2,0.0
global_sign_pres,7,0.95,0.8,1.0,3,0.3482367992401123
global_sign_pres,7,0.95,0.8,1.0,4,3.74913215637207e-05
global_sign_pres,7,0.95,0.8,1.0,5,0.0
global_sign_pres,7,0.95,0.8,1.0,6,0.0
global_sign_pres,7,0.95,0.8,1.0,7,0.0
global_sign_pres,7,0.95,0.8,1.0,8,0.03489333391189575
global_sign_pres,7,0.95,0.8,1.0,9,0.0
global_sign_pres,7,0.95,0.8,1.0,10,0.012000024318695068
binary+shuffle,7,0.95,0.8,1.0,1,2.5380658507347107
binary+shuffle,7,0.95,0.8,1.0,2,0.0
binary+shuffle,7,0.95,0.8,1.0,3,0.9488862156867981
binary+shuffle,7,0.95,0.8,1.0,4,0.0
binary+shuffle,7,0.95,0.8,1.0,5,0.7487597465515137
binary+shuffle,7,0.95,0.8,1.0,6,0.0
binary+shuffle,7,0.95,0.8,1.0,7,0.20230424404144287
binary+shuffle,7,0.95,0.8,1.0,8,0.0009634494781494141
binary+shuffle,7,0.95,0.8,1.0,9,0.003554224967956543
binary+shuffle,7,0.95,0.8,1.0,10,0.003223121166229248
real,8,0.95,0.8,1.0,1,2.8933345079421997
real,8,0.95,0.8,1.0,2,0.0
real,8,0.95,0.8,1.0,3,0.47732049226760864
real,8,0.95,0.8,1.0,4,8.761882781982422e-06
real,8,0.95,0.8,1.0,5,0.02478182315826416
real,8,0.95,0.8,1.0,6,0.0
real,8,0.95,0.8,1.0,7,0.0
real,8,0.95,0.8,1.0,8,0.0
real,8,0.95,0.8,1.0,9,0.012318253517150879
real,8,0.95,0.8,1.0,10,0.0038542747497558594
shuffle_weights,8,0.95,0.8,1.0,1,2.194379687309265
shuffle_weights,8,0.95,0.8,1.0,2,0.0
shuffle_weights,8,0.95,0.8,1.0,3,1.5371034145355225
shuffle_weights,8,0.95,0.8,1.0,4,1.4960765838623047e-05
shuffle_weights,8,0.95,0.8,1.0,5,0.0
shuffle_weights,8,0.95,0.8,1.0,6,0.00029355287551879883
shuffle_weights,8,0.95,0.8,1.0,7,0.0038824081420898438
shuffle_weights,8,0.95,0.8,1.0,8,0.0
shuffle_weights,8,0.95,0.8,1.0,9,0.004061400890350342
shuffle_weights,8,0.95,0.8,1.0,10,0.0
cel_randN,8,0.95,0.8,1.0,1,6.103412330150604
cel_randN,8,0.95,0.8,1.0,2,0.0005638599395751953
cel_randN,8,0.95,0.8,1.0,3,3.121672809123993
cel_randN,8,0.95,0.8,1.0,4,0.0
cel_randN,8,0.95,0.8,1.0,5,1.1095534563064575
cel_randN,8,0.95,0.8,1.0,6,0.0
cel_randN,8,0.95,0.8,1.0,7,0.0005483627319335938
cel_randN,8,0.95,0.8,1.0,8,0.0008578896522521973
cel_randN,8,0.95,0.8,1.0,9,5.14984130859375e-05
cel_randN,8,0.95,0.8,1.0,10,0.0
er_randN,8,0.95,0.8,1.0,1,8.203149795532227
er_randN,8,0.95,0.8,1.0,2,0.0
er_randN,8,0.95,0.8,1.0,3,3.749859929084778
er_randN,8,0.95,0.8,1.0,4,0.0
er_randN,8,0.95,0.8,1.0,5,0.9316926002502441
er_randN,8,0.95,0.8,1.0,6,0.0
er_randN,8,0.95,0.8,1.0,7,1.7821788787841797e-05
er_randN,8,0.95,0.8,1.0,8,0.0
er_randN,8,0.95,0.8,1.0,9,9.238719940185547e-06
er_randN,8,0.95,0.8,1.0,10,0.0
ws_p01_randN,8,0.95,0.8,1.0,1,9.041576087474823
ws_p01_randN,8,0.95,0.8,1.0,2,0.0
ws_p01_randN,8,0.95,0.8,1.0,3,3.7004735469818115
ws_p01_randN,8,0.95,0.8,1.0,4,0.0
ws_p01_randN,8,0.95,0.8,1.0,5,0.5838280320167542
ws_p01_randN,8,0.95,0.8,1.0,6,0.0
ws_p01_randN,8,0.95,0.8,1.0,7,2.0384788513183594e-05
ws_p01_randN,8,0.95,0.8,1.0,8,0.0
ws_p01_randN,8,0.95,0.8,1.0,9,1.4901161193847656e-06
ws_p01_randN,8,0.95,0.8,1.0,10,0.0
conn_shuf,8,0.95,0.8,1.0,1,2.3142523169517517
conn_shuf,8,0.95,0.8,1.0,2,0.0
conn_shuf,8,0.95,0.8,1.0,3,0.985483705997467
conn_shuf,8,0.95,0.8,1.0,4,0.0
conn_shuf,8,0.95,0.8,1.0,5,0.5817466378211975
conn_shuf,8,0.95,0.8,1.0,6,0.0
conn_shuf,8,0.95,0.8,1.0,7,0.004853188991546631
conn_shuf,8,0.95,0.8,1.0,8,0.0
conn_shuf,8,0.95,0.8,1.0,9,0.003729104995727539
conn_shuf,8,0.95,0.8,1.0,10,0.0
local_sign,8,0.95,0.8,1.0,1,1.9456560015678406
local_sign,8,0.95,0.8,1.0,2,0.01319199800491333
local_sign,8,0.95,0.8,1.0,3,0.6613912582397461
local_sign,8,0.95,0.8,1.0,4,0.0
local_sign,8,0.95,0.8,1.0,5,0.0012511610984802246
local_sign,8,0.95,0.8,1.0,6,0.006871998310089111
local_sign,8,0.95,0.8,1.0,7,0.014954447746276855
local_sign,8,0.95,0.8,1.0,8,0.0
local_sign,8,0.95,0.8,1.0,9,0.01923424005508423
local_sign,8,0.95,0.8,1.0,10,0.0
conn_shuf_only,8,0.95,0.8,1.0,1,2.9410820603370667
conn_shuf_only,8,0.95,0.8,1.0,2,0.0
conn_shuf_only,8,0.95,0.8,1.0,3,0.33583056926727295
conn_shuf_only,8,0.95,0.8,1.0,4,2.205371856689453e-06
conn_shuf_only,8,0.95,0.8,1.0,5,0.2733583450317383
conn_shuf_only,8,0.95,0.8,1.0,6,0.0006148815155029297
conn_shuf_only,8,0.95,0.8,1.0,7,0.0
conn_shuf_only,8,0.95,0.8,1.0,8,0.0
conn_shuf_only,8,0.95,0.8,1.0,9,0.00045609474182128906
conn_shuf_only,8,0.95,0.8,1.0,10,0.00017201900482177734
cel_sample,8,0.95,0.8,1.0,1,3.9741169810295105
cel_sample,8,0.95,0.8,1.0,2,0.0
cel_sample,8,0.95,0.8,1.0,3,2.0058777928352356
cel_sample,8,0.95,0.8,1.0,4,6.9141387939453125e-06
cel_sample,8,0.95,0.8,1.0,5,0.007377743721008301
cel_sample,8,0.95,0.8,1.0,6,0.0
cel_sample,8,0.95,0.8,1.0,7,0.0
cel_sample,8,0.95,0.8,1.0,8,0.011472225189208984
cel_sample,8,0.95,0.8,1.0,9,0.0
cel_sample,8,0.95,0.8,1.0,10,0.0055162906646728516
local_sign+flat,8,0.95,0.8,1.0,1,1.9057490825653076
local_sign+flat,8,0.95,0.8,1.0,2,0.0002403855323791504
local_sign+flat,8,0.95,0.8,1.0,3,0.7904207706451416
local_sign+flat,8,0.95,0.8,1.0,4,0.0
local_sign+flat,8,0.95,0.8,1.0,5,0.0008929967880249023
local_sign+flat,8,0.95,0.8,1.0,6,0.0009652972221374512
local_sign+flat,8,0.95,0.8,1.0,7,0.00046128034591674805
local_sign+flat,8,0.95,0.8,1.0,8,0.0
local_sign+flat,8,0.95,0.8,1.0,9,0.003729403018951416
local_sign+flat,8,0.95,0.8,1.0,10,0.0
local_sign+sample,8,0.95,0.8,1.0,1,2.7670902609825134
local_sign+sample,8,0.95,0.8,1.0,2,0.0
local_sign+sample,8,0.95,0.8,1.0,3,1.0394777655601501
local_sign+sample,8,0.95,0.8,1.0,4,0.0
local_sign+sample,8,0.95,0.8,1.0,5,0.5770430564880371
local_sign+sample,8,0.95,0.8,1.0,6,0.018657326698303223
local_sign+sample,8,0.95,0.8,1.0,7,0.0
local_sign+sample,8,0.95,0.8,1.0,8,0.0
local_sign+sample,8,0.95,0.8,1.0,9,0.011641204357147217
local_sign+sample,8,0.95,0.8,1.0,10,0.006838381290435791
local_sign+binary,8,0.95,0.8,1.0,1,2.906460464000702
local_sign+binary,8,0.95,0.8,1.0,2,0.0
local_sign+binary,8,0.95,0.8,1.0,3,0.4406883716583252
local_sign+binary,8,0.95,0.8,1.0,4,5.3942203521728516e-05
local_sign+binary,8,0.95,0.8,1.0,5,0.0002912282943725586
local_sign+binary,8,0.95,0.8,1.0,6,0.010865986347198486
local_sign+binary,8,0.95,0.8,1.0,7,0.0
local_sign+binary,8,0.95,0.8,1.0,8,0.0
local_sign+binary,8,0.95,0.8,1.0,9,0.047930896282196045
local_sign+binary,8,0.95,0.8,1.0,10,0.004459798336029053
global_sign_pres,8,0.95,0.8,1.0,1,2.7725507020950317
global_sign_pres,8,0.95,0.8,1.0,2,0.0013689994812011719
global_sign_pres,8,0.95,0.8,1.0,3,1.340220034122467
global_sign_pres,8,0.95,0.8,1.0,4,0.0
global_sign_pres,8,0.95,0.8,1.0,5,0.0
global_sign_pres,8,0.95,0.8,1.0,6,0.005897104740142822
global_sign_pres,8,0.95,0.8,1.0,7,0.00770336389541626
global_sign_pres,8,0.95,0.8,1.0,8,0.0
global_sign_pres,8,0.95,0.8,1.0,9,0.006958901882171631
global_sign_pres,8,0.95,0.8,1.0,10,0.0
binary+shuffle,8,0.95,0.8,1.0,1,1.900350570678711
binary+shuffle,8,0.95,0.8,1.0,2,0.0004824399948120117
binary+shuffle,8,0.95,0.8,1.0,3,1.2902426719665527
binary+shuffle,8,0.95,0.8,1.0,4,1.1801719665527344e-05
binary+shuffle,8,0.95,0.8,1.0,5,0.3339097499847412
binary+shuffle,8,0.95,0.8,1.0,6,0.00037413835525512695
binary+shuffle,8,0.95,0.8,1.0,7,0.0
binary+shuffle,8,0.95,0.8,1.0,8,0.0009235739707946777
binary+shuffle,8,0.95,0.8,1.0,9,0.0
binary+shuffle,8,0.95,0.8,1.0,10,0.0007086396217346191
real,9,0.95,0.8,1.0,1,1.27121239900589
real,9,0.95,0.8,1.0,2,7.718801498413086e-05
real,9,0.95,0.8,1.0,3,1.400484561920166
real,9,0.95,0.8,1.0,4,0.0
real,9,0.95,0.8,1.0,5,0.6432105898857117
real,9,0.95,0.8,1.0,6,0.0009340047836303711
real,9,0.95,0.8,1.0,7,0.0011339187622070312
real,9,0.95,0.8,1.0,8,0.0
real,9,0.95,0.8,1.0,9,0.0013971924781799316
real,9,0.95,0.8,1.0,10,0.0006496310234069824
shuffle_weights,9,0.95,0.8,1.0,1,2.233769118785858
shuffle_weights,9,0.95,0.8,1.0,2,0.01152867078781128
shuffle_weights,9,0.95,0.8,1.0,3,0.8966930508613586
shuffle_weights,9,0.95,0.8,1.0,4,0.0
shuffle_weights,9,0.95,0.8,1.0,5,0.19771379232406616
shuffle_weights,9,0.95,0.8,1.0,6,0.00042259693145751953
shuffle_weights,9,0.95,0.8,1.0,7,0.0
shuffle_weights,9,0.95,0.8,1.0,8,0.005555450916290283
shuffle_weights,9,0.95,0.8,1.0,9,0.0
shuffle_weights,9,0.95,0.8,1.0,10,0.012422382831573486
cel_randN,9,0.95,0.8,1.0,1,7.833168208599091
cel_randN,9,0.95,0.8,1.0,2,3.653764724731445e-05
cel_randN,9,0.95,0.8,1.0,3,3.6944809556007385
cel_randN,9,0.95,0.8,1.0,4,0.0
cel_randN,9,0.95,0.8,1.0,5,1.0779451131820679
cel_randN,9,0.95,0.8,1.0,6,0.0
cel_randN,9,0.95,0.8,1.0,7,0.1558815836906433
cel_randN,9,0.95,0.8,1.0,8,0.0004355907440185547
cel_randN,9,0.95,0.8,1.0,9,0.0
cel_randN,9,0.95,0.8,1.0,10,0.0
er_randN,9,0.95,0.8,1.0,1,8.667360007762909
er_randN,9,0.95,0.8,1.0,2,6.139278411865234e-06
er_randN,9,0.95,0.8,1.0,3,3.41021865606308
er_randN,9,0.95,0.8,1.0,4,0.0
er_randN,9,0.95,0.8,1.0,5,0.6928014755249023
er_randN,9,0.95,0.8,1.0,6,0.0
er_randN,9,0.95,0.8,1.0,7,0.0
er_randN,9,0.95,0.8,1.0,8,1.5974044799804688e-05
er_randN,9,0.95,0.8,1.0,9,0.0
er_randN,9,0.95,0.8,1.0,10,1.2516975402832031e-05
ws_p01_randN,9,0.95,0.8,1.0,1,8.53783643245697
ws_p01_randN,9,0.95,0.8,1.0,2,2.7418136596679688e-06
ws_p01_randN,9,0.95,0.8,1.0,3,3.5186482667922974
ws_p01_randN,9,0.95,0.8,1.0,4,3.5762786865234375e-07
ws_p01_randN,9,0.95,0.8,1.0,5,0.5821963548660278
ws_p01_randN,9,0.95,0.8,1.0,6,0.0
ws_p01_randN,9,0.95,0.8,1.0,7,0.010770440101623535
ws_p01_randN,9,0.95,0.8,1.0,8,6.139278411865234e-06
ws_p01_randN,9,0.95,0.8,1.0,9,0.0
ws_p01_randN,9,0.95,0.8,1.0,10,0.0
conn_shuf,9,0.95,0.8,1.0,1,2.796832799911499
conn_shuf,9,0.95,0.8,1.0,2,0.0003764033317565918
conn_shuf,9,0.95,0.8,1.0,3,0.9540027379989624
conn_shuf,9,0.95,0.8,1.0,4,0.0
conn_shuf,9,0.95,0.8,1.0,5,0.0
conn_shuf,9,0.95,0.8,1.0,6,0.0
conn_shuf,9,0.95,0.8,1.0,7,0.0007857084274291992
conn_shuf,9,0.95,0.8,1.0,8,0.00047284364700317383
conn_shuf,9,0.95,0.8,1.0,9,0.0
conn_shuf,9,0.95,0.8,1.0,10,0.0
local_sign,9,0.95,0.8,1.0,1,2.0236095786094666
local_sign,9,0.95,0.8,1.0,2,0.0
local_sign,9,0.95,0.8,1.0,3,1.4346065521240234
local_sign,9,0.95,0.8,1.0,4,1.1861324310302734e-05
local_sign,9,0.95,0.8,1.0,5,0.5935524106025696
local_sign,9,0.95,0.8,1.0,6,0.0005791783332824707
local_sign,9,0.95,0.8,1.0,7,0.02208763360977173
local_sign,9,0.95,0.8,1.0,8,0.0
local_sign,9,0.95,0.8,1.0,9,0.0032021403312683105
local_sign,9,0.95,0.8,1.0,10,0.0
conn_shuf_only,9,0.95,0.8,1.0,1,3.405705511569977
conn_shuf_only,9,0.95,0.8,1.0,2,0.0016019344329833984
conn_shuf_only,9,0.95,0.8,1.0,3,0.6210454702377319
conn_shuf_only,9,0.95,0.8,1.0,4,0.0
conn_shuf_only,9,0.95,0.8,1.0,5,0.0
conn_shuf_only,9,0.95,0.8,1.0,6,0.0011789798736572266
conn_shuf_only,9,0.95,0.8,1.0,7,0.0
conn_shuf_only,9,0.95,0.8,1.0,8,0.001867055892944336
conn_shuf_only,9,0.95,0.8,1.0,9,0.0
conn_shuf_only,9,0.95,0.8,1.0,10,7.075071334838867e-05
cel_sample,9,0.95,0.8,1.0,1,3.592584729194641
cel_sample,9,0.95,0.8,1.0,2,0.0
cel_sample,9,0.95,0.8,1.0,3,1.5475699305534363
cel_sample,9,0.95,0.8,1.0,4,0.0
cel_sample,9,0.95,0.8,1.0,5,0.259149968624115
cel_sample,9,0.95,0.8,1.0,6,0.0011519789695739746
cel_sample,9,0.95,0.8,1.0,7,9.036064147949219e-05
cel_sample,9,0.95,0.8,1.0,8,0.0
cel_sample,9,0.95,0.8,1.0,9,0.0031083226203918457
cel_sample,9,0.95,0.8,1.0,10,0.0
local_sign+flat,9,0.95,0.8,1.0,1,2.4180397987365723
local_sign+flat,9,0.95,0.8,1.0,2,0.0
local_sign+flat,9,0.95,0.8,1.0,3,0.5013259649276733
local_sign+flat,9,0.95,0.8,1.0,4,0.0
local_sign+flat,9,0.95,0.8,1.0,5,0.0
local_sign+flat,9,0.95,0.8,1.0,6,4.1484832763671875e-05
local_sign+flat,9,0.95,0.8,1.0,7,0.0
local_sign+flat,9,0.95,0.8,1.0,8,0.003948807716369629
local_sign+flat,9,0.95,0.8,1.0,9,0.0
local_sign+flat,9,0.95,0.8,1.0,10,0.0003279447555541992
local_sign+sample,9,0.95,0.8,1.0,1,2.4196842312812805
local_sign+sample,9,0.95,0.8,1.0,2,0.0
local_sign+sample,9,0.95,0.8,1.0,3,0.8085391521453857
local_sign+sample,9,0.95,0.8,1.0,4,1.1026859283447266e-05
local_sign+sample,9,0.95,0.8,1.0,5,0.000885009765625
local_sign+sample,9,0.95,0.8,1.0,6,0.0
local_sign+sample,9,0.95,0.8,1.0,7,0.29948800802230835
local_sign+sample,9,0.95,0.8,1.0,8,0.002040684223175049
local_sign+sample,9,0.95,0.8,1.0,9,0.0
local_sign+sample,9,0.95,0.8,1.0,10,0.0
local_sign+binary,9,0.95,0.8,1.0,1,2.5103084444999695
local_sign+binary,9,0.95,0.8,1.0,2,0.0
local_sign+binary,9,0.95,0.8,1.0,3,1.7437396049499512
local_sign+binary,9,0.95,0.8,1.0,4,0.0
local_sign+binary,9,0.95,0.8,1.0,5,0.007422268390655518
local_sign+binary,9,0.95,0.8,1.0,6,0.0
local_sign+binary,9,0.95,0.8,1.0,7,0.04595822095870972
local_sign+binary,9,0.95,0.8,1.0,8,0.007243692874908447
local_sign+binary,9,0.95,0.8,1.0,9,0.00031125545501708984
local_sign+binary,9,0.95,0.8,1.0,10,0.0
global_sign_pres,9,0.95,0.8,1.0,1,3.0915091037750244
global_sign_pres,9,0.95,0.8,1.0,2,9.441375732421875e-05
global_sign_pres,9,0.95,0.8,1.0,3,1.3733278512954712
global_sign_pres,9,0.95,0.8,1.0,4,1.7404556274414062e-05
global_sign_pres,9,0.95,0.8,1.0,5,0.6520255208015442
global_sign_pres,9,0.95,0.8,1.0,6,0.0
global_sign_pres,9,0.95,0.8,1.0,7,0.0010995864868164062
global_sign_pres,9,0.95,0.8,1.0,8,0.004111528396606445
global_sign_pres,9,0.95,0.8,1.0,9,0.0
global_sign_pres,9,0.95,0.8,1.0,10,0.0
binary+shuffle,9,0.95,0.8,1.0,1,1.3214305639266968
binary+shuffle,9,0.95,0.8,1.0,2,0.003146529197692871
binary+shuffle,9,0.95,0.8,1.0,3,1.2269952297210693
binary+shuffle,9,0.95,0.8,1.0,4,6.753206253051758e-05
binary+shuffle,9,0.95,0.8,1.0,5,0.0
binary+shuffle,9,0.95,0.8,1.0,6,0.0
binary+shuffle,9,0.95,0.8,1.0,7,0.0
binary+shuffle,9,0.95,0.8,1.0,8,0.004302382469177246
binary+shuffle,9,0.95,0.8,1.0,9,0.0
binary+shuffle,9,0.95,0.8,1.0,10,0.0012466907501220703
