metric,mode_a,mode_b,bound_ref,pval_v11,sig_v11,pval_frac025,sig_frac025,preserved_sig
GR,cel+randN,celW+connShuf,0.027211801315171476,1.0,False,1.0,False,False
GR,cel+randN,cel_sample,0.027211801315171476,1.0,False,1.0,False,False
GR,cel+randN,conn_shuf_only,0.027211801315171476,1.0,False,1.0,False,False
GR,cel+randN,er+randN,0.027211801315171476,1.0001569962747862e-13,True,0.22709084390302536,False,False
GR,cel+randN,global_sign_pres,0.027211801315171476,1.0,False,1.0,False,False
GR,cel+randN,local_sign,0.027211801315171476,1.0,False,1.0,False,False
GR,cel+randN,local_sign+binary,0.027211801315171476,1.0,False,1.0,False,False
GR,cel+randN,local_sign+flat,0.027211801315171476,1.0,False,1.0,False,False
GR,cel+randN,local_sign+sample,0.027211801315171476,1.0,False,1.0,False,False
GR,cel+randN,real,0.027211801315171476,1.0,False,1.0,False,False
GR,cel+randN,shuffle,0.027211801315171476,1.0,False,1.0,False,False
GR,cel+randN,ws_p0.1+randN,0.027211801315171476,2.0175621194431874e-12,True,0.16195753991575285,False,False
GR,celW+connShuf,cel_sample,0.027211801315171476,3.316172397548387e-41,True,1.0862522008170848e-11,True,True
GR,celW+connShuf,conn_shuf_only,0.027211801315171476,4.4586147510993836e-61,True,5.529106394196433e-11,True,True
GR,celW+connShuf,er+randN,0.027211801315171476,1.0,False,1.0,False,False
GR,celW+connShuf,global_sign_pres,0.027211801315171476,1.0,False,1.0,False,False
GR,celW+connShuf,local_sign,0.027211801315171476,1.0,False,1.0,False,False
GR,celW+connShuf,local_sign+binary,0.027211801315171476,1.0,False,1.0,False,False
GR,celW+connShuf,local_sign+flat,0.027211801315171476,1.0,False,1.0,False,False
GR,celW+connShuf,local_sign+sample,0.027211801315171476,2.5166460993294936e-07,True,0.001414368683699848,True,True
GR,celW+connShuf,real,0.027211801315171476,1.0,False,1.0,False,False
GR,celW+connShuf,shuffle,0.027211801315171476,8.108691951975761e-43,True,1.0698906148907198e-10,True,True
GR,celW+connShuf,ws_p0.1+randN,0.027211801315171476,1.0,False,1.0,False,False
GR,cel_sample,conn_shuf_only,0.027211801315171476,1.6588549807412834e-27,True,1.0121678750500805e-06,True,True
GR,cel_sample,er+randN,0.027211801315171476,1.0,False,1.0,False,False
GR,cel_sample,global_sign_pres,0.027211801315171476,1.0,False,1.0,False,False
GR,cel_sample,local_sign,0.027211801315171476,1.0,False,1.0,False,False
GR,cel_sample,local_sign+binary,0.027211801315171476,1.0,False,1.0,False,False
GR,cel_sample,local_sign+flat,0.027211801315171476,1.0,False,1.0,False,False
GR,cel_sample,local_sign+sample,0.027211801315171476,6.773672129194156e-22,True,5.475743034226307e-06,True,True
GR,cel_sample,real,0.027211801315171476,1.0,False,1.0,False,False
GR,cel_sample,shuffle,0.027211801315171476,2.1843814953647384e-64,True,2.944248955210792e-14,True,True
GR,cel_sample,ws_p0.1+randN,0.027211801315171476,1.0,False,1.0,False,False
GR,conn_shuf_only,er+randN,0.027211801315171476,1.0,False,1.0,False,False
GR,conn_shuf_only,global_sign_pres,0.027211801315171476,1.0,False,1.0,False,False
GR,conn_shuf_only,local_sign,0.027211801315171476,1.0,False,1.0,False,False
GR,conn_shuf_only,local_sign+binary,0.027211801315171476,1.0,False,1.0,False,False
GR,conn_shuf_only,local_sign+flat,0.027211801315171476,1.0,False,1.0,False,False
GR,conn_shuf_only,local_sign+sample,0.027211801315171476,0.0007172718298436383,True,0.07330559898635441,False,False
GR,conn_shuf_only,real,0.027211801315171476,1.0,False,1.0,False,False
GR,conn_shuf_only,shuffle,0.027211801315171476,1.7615775390272542e-28,True,2.9261417544001492e-06,True,True
GR,conn_shuf_only,ws_p0.1+randN,0.027211801315171476,1.0,False,1.0,False,False
GR,er+randN,global_sign_pres,0.027211801315171476,1.0,False,1.0,False,False
GR,er+randN,local_sign,0.027211801315171476,1.0,False,1.0,False,False
GR,er+randN,local_sign+binary,0.027211801315171476,1.0,False,1.0,False,False
GR,er+randN,local_sign+flat,0.027211801315171476,1.0,False,1.0,False,False
GR,er+randN,local_sign+sample,0.027211801315171476,1.0,False,1.0,False,False
GR,er+randN,real,0.027211801315171476,1.0,False,1.0,False,False
GR,er+randN,shuffle,0.027211801315171476,1.0,False,1.0,False,False
GR,er+randN,ws_p0.1+randN,0.027211801315171476,9.350141959492226e-85,True,8.556722110052425e-17,True,True
GR,global_sign_pres,local_sign,0.027211801315171476,1.0,False,0.9999994149541138,False,False
GR,global_sign_pres,local_sign+binary,0.027211801315171476,3.592002947395791e-33,True,6.857945725266568e-07,True,True
GR,global_sign_pres,local_sign+flat,0.027211801315171476,0.09052439494275008,False,0.19641304619538186,False,False
GR,global_sign_pres,local_sign+sample,0.027211801315171476,1.0,False,1.0,False,False
GR,global_sign_pres,real,0.027211801315171476,2.6902699218694714e-46,True,5.826183533100691e-14,True,True
GR,global_sign_pres,shuffle,0.027211801315171476,1.0,False,1.0,False,False
GR,global_sign_pres,ws_p0.1+randN,0.027211801315171476,1.0,False,1.0,False,False
GR,local_sign,local_sign+binary,0.027211801315171476,1.0,False,0.999999999999996,False,False
GR,local_sign,local_sign+flat,0.027211801315171476,0.03366889413667234,True,0.02116704666535516,True,True
GR,local_sign,local_sign+sample,0.027211801315171476,1.0,False,0.9999999942186472,False,False
GR,local_sign,real,0.027211801315171476,1.0,False,0.9999999947947795,False,False
GR,local_sign,shuffle,0.027211801315171476,1.0,False,1.0,False,False
GR,local_sign,ws_p0.1+randN,0.027211801315171476,1.0,False,1.0,False,False
GR,local_sign+binary,local_sign+flat,0.027211801315171476,0.9999996801744659,False,0.9830150010389738,False,False
GR,local_sign+binary,local_sign+sample,0.027211801315171476,1.0,False,1.0,False,False
GR,local_sign+binary,real,0.027211801315171476,4.351039656099874e-62,True,5.9200442594768845e-09,True,True
GR,local_sign+binary,shuffle,0.027211801315171476,1.0,False,1.0,False,False
GR,local_sign+binary,ws_p0.1+randN,0.027211801315171476,1.0,False,1.0,False,False
GR,local_sign+flat,local_sign+sample,0.027211801315171476,1.0,False,1.0,False,False
GR,local_sign+flat,real,0.027211801315171476,0.9974340581337847,False,0.24957684408180003,False,False
GR,local_sign+flat,shuffle,0.027211801315171476,1.0,False,1.0,False,False
GR,local_sign+flat,ws_p0.1+randN,0.027211801315171476,1.0,False,1.0,False,False
GR,local_sign+sample,real,0.027211801315171476,1.0,False,1.0,False,False
GR,local_sign+sample,shuffle,0.027211801315171476,5.425170192367405e-22,True,9.324124700693255e-06,True,True
GR,local_sign+sample,ws_p0.1+randN,0.027211801315171476,1.0,False,1.0,False,False
GR,real,shuffle,0.027211801315171476,1.0,False,1.0,False,False
GR,real,ws_p0.1+randN,0.027211801315171476,1.0,False,1.0,False,False
GR,shuffle,ws_p0.1+randN,0.027211801315171476,1.0,False,1.0,False,False
IPC,cel+randN,celW+connShuf,0.018328465587898697,1.0,False,1.0,False,False
IPC,cel+randN,cel_sample,0.018328465587898697,1.0,False,1.0,False,False
IPC,cel+randN,conn_shuf_only,0.018328465587898697,1.0,False,1.0,False,False
IPC,cel+randN,er+randN,0.018328465587898697,0.14876855063979605,False,1.0,False,False
IPC,cel+randN,global_sign_pres,0.018328465587898697,1.0,False,1.0,False,False
IPC,cel+randN,local_sign,0.018328465587898697,1.0,False,1.0,False,False
IPC,cel+randN,local_sign+binary,0.018328465587898697,1.0,False,1.0,False,False
IPC,cel+randN,local_sign+flat,0.018328465587898697,1.0,False,1.0,False,False
IPC,cel+randN,local_sign+sample,0.018328465587898697,1.0,False,1.0,False,False
IPC,cel+randN,real,0.018328465587898697,1.0,False,1.0,False,False
IPC,cel+randN,shuffle,0.018328465587898697,1.0,False,1.0,False,False
IPC,cel+randN,ws_p0.1+randN,0.018328465587898697,0.03624604777991577,True,1.0,False,False
IPC,celW+connShuf,cel_sample,0.018328465587898697,4.671479323695541e-10,True,0.042854326301050516,True,True
IPC,celW+connShuf,conn_shuf_only,0.018328465587898697,0.08537054367292221,False,0.0006247259198703122,True,False
IPC,celW+connShuf,er+randN,0.018328465587898697,1.0,False,1.0,False,False
IPC,celW+connShuf,global_sign_pres,0.018328465587898697,1.0,False,0.9794380659637174,False,False
IPC,celW+connShuf,local_sign,0.018328465587898697,0.9999999524407979,False,0.2359221657074912,False,False
IPC,celW+connShuf,local_sign+binary,0.018328465587898697,1.0,False,0.9990011430982801,False,False
IPC,celW+connShuf,local_sign+flat,0.018328465587898697,1.0,False,0.5564957038064231,False,False
IPC,celW+connShuf,local_sign+sample,0.018328465587898697,2.9083700466251428e-12,True,0.01699271556289712,True,True
IPC,celW+connShuf,real,0.018328465587898697,1.0,False,0.9999999999983781,False,False
IPC,celW+connShuf,shuffle,0.018328465587898697,4.618124219700352e-09,True,0.008577041369291662,True,True
IPC,celW+connShuf,ws_p0.1+randN,0.018328465587898697,1.0,False,1.0,False,False
IPC,cel_sample,conn_shuf_only,0.018328465587898697,0.0030401056552948995,True,0.00291818467843688,True,True
IPC,cel_sample,er+randN,0.018328465587898697,1.0,False,1.0,False,False
IPC,cel_sample,global_sign_pres,0.018328465587898697,1.0,False,0.38467901371267765,False,False
IPC,cel_sample,local_sign,0.018328465587898697,0.9999999999687118,False,0.0005333826821322812,True,False
IPC,cel_sample,local_sign+binary,0.018328465587898697,1.0,False,0.8217413697558582,False,False
IPC,cel_sample,local_sign+flat,0.018328465587898697,1.0,False,0.010134614273264047,True,False
IPC,cel_sample,local_sign+sample,0.018328465587898697,9.509176619498428e-08,True,0.00017191611551290234,True,True
IPC,cel_sample,real,0.018328465587898697,1.0,False,0.9999999812558068,False,False
IPC,cel_sample,shuffle,0.018328465587898697,2.939874610944007e-12,True,0.0005736904323017376,True,True
IPC,cel_sample,ws_p0.1+randN,0.018328465587898697,1.0,False,1.0,False,False
IPC,conn_shuf_only,er+randN,0.018328465587898697,1.0,False,1.0,False,False
IPC,conn_shuf_only,global_sign_pres,0.018328465587898697,1.0,False,0.9241275515269437,False,False
IPC,conn_shuf_only,local_sign,0.018328465587898697,1.0,False,0.05144773899520363,False,False
IPC,conn_shuf_only,local_sign+binary,0.018328465587898697,1.0,False,0.9955775172152441,False,False
IPC,conn_shuf_only,local_sign+flat,0.018328465587898697,1.0,False,0.2513911629020755,False,False
IPC,conn_shuf_only,local_sign+sample,0.018328465587898697,0.2960087233855646,False,0.0009360454872427158,True,False
IPC,conn_shuf_only,real,0.018328465587898697,1.0,False,0.9999999999984024,False,False
IPC,conn_shuf_only,shuffle,0.018328465587898697,0.0008343413877623022,True,0.0003577722556964673,True,True
IPC,conn_shuf_only,ws_p0.1+randN,0.018328465587898697,1.0,False,1.0,False,False
IPC,er+randN,global_sign_pres,0.018328465587898697,1.0,False,1.0,False,False
IPC,er+randN,local_sign,0.018328465587898697,1.0,False,1.0,False,False
IPC,er+randN,local_sign+binary,0.018328465587898697,1.0,False,1.0,False,False
IPC,er+randN,local_sign+flat,0.018328465587898697,1.0,False,1.0,False,False
IPC,er+randN,local_sign+sample,0.018328465587898697,1.0,False,1.0,False,False
IPC,er+randN,real,0.018328465587898697,1.0,False,1.0,False,False
IPC,er+randN,shuffle,0.018328465587898697,1.0,False,1.0,False,False
IPC,er+randN,ws_p0.1+randN,0.018328465587898697,2.2646780285125838e-12,True,0.30842636681651325,False,False
IPC,global_sign_pres,local_sign,0.018328465587898697,0.9982862156158356,False,0.08578856884312415,False,False
IPC,global_sign_pres,local_sign+binary,0.018328465587898697,1.1404680914431884e-10,True,0.0005999495146368254,True,True
IPC,global_sign_pres,local_sign+flat,0.018328465587898697,0.0433673265360284,True,0.010814098100199733,True,True
IPC,global_sign_pres,local_sign+sample,0.018328465587898697,1.0,False,0.6119816883098035,False,False
IPC,global_sign_pres,real,0.018328465587898697,0.0029210232889966725,True,0.9430874081701905,False,False
IPC,global_sign_pres,shuffle,0.018328465587898697,1.0,False,0.7239160555111459,False,False
IPC,global_sign_pres,ws_p0.1+randN,0.018328465587898697,1.0,False,1.0,False,False
IPC,local_sign,local_sign+binary,0.018328465587898697,0.9999873568100273,False,0.4307245899559508,False,False
IPC,local_sign,local_sign+flat,0.018328465587898697,0.0004084126130205784,True,0.0005059561321554079,True,True
IPC,local_sign,local_sign+sample,0.018328465587898697,0.9999942078617876,False,0.0056404396591735045,True,False
IPC,local_sign,real,0.018328465587898697,0.014963030304220703,True,0.9999949640284371,False,False
IPC,local_sign,shuffle,0.018328465587898697,0.9999999999981481,False,0.01340511856681888,True,False
IPC,local_sign,ws_p0.1+randN,0.018328465587898697,1.0,False,1.0,False,False
IPC,local_sign+binary,local_sign+flat,0.018328465587898697,0.3797340799597727,False,0.13174412812297967,False,False
IPC,local_sign+binary,local_sign+sample,0.018328465587898697,1.0,False,0.9207641238049944,False,False
IPC,local_sign+binary,real,0.018328465587898697,0.08680140544836085,False,0.6483248604442677,False,False
IPC,local_sign+binary,shuffle,0.018328465587898697,1.0,False,0.9560002607366301,False,False
IPC,local_sign+binary,ws_p0.1+randN,0.018328465587898697,1.0,False,1.0,False,False
IPC,local_sign+flat,local_sign+sample,0.018328465587898697,1.0,False,0.05048302620650479,False,False
IPC,local_sign+flat,real,0.018328465587898697,3.152596015074852e-11,True,0.9997656355361373,False,False
IPC,local_sign+flat,shuffle,0.018328465587898697,1.0,False,0.09236754115163778,False,False
IPC,local_sign+flat,ws_p0.1+randN,0.018328465587898697,1.0,False,1.0,False,False
IPC,local_sign+sample,real,0.018328465587898697,1.0,False,0.9999999919994874,False,False
IPC,local_sign+sample,shuffle,0.018328465587898697,6.613353983250264e-07,True,0.00018534500684250297,True,True
IPC,local_sign+sample,ws_p0.1+randN,0.018328465587898697,1.0,False,1.0,False,False
IPC,real,shuffle,0.018328465587898697,1.0,False,0.9999999979249787,False,False
IPC,real,ws_p0.1+randN,0.018328465587898697,1.0,False,1.0,False,False
IPC,shuffle,ws_p0.1+randN,0.018328465587898697,1.0,False,1.0,False,False
KR,cel+randN,celW+connShuf,0.016923423084470788,1.0,False,1.0,False,False
KR,cel+randN,cel_sample,0.016923423084470788,1.0,False,1.0,False,False
KR,cel+randN,conn_shuf_only,0.016923423084470788,1.0,False,1.0,False,False
KR,cel+randN,er+randN,0.016923423084470788,1.0,False,1.0,False,False
KR,cel+randN,global_sign_pres,0.016923423084470788,1.0,False,1.0,False,False
KR,cel+randN,local_sign,0.016923423084470788,1.0,False,1.0,False,False
KR,cel+randN,local_sign+binary,0.016923423084470788,1.0,False,1.0,False,False
KR,cel+randN,local_sign+flat,0.016923423084470788,1.0,False,1.0,False,False
KR,cel+randN,local_sign+sample,0.016923423084470788,1.0,False,1.0,False,False
KR,cel+randN,real,0.016923423084470788,1.0,False,1.0,False,False
KR,cel+randN,shuffle,0.016923423084470788,1.0,False,1.0,False,False
KR,cel+randN,ws_p0.1+randN,0.016923423084470788,1.0,False,1.0,False,False
KR,celW+connShuf,cel_sample,0.016923423084470788,3.177053794323341e-23,True,3.233189369031759e-07,True,True
KR,celW+connShuf,conn_shuf_only,0.016923423084470788,4.9009872874424995e-21,True,1.8566745478330587e-05,True,True
KR,celW+connShuf,er+randN,0.016923423084470788,1.0,False,1.0,False,False
KR,celW+connShuf,global_sign_pres,0.016923423084470788,1.0,False,1.0,False,False
KR,celW+connShuf,local_sign,0.016923423084470788,1.0,False,1.0,False,False
KR,celW+connShuf,local_sign+binary,0.016923423084470788,1.0,False,1.0,False,False
KR,celW+connShuf,local_sign+flat,0.016923423084470788,1.0,False,1.0,False,False
KR,celW+connShuf,local_sign+sample,0.016923423084470788,0.0006278707209163127,True,0.013742458028512528,True,True
KR,celW+connShuf,real,0.016923423084470788,1.0,False,1.0,False,False
KR,celW+connShuf,shuffle,0.016923423084470788,1.6144558596782616e-26,True,1.3339043935642951e-05,True,True
KR,celW+connShuf,ws_p0.1+randN,0.016923423084470788,1.0,False,1.0,False,False
KR,cel_sample,conn_shuf_only,0.016923423084470788,5.861047416526013e-12,True,0.0003452834467214187,True,True
KR,cel_sample,er+randN,0.016923423084470788,1.0,False,1.0,False,False
KR,cel_sample,global_sign_pres,0.016923423084470788,1.0,False,1.0,False,False
KR,cel_sample,local_sign,0.016923423084470788,1.0,False,1.0,False,False
KR,cel_sample,local_sign+binary,0.016923423084470788,1.0,False,1.0,False,False
KR,cel_sample,local_sign+flat,0.016923423084470788,1.0,False,1.0,False,False
KR,cel_sample,local_sign+sample,0.016923423084470788,1.653390586981802e-07,True,0.0024881919994408567,True,True
KR,cel_sample,real,0.016923423084470788,1.0,False,1.0,False,False
KR,cel_sample,shuffle,0.016923423084470788,8.588998975135462e-28,True,1.038515959077225e-06,True,True
KR,cel_sample,ws_p0.1+randN,0.016923423084470788,1.0,False,1.0,False,False
KR,conn_shuf_only,er+randN,0.016923423084470788,1.0,False,1.0,False,False
KR,conn_shuf_only,global_sign_pres,0.016923423084470788,1.0,False,1.0,False,False
KR,conn_shuf_only,local_sign,0.016923423084470788,1.0,False,1.0,False,False
KR,conn_shuf_only,local_sign+binary,0.016923423084470788,1.0,False,1.0,False,False
KR,conn_shuf_only,local_sign+flat,0.016923423084470788,1.0,False,1.0,False,False
KR,conn_shuf_only,local_sign+sample,0.016923423084470788,0.2020291365553442,False,0.1533524170118727,False,False
KR,conn_shuf_only,real,0.016923423084470788,1.0,False,1.0,False,False
KR,conn_shuf_only,shuffle,0.016923423084470788,7.779780169244875e-14,True,0.0027927519884930014,True,True
KR,conn_shuf_only,ws_p0.1+randN,0.016923423084470788,1.0,False,1.0,False,False
KR,er+randN,global_sign_pres,0.016923423084470788,1.0,False,1.0,False,False
KR,er+randN,local_sign,0.016923423084470788,1.0,False,1.0,False,False
KR,er+randN,local_sign+binary,0.016923423084470788,1.0,False,1.0,False,False
KR,er+randN,local_sign+flat,0.016923423084470788,1.0,False,1.0,False,False
KR,er+randN,local_sign+sample,0.016923423084470788,1.0,False,1.0,False,False
KR,er+randN,real,0.016923423084470788,1.0,False,1.0,False,False
KR,er+randN,shuffle,0.016923423084470788,1.0,False,1.0,False,False
KR,er+randN,ws_p0.1+randN,0.016923423084470788,1.571054498424573e-05,True,0.03631037114618781,True,True
KR,global_sign_pres,local_sign,0.016923423084470788,1.0,False,0.9999770647158513,False,False
KR,global_sign_pres,local_sign+binary,0.016923423084470788,2.5634023341315637e-15,True,0.0025279046926265296,True,True
KR,global_sign_pres,local_sign+flat,0.016923423084470788,0.6150548908607909,False,0.30276813880670084,False,False
KR,global_sign_pres,local_sign+sample,0.016923423084470788,1.0,False,1.0,False,False
KR,global_sign_pres,real,0.016923423084470788,2.555029011398463e-24,True,6.769491303298773e-09,True,True
KR,global_sign_pres,shuffle,0.016923423084470788,1.0,False,1.0,False,False
KR,global_sign_pres,ws_p0.1+randN,0.016923423084470788,1.0,False,1.0,False,False
KR,local_sign,local_sign+binary,0.016923423084470788,1.0,False,0.9999999999978454,False,False
KR,local_sign,local_sign+flat,0.016923423084470788,0.9079408865716652,False,0.20172534838653755,False,False
KR,local_sign,local_sign+sample,0.016923423084470788,1.0,False,0.9999999999999948,False,False
KR,local_sign,real,0.016923423084470788,1.0,False,0.9999982039348422,False,False
KR,local_sign,shuffle,0.016923423084470788,1.0,False,1.0,False,False
KR,local_sign,ws_p0.1+randN,0.016923423084470788,1.0,False,1.0,False,False
KR,local_sign+binary,local_sign+flat,0.016923423084470788,0.9999993525774978,False,0.988467781134291,False,False
KR,local_sign+binary,local_sign+sample,0.016923423084470788,1.0,False,1.0,False,False
KR,local_sign+binary,real,0.016923423084470788,5.127426371462574e-29,True,0.0006843172073179814,True,True
KR,local_sign+binary,shuffle,0.016923423084470788,1.0,False,1.0,False,False
KR,local_sign+binary,ws_p0.1+randN,0.016923423084470788,1.0,False,1.0,False,False
KR,local_sign+flat,local_sign+sample,0.016923423084470788,1.0,False,1.0,False,False
KR,local_sign+flat,real,0.016923423084470788,0.9988312600514937,False,0.26546143409548983,False,False
KR,local_sign+flat,shuffle,0.016923423084470788,1.0,False,1.0,False,False
KR,local_sign+flat,ws_p0.1+randN,0.016923423084470788,1.0,False,1.0,False,False
KR,local_sign+sample,real,0.016923423084470788,1.0,False,1.0,False,False
KR,local_sign+sample,shuffle,0.016923423084470788,1.482345828955325e-06,True,0.0007153690869268826,True,True
KR,local_sign+sample,ws_p0.1+randN,0.016923423084470788,1.0,False,1.0,False,False
KR,real,shuffle,0.016923423084470788,1.0,False,1.0,False,False
KR,real,ws_p0.1+randN,0.016923423084470788,1.0,False,1.0,False,False
KR,shuffle,ws_p0.1+randN,0.016923423084470788,1.0,False,1.0,False,False
MC,cel+randN,celW+connShuf,0.02124514592876728,1.0,False,1.0,False,False
MC,cel+randN,cel_sample,0.02124514592876728,1.0,False,1.0,False,False
MC,cel+randN,conn_shuf_only,0.02124514592876728,1.0,False,1.0,False,False
MC,cel+randN,er+randN,0.02124514592876728,0.9995077623515239,False,1.0,False,False
MC,cel+randN,global_sign_pres,0.02124514592876728,1.0,False,1.0,False,False
MC,cel+randN,local_sign,0.02124514592876728,1.0,False,1.0,False,False
MC,cel+randN,local_sign+binary,0.02124514592876728,1.0,False,1.0,False,False
MC,cel+randN,local_sign+flat,0.02124514592876728,1.0,False,1.0,False,False
MC,cel+randN,local_sign+sample,0.02124514592876728,1.0,False,1.0,False,False
MC,cel+randN,real,0.02124514592876728,1.0,False,1.0,False,False
MC,cel+randN,shuffle,0.02124514592876728,1.0,False,1.0,False,False
MC,cel+randN,ws_p0.1+randN,0.02124514592876728,0.9999999999995061,False,1.0,False,False
MC,celW+connShuf,cel_sample,0.02124514592876728,1.42098560599456e-08,True,9.527599609542267e-06,True,True
MC,celW+connShuf,conn_shuf_only,0.02124514592876728,1.0633288547996024e-08,True,0.00010982096468135952,True,True
MC,celW+connShuf,er+randN,0.02124514592876728,1.0,False,1.0,False,False
MC,celW+connShuf,global_sign_pres,0.02124514592876728,1.0,False,0.9999347084155775,False,False
MC,celW+connShuf,local_sign,0.02124514592876728,0.9479852262886395,False,0.48817826549343035,False,False
MC,celW+connShuf,local_sign+binary,0.02124514592876728,1.0,False,0.9999231256960965,False,False
MC,celW+connShuf,local_sign+flat,0.02124514592876728,0.9999999997567469,False,0.8461808261660405,False,False
MC,celW+connShuf,local_sign+sample,0.02124514592876728,2.068724139594611e-17,True,6.747027340541025e-05,True,True
MC,celW+connShuf,real,0.02124514592876728,0.999999999999572,False,0.9999324967449433,False,False
MC,celW+connShuf,shuffle,0.02124514592876728,5.005942181094762e-07,True,0.00017296606038366252,True,True
MC,celW+connShuf,ws_p0.1+randN,0.02124514592876728,1.0,False,1.0,False,False
MC,cel_sample,conn_shuf_only,0.02124514592876728,6.757891959114465e-16,True,7.765341841130629e-06,True,True
MC,cel_sample,er+randN,0.02124514592876728,1.0,False,1.0,False,False
MC,cel_sample,global_sign_pres,0.02124514592876728,1.0,False,0.9999948911661029,False,False
MC,cel_sample,local_sign,0.02124514592876728,0.9999894413164984,False,0.6188636188041988,False,False
MC,cel_sample,local_sign+binary,0.02124514592876728,1.0,False,0.9999939360378381,False,False
MC,cel_sample,local_sign+flat,0.02124514592876728,1.0,False,0.9242123796318917,False,False
MC,cel_sample,local_sign+sample,0.02124514592876728,2.1418525271822265e-08,True,6.047082486494914e-06,True,True
MC,cel_sample,real,0.02124514592876728,1.0,False,0.9999942117561473,False,False
MC,cel_sample,shuffle,0.02124514592876728,1.9895526432431767e-13,True,1.4173504185101778e-05,True,True
MC,cel_sample,ws_p0.1+randN,0.02124514592876728,1.0,False,1.0,False,False
MC,conn_shuf_only,er+randN,0.02124514592876728,1.0,False,1.0,False,False
MC,conn_shuf_only,global_sign_pres,0.02124514592876728,1.0,False,0.9999998849258055,False,False
MC,conn_shuf_only,local_sign,0.02124514592876728,0.999998080042615,False,0.8431019735994217,False,False
MC,conn_shuf_only,local_sign+binary,0.02124514592876728,1.0,False,0.9999998639305111,False,False
MC,conn_shuf_only,local_sign+flat,0.02124514592876728,1.0,False,0.9853334074882588,False,False
MC,conn_shuf_only,local_sign+sample,0.02124514592876728,1.7058932924301098e-08,True,8.976956115211858e-06,True,True
MC,conn_shuf_only,real,0.02124514592876728,1.0,False,0.999999852494681,False,False
MC,conn_shuf_only,shuffle,0.02124514592876728,5.767965730436736e-15,True,3.0939965036853764e-07,True,True
MC,conn_shuf_only,ws_p0.1+randN,0.02124514592876728,1.0,False,1.0,False,False
MC,er+randN,global_sign_pres,0.02124514592876728,1.0,False,1.0,False,False
MC,er+randN,local_sign,0.02124514592876728,1.0,False,1.0,False,False
MC,er+randN,local_sign+binary,0.02124514592876728,1.0,False,1.0,False,False
MC,er+randN,local_sign+flat,0.02124514592876728,1.0,False,1.0,False,False
MC,er+randN,local_sign+sample,0.02124514592876728,1.0,False,1.0,False,False
MC,er+randN,real,0.02124514592876728,1.0,False,1.0,False,False
MC,er+randN,shuffle,0.02124514592876728,1.0,False,1.0,False,False
MC,er+randN,ws_p0.1+randN,0.02124514592876728,2.0610075355379615e-07,True,0.008305321306573365,True,True
MC,global_sign_pres,local_sign,0.02124514592876728,0.729201261436871,False,0.2563145211942405,False,False
MC,global_sign_pres,local_sign+binary,0.02124514592876728,3.75379473060269e-11,True,2.076673939590161e-06,True,True
MC,global_sign_pres,local_sign+flat,0.02124514592876728,4.4321267802292425e-05,True,0.0390441327421238,True,True
MC,global_sign_pres,local_sign+sample,0.02124514592876728,1.0,False,0.9999943162462319,False,False
MC,global_sign_pres,real,0.02124514592876728,3.6694456233796546e-07,True,3.750382127050367e-06,True,True
MC,global_sign_pres,shuffle,0.02124514592876728,1.0,False,0.9999998974153363,False,False
MC,global_sign_pres,ws_p0.1+randN,0.02124514592876728,1.0,False,1.0,False,False
MC,local_sign,local_sign+binary,0.02124514592876728,0.9938355088552141,False,0.23494631691233575,False,False
MC,local_sign,local_sign+flat,0.02124514592876728,3.3461555035344166e-05,True,0.0003067143341127826,True,True
MC,local_sign,local_sign+sample,0.02124514592876728,0.9502442645499856,False,0.7005060998898214,False,False
MC,local_sign,real,0.02124514592876728,0.004250450464037839,True,0.28309533599575726,False,False
MC,local_sign,shuffle,0.02124514592876728,0.9999995982376024,False,0.8596362435677918,False,False
MC,local_sign,ws_p0.1+randN,0.02124514592876728,1.0,False,1.0,False,False
MC,local_sign+binary,local_sign+flat,0.02124514592876728,0.023907434026701136,True,0.0330408705256802,True,True
MC,local_sign+binary,local_sign+sample,0.02124514592876728,1.0,False,0.9999932769378671,False,False
MC,local_sign+binary,real,0.02124514592876728,0.000978925026302279,True,4.440269210510407e-06,True,True
MC,local_sign+binary,shuffle,0.02124514592876728,1.0,False,0.9999998787236459,False,False
MC,local_sign+binary,ws_p0.1+randN,0.02124514592876728,1.0,False,1.0,False,False
MC,local_sign+flat,local_sign+sample,0.02124514592876728,0.9999999995480857,False,0.9445957771323751,False,False
MC,local_sign+flat,real,0.02124514592876728,1.6312491082863468e-12,True,0.04888827927878793,True,True
MC,local_sign+flat,shuffle,0.02124514592876728,1.0,False,0.9873931099153922,False,False
MC,local_sign+flat,ws_p0.1+randN,0.02124514592876728,1.0,False,1.0,False,False
MC,local_sign+sample,real,0.02124514592876728,0.9999999999990596,False,0.9999937774173923,False,False
MC,local_sign+sample,shuffle,0.02124514592876728,6.683078123552686e-07,True,1.546423882837574e-05,True,True
MC,local_sign+sample,ws_p0.1+randN,0.02124514592876728,1.0,False,1.0,False,False
MC,real,shuffle,0.02124514592876728,1.0,False,0.9999998693221297,False,False
MC,real,ws_p0.1+randN,0.02124514592876728,1.0,False,1.0,False,False
MC,shuffle,ws_p0.1+randN,0.02124514592876728,1.0,False,1.0,False,False
