model,neuron_bias,capacity_threshold,order,parity,mean_ipc_contrib,std_ipc_contrib,median_ipc_contrib,ratio_to_order3
binary_base,0.0,0.0,1,odd,3.7274940517445443,0.5351565384446142,3.782939722735364,2.0040314731584234
binary_base,0.0,0.0,2,even,0.18178938883071377,0.026746842624046925,0.18191777093139194,0.09773634823977234
binary_base,0.0,0.0,3,odd,1.859997760349484,0.5066668300332656,1.8942152630912261,1.0
binary_base,0.0,0.0,4,even,0.16894670449505395,0.021457179554161883,0.16846302718298034,0.0908316709280928
binary_base,0.0,0.0,5,odd,0.8387109857022523,0.34757701351486076,0.8828555174003725,0.45092042774538765
binary_base,0.0,0.0,6,even,0.16511608389541144,0.023796820824901914,0.17326241117249305,0.08877219500758268
binary_base,0.0,0.0,7,odd,0.3061014645721646,0.1082494798666751,0.27912264157107813,0.16457087803947124
binary_base,0.0,0.0,8,even,0.1908838466076616,0.03444167540179628,0.1871127982004097,0.1026258475557495
binary_base,0.0,0.0,9,odd,0.2037431034859667,0.028304883382994764,0.20267517380881372,0.10953943484732176
binary_base,0.0,0.0,10,even,0.17378189260303775,0.03699691264312474,0.1737083808087263,0.09343123755718127
binary_base,0.0,0.001,1,odd,3.7165443479374516,0.5360152154343779,3.7711959670414217,2.0094508959959945
binary_base,0.0,0.001,2,even,0.16933248920831828,0.027756064342470972,0.16947214014362544,0.09155422088524848
binary_base,0.0,0.001,3,odd,1.8495323052396997,0.5073300425538735,1.883362713677343,1.0
binary_base,0.0,0.001,4,even,0.15607980988570488,0.021729850447414153,0.1563572256709449,0.08438879896476148
binary_base,0.0,0.001,5,odd,0.8272348186990712,0.34802063120009874,0.8736252872622572,0.4472670287269524
binary_base,0.0,0.001,6,even,0.1527393877215218,0.025088009412014747,0.15856195765081793,0.08258270876848876
binary_base,0.0,0.001,7,odd,0.2929965405666735,0.10851744548620233,0.26520229707239196,0.15841655738405774
binary_base,0.0,0.001,8,even,0.17944533721311018,0.0360676984321501,0.17653238400816917,0.09702200751224728
binary_base,0.0,0.001,9,odd,0.19202749255346135,0.029018050101868403,0.18915641243802384,0.1038248923846586
binary_base,0.0,0.001,10,even,0.16153394882567226,0.038229053906904856,0.1632828658912331,0.0873377276882641
binary_base,0.0,0.005,1,odd,3.658683625026606,0.5304307333430465,3.7086879489943385,2.056982591541165
binary_base,0.0,0.005,2,even,0.09907915706280619,0.029505133059825384,0.1002119961194694,0.05570421554590775
binary_base,0.0,0.005,3,odd,1.7786653324496,0.5067714735195101,1.8233119559008628,1.0
binary_base,0.0,0.005,4,even,0.08113346139434725,0.0209182878545155,0.0764022006187588,0.04561479886866027
binary_base,0.0,0.005,5,odd,0.7600083674071356,0.3494602877943702,0.8059374943841249,0.4272913816566283
binary_base,0.0,0.005,6,even,0.07921862555667758,0.023365764889610455,0.07866188953630626,0.044538241180861554
binary_base,0.0,0.005,7,odd,0.22557948131579905,0.1050571008314096,0.19678376195952296,0.1268251408516116
binary_base,0.0,0.005,8,even,0.10347170627210289,0.03384057610057679,0.10020962893031538,0.05817379154154895
binary_base,0.0,0.005,9,odd,0.11655931724235416,0.03193253383193438,0.12368733272887766,0.06553189918073414
binary_base,0.0,0.005,10,even,0.0884377023205161,0.0395318430677155,0.08262764452956617,0.04972138417895547
binary_base,0.0,0.01,1,odd,3.605299249989912,0.5320680343872733,3.6811659396626055,2.0892997036957186
binary_base,0.0,0.01,2,even,0.047750868881121275,0.02278943598358872,0.046249622479081154,0.027672009807457435
binary_base,0.0,0.01,3,odd,1.7256017619743944,0.5077937960544835,1.7824655999429524,1.0
binary_base,0.0,0.01,4,even,0.032959033641964196,0.018051646571588878,0.02569227945059538,0.019100023173512073
binary_base,0.0,0.01,5,odd,0.7018908725120128,0.347100547210693,0.7592288204468787,0.406751365221675
binary_base,0.0,0.01,6,even,0.030408553313463926,0.016529065084889424,0.03306406224146485,0.017621999457552218
binary_base,0.0,0.01,7,odd,0.1696125356014818,0.10580582996160798,0.13778814719989896,0.09829181873772252
binary_base,0.0,0.01,8,even,0.0409322754945606,0.02415412116119384,0.04268653551116586,0.023720580493454536
binary_base,0.0,0.01,9,odd,0.06056305104866624,0.02416663986283552,0.06832696590572596,0.035096771678867184
binary_base,0.0,0.01,10,even,0.03463993538171053,0.022932273184318612,0.0352158322930336,0.020074119153701084
binary_base,0.1,0.0,1,odd,3.3012735031015823,0.4581529527830579,3.3259811250888163,1.8150346947047034
binary_base,0.1,0.0,2,even,1.4332143428873525,0.4061574257194899,1.3190713287464746,0.7879788678050961
binary_base,0.1,0.0,3,odd,1.8188487045084734,0.40469900881183934,1.8885338865877408,1.0
binary_base,0.1,0.0,4,even,0.5730494695653224,0.2928902092853973,0.4820536042749221,0.315061647593269
binary_base,0.1,0.0,5,odd,0.816551461183801,0.3110173058767376,0.8700339249454601,0.44893863857932387
binary_base,0.1,0.0,6,even,0.2285822173582269,0.056909472609969564,0.2152302019529415,0.12567412385187865
binary_base,0.1,0.0,7,odd,0.33092247933000796,0.13314329878765488,0.3079351246762201,0.1819406300863472
binary_base,0.1,0.0,8,even,0.18189948040211382,0.03532809276927289,0.16962763033610262,0.10000803252696625
binary_base,0.1,0.0,9,odd,0.20140281544817848,0.04282528232888076,0.201994738292736,0.1107309337763779
binary_base,0.1,0.0,10,even,0.17398356471944942,0.03345641788892059,0.1769062293436452,0.09565587521831115
binary_base,0.1,0.001,1,odd,3.291204130259575,0.45841388520790827,3.3142611815128475,1.8209984696568944
binary_base,0.1,0.001,2,even,1.4213781527243554,0.40648874016727876,1.305182724900078,0.7864378320133717
binary_base,0.1,0.001,3,odd,1.8073623811884318,0.40542884357120523,1.8773216328117996,1.0
binary_base,0.1,0.001,4,even,0.5616879347944632,0.29427945953467605,0.4678394440561533,0.3107777060321047
binary_base,0.1,0.001,5,odd,0.8040492671483662,0.31191608108262275,0.8578349287854508,0.4448744067693073
binary_base,0.1,0.001,6,even,0.21655672144843266,0.05737044947851412,0.20708910323446617,0.11981920377585578
binary_base,0.1,0.001,7,odd,0.31884943474433386,0.13299387394664902,0.29574933648109436,0.176416992000616
binary_base,0.1,0.001,8,even,0.16901401181239634,0.0357315226265392,0.15896066377172247,0.09351418042753612
binary_base,0.1,0.001,9,odd,0.18902418412617408,0.04449662212428209,0.19315619789995253,0.10458565813563142
binary_base,0.1,0.001,10,even,0.16112071526004001,0.034099267220345106,0.16406330099562183,0.08914687886448927
binary_base,0.1,0.005,1,odd,3.2272824970539657,0.45551254072094216,3.253456376725808,1.8573628616628823
binary_base,0.1,0.005,2,even,1.350952746043913,0.4096662174642212,1.2403083231765777,0.7774991686206555
binary_base,0.1,0.005,3,odd,1.7375616599572823,0.4072315268654061,1.8109584792982787,1.0
binary_base,0.1,0.005,4,even,0.4877759262220934,0.2897819956983598,0.4037404744885862,0.28072438375170256
binary_base,0.1,0.005,5,odd,0.737456743279472,0.3097667213389052,0.7739750999026,0.4244204739747781
binary_base,0.1,0.005,6,even,0.14661568661686034,0.054928470086531005,0.1384152581449598,0.08438013452740714
binary_base,0.1,0.005,7,odd,0.24777522613294423,0.1372821388240625,0.21233348199166358,0.14259938616453804
binary_base,0.1,0.005,8,even,0.09568518882151693,0.03215851767537803,0.08881993032991886,0.05506865800887281
binary_base,0.1,0.005,9,odd,0.1140857279766351,0.04015881249293721,0.11486554145812988,0.06565852056118682
binary_base,0.1,0.005,10,even,0.08607648517936468,0.03440171644240864,0.09069507755339146,0.04953866510928934
binary_base,0.1,0.01,1,odd,3.166981250792742,0.45554840353485004,3.199959841091186,1.8791854030329052
binary_base,0.1,0.01,2,even,1.2911198720801622,0.3957577651361547,1.1869226242415607,0.7661092456961738
binary_base,0.1,0.01,3,odd,1.685294727003202,0.40230262369198483,1.7421360835433006,1.0
binary_base,0.1,0.01,4,even,0.43757526357658205,0.2882108501747327,0.35963448556140065,0.2596431689753638
binary_base,0.1,0.01,5,odd,0.6795218701008707,0.3050874811408753,0.7285759085789323,0.40320654851225896
binary_base,0.1,0.01,6,even,0.09712365460582077,0.06031847014047122,0.09143591253086925,0.0576300709007299
binary_base,0.1,0.01,7,odd,0.18504046178422867,0.14070261179564345,0.14201896451413631,0.10979709294721902
binary_base,0.1,0.01,8,even,0.04932864131405949,0.03302754706803301,0.03993567684665322,0.029270038364017127
binary_base,0.1,0.01,9,odd,0.06497211856767535,0.03778138302337772,0.057526853401213884,0.03855237753173834
binary_base,0.1,0.01,10,even,0.037863000156357886,0.027796429245140464,0.026705927215516567,0.02246669354011807
er_randN,0.0,0.0,1,odd,9.058126131192044,0.45842997328318946,9.05716870362222,2.263134717421961
er_randN,0.0,0.0,2,even,0.20495762970075507,0.05539461881438542,0.1798197314429899,0.051207801774697886
er_randN,0.0,0.0,3,odd,4.002468815250452,0.24393639579743442,4.027409828096575,1.0
er_randN,0.0,0.0,4,even,0.1843476483263793,0.062235067686607096,0.1562023028849655,0.04605848460929079
er_randN,0.0,0.0,5,odd,1.0752973658802207,0.24749381563125133,1.0297971619976716,0.2686585244045017
er_randN,0.0,0.0,6,even,0.17890978591448764,0.025086367306646276,0.17480115745101443,0.04469985755611501
er_randN,0.0,0.0,7,odd,0.2690696045201063,0.07156491416268358,0.24740046354146716,0.06722590904265907
er_randN,0.0,0.0,8,even,0.1768463113908915,0.021483735013131267,0.1765742810399047,0.044184307124907715
er_randN,0.0,0.0,9,odd,0.180544056400662,0.03651333055114024,0.17574559358052566,0.04510817316370885
er_randN,0.0,0.0,10,even,0.17987012586876877,0.03175495533112812,0.1873310738509204,0.04493979445471669
er_randN,0.0,0.001,1,odd,9.049032795394305,0.45951466808651203,9.048706077970564,2.2669444601140794
er_randN,0.0,0.001,2,even,0.19369089221581817,0.0572846555565984,0.16748756932793185,0.04852303058363149
er_randN,0.0,0.001,3,odd,3.991731140576303,0.24387486136817874,4.0190066954819486,1.0
er_randN,0.0,0.001,4,even,0.17091866141417994,0.06338202230111462,0.14378569996915758,0.0428181797307881
er_randN,0.0,0.001,5,odd,1.0636471892590635,0.24760570992608338,1.0168322863755748,0.2664626328278964
er_randN,0.0,0.001,6,even,0.16677586855366827,0.02524964670466743,0.16442279459442943,0.04178033606982612
er_randN,0.0,0.001,7,odd,0.2560874560673255,0.07219337179178029,0.23570549918804318,0.06415448512154881
er_randN,0.0,0.001,8,even,0.16420175208477303,0.02225773784010034,0.16544282739050686,0.04113547388391156
er_randN,0.0,0.001,9,odd,0.16757383803487755,0.0377871559740508,0.16243516642134637,0.041980241687992095
er_randN,0.0,0.001,10,even,0.1680942679522559,0.032701914727857107,0.1763605773448944,0.04211061868460094
er_randN,0.0,0.005,1,odd,8.99043325749226,0.4610036233593706,8.978914070641622,2.28708569029104
er_randN,0.0,0.005,2,even,0.11322936252690852,0.052824725715440043,0.09192599169909954,0.02880453559234845
er_randN,0.0,0.005,3,odd,3.9309560178080574,0.2432146033548236,3.9550165270920843,1.0
er_randN,0.0,0.005,4,even,0.09811455130111427,0.06813744293782481,0.07199017750099301,0.02495946300508953
er_randN,0.0,0.005,5,odd,0.9954848767258226,0.24318381860991398,0.9590678447857499,0.25324243573727784
er_randN,0.0,0.005,6,even,0.09581827658694238,0.02888675819037441,0.09432722860947251,0.024375311286329696
er_randN,0.0,0.005,7,odd,0.18681314243003727,0.07197047226781186,0.1741215866059065,0.0475235900843801
er_randN,0.0,0.005,8,even,0.08926478310022504,0.019526144011874105,0.08917478332296014,0.02270816124521282
er_randN,0.0,0.005,9,odd,0.09918903794605285,0.035329911874233386,0.0963490076828748,0.02523280278301402
er_randN,0.0,0.005,10,even,0.09377901626285165,0.03369913301335271,0.09584144852124155,0.023856541726239872
er_randN,0.0,0.01,1,odd,8.94664760278538,0.4486260625127532,8.931284258607775,2.3047916906883374
er_randN,0.0,0.01,2,even,0.04503957745619118,0.038553401804289775,0.03420592052862048,0.011602876125446674
er_randN,0.0,0.01,3,odd,3.8817597438115627,0.24517026570690953,3.890035883523524,1.0
er_randN,0.0,0.01,4,even,0.045406844653189185,0.05179392302097553,0.024929021950811148,0.011697489708263982
er_randN,0.0,0.01,5,odd,0.9446282687596976,0.2504714544846401,0.915680377278477,0.24335052427334203
er_randN,0.0,0.01,6,even,0.04257814045995474,0.02267199788012058,0.04550661984831095,0.010968772739692172
er_randN,0.0,0.01,7,odd,0.1349206102080643,0.06664392035898387,0.12038970785215497,0.03475758911229874
er_randN,0.0,0.01,8,even,0.037140313908457755,0.020130676272639324,0.03621325083076954,0.009567906403189467
er_randN,0.0,0.01,9,odd,0.04362239949405193,0.028882755497483314,0.047584474086761475,0.01123778965547682
er_randN,0.0,0.01,10,even,0.0368479248136282,0.02197008809868212,0.033451170194894075,0.009492582551604964
er_randN,0.1,0.0,1,odd,8.9556438271243,0.40485284640729174,8.90183183667117,2.315153591196879
er_randN,0.1,0.0,2,even,3.117628135320668,0.2797724543572813,3.030299718538945,0.8059485295343349
er_randN,0.1,0.0,3,odd,3.868272006305399,0.25359029199373384,3.8332659942663696,1.0
er_randN,0.1,0.0,4,even,0.6436221272543388,0.17007722795984234,0.6218154164274754,0.16638491972777908
er_randN,0.1,0.0,5,odd,0.9730145841057973,0.23691024983044898,0.9122616755587671,0.25153727103982204
er_randN,0.1,0.0,6,even,0.22616503722245218,0.06777994674968607,0.21969590062388278,0.058466684052671684
er_randN,0.1,0.0,7,odd,0.27589171703730114,0.05626689240216455,0.2715300849024105,0.07132169521367407
er_randN,0.1,0.0,8,even,0.17984572999284604,0.026659997572794514,0.18051520727851766,0.04649252423296297
er_randN,0.1,0.0,9,odd,0.17955824883968433,0.03329930247685368,0.17252973787532433,0.04641820651365752
er_randN,0.1,0.0,10,even,0.17738008115098686,0.031063647937870264,0.1677986002720429,0.04585512106228622
er_randN,0.1,0.001,1,odd,8.945874760439619,0.40512651988160375,8.893204370106105,2.318852118040483
er_randN,0.1,0.001,2,even,3.106694311159663,0.280179197862321,3.016612829407677,0.8052834268812059
er_randN,0.1,0.001,3,odd,3.85788929394912,0.2531047519148854,3.821489313559141,1.0
er_randN,0.1,0.001,4,even,0.6321379175700713,0.17046474996126146,0.6083412742009386,0.16385589875830386
er_randN,0.1,0.001,5,odd,0.9614273350685835,0.23660858777724228,0.9021968254819512,0.24921071130178038
er_randN,0.1,0.001,6,even,0.21521886157570408,0.06866121196279511,0.20966167229926214,0.0557866867546621
er_randN,0.1,0.001,7,odd,0.2640069564804435,0.056265547961180364,0.26012208964675665,0.0684330047766076
er_randN,0.1,0.001,8,even,0.1680243421229534,0.027662587903656135,0.16931595973437652,0.04355343798654099
er_randN,0.1,0.001,9,odd,0.16701541630900466,0.03444625039392481,0.16029463236918673,0.0432919152374224
er_randN,0.1,0.001,10,even,0.16551732233492658,0.03270505173003774,0.15498970437329262,0.042903595651262234
er_randN,0.1,0.005,1,odd,8.891551554831675,0.40527949621333914,8.843344826251268,2.3463783475447806
er_randN,0.1,0.005,2,even,3.0487861461238936,0.27886550530526133,2.955770367756486,0.8045396526630187
er_randN,0.1,0.005,3,odd,3.789479034417309,0.25061218844778876,3.7596526090055704,1.0
er_randN,0.1,0.005,4,even,0.5623807861469686,0.17152550577839612,0.5451679527759552,0.1484058312605082
er_randN,0.1,0.005,5,odd,0.89443237145897,0.23662091393753665,0.843269964447245,0.2360304314486075
er_randN,0.1,0.005,6,even,0.13731534951366484,0.06484934382056812,0.13055267021991313,0.036235943850466294
er_randN,0.1,0.005,7,odd,0.193282361025922,0.0597965743604239,0.18976757116615772,0.051004995481032434
er_randN,0.1,0.005,8,even,0.08606789340265095,0.023410415923166183,0.08227022341452539,0.022712328692401702
er_randN,0.1,0.005,9,odd,0.09002937630284577,0.025582882395356422,0.08635438187047839,0.023757718537342213
er_randN,0.1,0.005,10,even,0.09011350153014064,0.03114386230310159,0.07945937826298177,0.023779918218757735
er_randN,0.1,0.01,1,odd,8.841425948916003,0.40945091568488634,8.757727749180049,2.366309075062622
er_randN,0.1,0.01,2,even,2.9973250335548074,0.28190482030100006,2.9216575557366014,0.8022006256448602
er_randN,0.1,0.01,3,odd,3.736378329480067,0.25712831315428275,3.6995726176537573,1.0
er_randN,0.1,0.01,4,even,0.5036786529235542,0.1694050997880803,0.498295976780355,0.13480397553682505
er_randN,0.1,0.01,5,odd,0.8435125885996968,0.23777838594696118,0.8077618288807571,0.22575673933883328
er_randN,0.1,0.01,6,even,0.07931283405050635,0.05800329996078799,0.07118227938190103,0.021227195711078613
er_randN,0.1,0.01,7,odd,0.13271731114946306,0.06312432980930421,0.12995688244700432,0.03552030855717206
er_randN,0.1,0.01,8,even,0.035564422700554134,0.019124569000729716,0.030514074489474297,0.009518421199467527
er_randN,0.1,0.01,9,odd,0.03899862566031516,0.02130751240927706,0.03450779290869832,0.010437547330958315
er_randN,0.1,0.01,10,even,0.030095527600497007,0.01924449258556959,0.024366832338273525,0.008054732403044669
global_sign_pres_real_weight,0.0,0.0,1,odd,4.727790839916044,0.704190724088923,4.602127737743699,2.153565026022245
global_sign_pres_real_weight,0.0,0.0,2,even,0.16728791676850124,0.028009186546801658,0.1713322519114442,0.07620163814928034
global_sign_pres_real_weight,0.0,0.0,3,odd,2.195332289848957,0.5206519923514035,2.1664389909971966,1.0
global_sign_pres_real_weight,0.0,0.0,4,even,0.17350560869392226,0.03009341737792897,0.18046075262528616,0.07903387086146298
global_sign_pres_real_weight,0.0,0.0,5,odd,0.8703738630697322,0.347212080426243,0.8664483868849007,0.39646565902313385
global_sign_pres_real_weight,0.0,0.0,6,even,0.18186871442131797,0.028162586929572707,0.18077489285747106,0.08284336510799051
global_sign_pres_real_weight,0.0,0.0,7,odd,0.3247469053478,0.09348841202918384,0.3573762832431804,0.14792608246569508
global_sign_pres_real_weight,0.0,0.0,8,even,0.16880865416803123,0.02515962328562313,0.16353004878454325,0.07689435214367735
global_sign_pres_real_weight,0.0,0.0,9,odd,0.2106073051967821,0.07016229386914195,0.20365283901365405,0.09593413542478907
global_sign_pres_real_weight,0.0,0.0,10,even,0.17460941435280994,0.026542484372605875,0.17939649039237526,0.07953666748318242
global_sign_pres_real_weight,0.0,0.001,1,odd,4.717759412503801,0.7041770719311184,4.591029045870528,2.159242683195498
global_sign_pres_real_weight,0.0,0.001,2,even,0.15385455032228493,0.03020004513163374,0.15911092492751777,0.07041675571230914
global_sign_pres_real_weight,0.0,0.001,3,odd,2.1849139280267993,0.5201470268999933,2.157142409530934,1.0
global_sign_pres_real_weight,0.0,0.001,4,even,0.16173477686243132,0.03130641271507078,0.16795688157435507,0.07402340878869053
global_sign_pres_real_weight,0.0,0.001,5,odd,0.858550508058397,0.3475099870419489,0.855282410804648,0.39294477326791355
global_sign_pres_real_weight,0.0,0.001,6,even,0.16953027295530773,0.028738277919101125,0.1701871978584677,0.07759128210071456
global_sign_pres_real_weight,0.0,0.001,7,odd,0.31301111658103764,0.09315435222230177,0.34299437917070463,0.14326015893162378
global_sign_pres_real_weight,0.0,0.001,8,even,0.1556127141811885,0.026032210968534815,0.1492809826740995,0.07122143906223467
global_sign_pres_real_weight,0.0,0.001,9,odd,0.19764143958454952,0.07135169719541769,0.1919476663460955,0.09045731140678843
global_sign_pres_real_weight,0.0,0.001,10,even,0.1627708538901061,0.02752057803085394,0.16917482734424993,0.0744976045976808
global_sign_pres_real_weight,0.0,0.005,1,odd,4.653008447005414,0.7100755236907054,4.520777266006917,2.20138272194687
global_sign_pres_real_weight,0.0,0.005,2,even,0.08047223144676537,0.029779811368959422,0.09358998318202794,0.038072181024607694
global_sign_pres_real_weight,0.0,0.005,3,odd,2.1136753734899685,0.5164610533421311,2.0857590676750988,1.0
global_sign_pres_real_weight,0.0,0.005,4,even,0.08491413206793368,0.031159856052733442,0.0833372212946415,0.0401736866185505
global_sign_pres_real_weight,0.0,0.005,5,odd,0.7890277751721442,0.34847078748002625,0.7945512349251658,0.37329657385814685
global_sign_pres_real_weight,0.0,0.005,6,even,0.10033046554308385,0.03362581008480183,0.10523580573499203,0.04746730117663455
global_sign_pres_real_weight,0.0,0.005,7,odd,0.2441558083286509,0.09647465149227558,0.27950390917249024,0.1155124440540347
global_sign_pres_real_weight,0.0,0.005,8,even,0.08434999231249093,0.02934443948637823,0.07150150998495519,0.03990678671399644
global_sign_pres_real_weight,0.0,0.005,9,odd,0.12913040146231652,0.0677210450516137,0.11954826838336885,0.06109282583403736
global_sign_pres_real_weight,0.0,0.005,10,even,0.0861844593193382,0.029987126251581526,0.08639216027222574,0.04077469056993166
global_sign_pres_real_weight,0.0,0.01,1,odd,4.603899408690632,0.7109310600050179,4.470000803470612,2.2375069435520665
global_sign_pres_real_weight,0.0,0.01,2,even,0.03527385890483856,0.019092160766643933,0.035619364120066166,0.017143186073194185
global_sign_pres_real_weight,0.0,0.01,3,odd,2.0576022889930754,0.5156762753474944,2.0432131397537887,1.0
global_sign_pres_real_weight,0.0,0.01,4,even,0.03489504032768309,0.03000829243402387,0.02800064766779542,0.01695907927122282
global_sign_pres_real_weight,0.0,0.01,5,odd,0.74212866416201,0.35102448109992684,0.7515327888540924,0.36067643787720705
global_sign_pres_real_weight,0.0,0.01,6,even,0.03883413621224463,0.027279388834800813,0.03490967070683837,0.018873489993660928
global_sign_pres_real_weight,0.0,0.01,7,odd,0.1850000568665564,0.0907553859580409,0.22404831182211637,0.08991050304336971
global_sign_pres_real_weight,0.0,0.01,8,even,0.03424298446625471,0.024911553222449114,0.02569629205390811,0.016642178446939875
global_sign_pres_real_weight,0.0,0.01,9,odd,0.07661341717466712,0.06409170411448416,0.04845979996025562,0.03723431762518075
global_sign_pres_real_weight,0.0,0.01,10,even,0.03565537091344595,0.025088181419027758,0.028085488826036453,0.017328601889772657
global_sign_pres_real_weight,0.1,0.0,1,odd,4.704299713834918,0.7588681212557868,4.5290752167891,2.1174645762964266
global_sign_pres_real_weight,0.1,0.0,2,even,1.913526501018809,0.45111281691552896,1.882818786739442,0.8613023889178932
global_sign_pres_real_weight,0.1,0.0,3,odd,2.221666310972258,0.40979338124395576,2.255191283488689,1.0
global_sign_pres_real_weight,0.1,0.0,4,even,0.6726421095309185,0.23999059106708404,0.624253618426227,0.3027646889224121
global_sign_pres_real_weight,0.1,0.0,5,odd,0.908373368672029,0.2870980324322053,0.9742511970229799,0.40887029892193916
global_sign_pres_real_weight,0.1,0.0,6,even,0.2867570532790068,0.0775352900338493,0.26403388598861754,0.1290729628760111
global_sign_pres_real_weight,0.1,0.0,7,odd,0.30313375763153194,0.07970556948100266,0.28744904008022587,0.13644432385477046
global_sign_pres_real_weight,0.1,0.0,8,even,0.19073069962127426,0.03197119812043246,0.1918388931315551,0.0858502911437702
global_sign_pres_real_weight,0.1,0.0,9,odd,0.2077181724830969,0.03672982874880213,0.20794795733900173,0.0934965667243674
global_sign_pres_real_weight,0.1,0.0,10,even,0.18552635015467933,0.024025815313075117,0.18194056379552936,0.0835077478730315
global_sign_pres_real_weight,0.1,0.001,1,odd,4.693517805711599,0.7595229757895569,4.516650685749482,2.1237916515119157
global_sign_pres_real_weight,0.1,0.001,2,even,1.9015114181733224,0.4510245173999448,1.872973467106931,0.8604237253040118
global_sign_pres_real_weight,0.1,0.001,3,odd,2.2099709274072667,0.4094952757301691,2.242447459953837,1.0
global_sign_pres_real_weight,0.1,0.001,4,even,0.6597542616247665,0.2393335090262922,0.6134356177062728,0.2985352673389187
global_sign_pres_real_weight,0.1,0.001,5,odd,0.8962818283878733,0.28765216913456787,0.962581880914513,0.4055627235962734
global_sign_pres_real_weight,0.1,0.001,6,even,0.27469832077622414,0.07772768608702271,0.2511622518650256,0.12429951786673485
global_sign_pres_real_weight,0.1,0.001,7,odd,0.2905845842906274,0.07924065797482792,0.2764434004202485,0.1314879669623259
global_sign_pres_real_weight,0.1,0.001,8,even,0.17833354194299317,0.03276980902485822,0.18076336436206475,0.08069497192536089
global_sign_pres_real_weight,0.1,0.001,9,odd,0.1956473028054461,0.03685260950432629,0.19632546190405264,0.08852935592007045
global_sign_pres_real_weight,0.1,0.001,10,even,0.17348940044175834,0.025378080941057684,0.16902697761543095,0.07850302385891372
global_sign_pres_real_weight,0.1,0.005,1,odd,4.6265004590386525,0.7624211494319756,4.441873300587758,2.160703735273615
global_sign_pres_real_weight,0.1,0.005,2,even,1.8340274437330664,0.4575461424518375,1.8086003938224167,0.8565415659964704
global_sign_pres_real_weight,0.1,0.005,3,odd,2.1412007502513006,0.4093275336037344,2.173924111528322,1.0
global_sign_pres_real_weight,0.1,0.005,4,even,0.5883983004139737,0.24303573715280488,0.5436120480298996,0.27479828799093997
global_sign_pres_real_weight,0.1,0.005,5,odd,0.8305571022909135,0.2835346752968127,0.8943196821492165,0.387893149296457
global_sign_pres_real_weight,0.1,0.005,6,even,0.20109052096959204,0.07723037794617367,0.18498975574038923,0.09391483771243364
global_sign_pres_real_weight,0.1,0.005,7,odd,0.22193459898699075,0.07938992576535876,0.2102652897592634,0.1036495989275847
global_sign_pres_real_weight,0.1,0.005,8,even,0.10639744035433978,0.03108859421212552,0.10530529078096151,0.04969054879223842
global_sign_pres_real_weight,0.1,0.005,9,odd,0.12283348748460413,0.03859481119459032,0.12808486633002758,0.057366637607514315
global_sign_pres_real_weight,0.1,0.005,10,even,0.09598181063774973,0.02450395042019272,0.09593049576506019,0.04482616150143086
global_sign_pres_real_weight,0.1,0.01,1,odd,4.573893265984952,0.76319374643789,4.402144338935614,2.192067602205717
global_sign_pres_real_weight,0.1,0.01,2,even,1.775433778623119,0.4558236387424846,1.7545256884768605,0.8508879940256612
global_sign_pres_real_weight,0.1,0.01,3,odd,2.0865657890215514,0.41097399737841295,2.108948032837361,1.0
global_sign_pres_real_weight,0.1,0.01,4,even,0.5337520369328559,0.24131004470019463,0.5005005854181945,0.25580407756189033
global_sign_pres_real_weight,0.1,0.01,5,odd,0.775363117037341,0.28915602601737556,0.8431127201765776,0.3715977330390959
global_sign_pres_real_weight,0.1,0.01,6,even,0.14816786940209567,0.08176631443553925,0.11545255267992616,0.07101039908814746
global_sign_pres_real_weight,0.1,0.01,7,odd,0.1729079346638173,0.08059492215453738,0.16190628102049232,0.08286723360153365
global_sign_pres_real_weight,0.1,0.01,8,even,0.0506684934720397,0.0313309892190536,0.04637079546228051,0.024283199570620567
global_sign_pres_real_weight,0.1,0.01,9,odd,0.06970457090064883,0.02924019772145568,0.07241200795397162,0.03340636143245463
global_sign_pres_real_weight,0.1,0.01,10,even,0.044480542512610556,0.02059369752580785,0.04589830571785569,0.02131758449536773
real,0.0,0.0,1,odd,4.647700920636333,0.479708265195715,4.6849485411656815,1.9529265130395732
real,0.0,0.0,2,even,0.17726052395812641,0.029556913317225368,0.17257162556019345,0.07448344522687472
real,0.0,0.0,3,odd,2.379864725889025,0.4616009257941792,2.491843460161398,1.0
real,0.0,0.0,4,even,0.17151131336873834,0.02541858256677846,0.16847590933844003,0.0720676732181357
real,0.0,0.0,5,odd,1.0157676188231413,0.23850078746387227,0.9948414802904608,0.42681737653962243
real,0.0,0.0,6,even,0.17987032726916677,0.030153977699198326,0.18499190579450442,0.07558006356935863
real,0.0,0.0,7,odd,0.3681726061277324,0.11013818096789667,0.3535385289271815,0.15470316531970002
real,0.0,0.0,8,even,0.1768336737070403,0.02692333825521539,0.1769403149792197,0.07430408618749627
real,0.0,0.0,9,odd,0.20659188502894638,0.030681913553254746,0.19730937392221698,0.08680824703251638
real,0.0,0.0,10,even,0.17386560850265834,0.03231579709524108,0.17732202520021545,0.07305692908142454
real,0.0,0.001,1,odd,4.637451383966254,0.4803335087526552,4.675995792087633,1.957487190864167
real,0.0,0.001,2,even,0.16401672216015867,0.03051829256456771,0.15833262127125636,0.06923212905823399
real,0.0,0.001,3,odd,2.369083897769451,0.4620176086671835,2.4798019456793554,1.0
real,0.0,0.001,4,even,0.1595469049469102,0.025790313109690235,0.15763792843790725,0.06734540093625532
real,0.0,0.001,5,odd,1.0029819205286912,0.23926248042901224,0.9791589640080929,0.4233627696651109
real,0.0,0.001,6,even,0.16718337197671645,0.03063938332839216,0.1725561521598138,0.07056878489365598
real,0.0,0.001,7,odd,0.3561369156639557,0.11094957905899037,0.3441107858088799,0.150326848280581
real,0.0,0.001,8,even,0.16444105686969124,0.027597601919602328,0.16555931215407327,0.06941124247415485
real,0.0,0.001,9,odd,0.1947241245827172,0.03127928541116073,0.18622607982251793,0.08219384917775796
real,0.0,0.001,10,even,0.1607346784148831,0.03401597780008648,0.16206803143722937,0.06784676497367553
real,0.0,0.005,1,odd,4.574364656466059,0.476786817107229,4.605567964725196,1.9858736471554994
real,0.0,0.005,2,even,0.09259599586948752,0.033223238360861405,0.09047281602397561,0.040198795207419015
real,0.0,0.005,3,odd,2.3034520162036642,0.46428805938068624,2.420232576318085,1.0
real,0.0,0.005,4,even,0.08651804346591234,0.030584046408145292,0.08765797223895788,0.037560167460533145
real,0.0,0.005,5,odd,0.9326928266091272,0.23447104920514206,0.9186127241700888,0.40491089896732685
real,0.0,0.005,6,even,0.09523368028458208,0.031153619293764614,0.09201393532566726,0.041343895863538496
real,0.0,0.005,7,odd,0.28390417327173056,0.11023813838282512,0.25986915943212807,0.12325161161361418
real,0.0,0.005,8,even,0.08824093909934164,0.02608207210141134,0.08733245101757348,0.03830812991918632
real,0.0,0.005,9,odd,0.12269829888828099,0.030764474140819727,0.1152239094953984,0.053267139070038425
real,0.0,0.005,10,even,0.09054482877254486,0.03089749415075898,0.08364620478823781,0.039308319919671014
real,0.0,0.01,1,odd,4.526112016662955,0.4708885073702516,4.550050953403115,2.0184943419490935
real,0.0,0.01,2,even,0.03258063867688179,0.02124319432982427,0.03014884376898408,0.014529873450825579
real,0.0,0.01,3,odd,2.2423208837397395,0.4562866820384006,2.3549160207621753,1.0
real,0.0,0.01,4,even,0.034568093717098236,0.020359542380804996,0.03518963837996125,0.015416211822210575
real,0.0,0.01,5,odd,0.8849664886947721,0.24067866860698978,0.8714584223926067,0.3946654090019562
real,0.0,0.01,6,even,0.040197772439569235,0.024305161387814203,0.041100779082626104,0.017926859947237993
real,0.0,0.01,7,odd,0.23517410792410373,0.10836868664234847,0.2174576031975448,0.10487977417927835
real,0.0,0.01,8,even,0.03680813293904066,0.02490724805968094,0.03248015698045492,0.016415194277480977
real,0.0,0.01,9,odd,0.0671475953888148,0.03157986846679138,0.06322880927473307,0.02994557820682031
real,0.0,0.01,10,even,0.03374740453436971,0.02033500193318684,0.032405256293714046,0.01505021193848306
real,0.1,0.0,1,odd,4.634546846721131,0.4850281174811978,4.530179906762125,2.293714353954412
real,0.1,0.0,2,even,1.7662101540662136,0.30290277826151346,1.7807579725034977,0.8741267952330345
real,0.1,0.0,3,odd,2.0205422871122005,0.4341589100577032,2.04384418764188,1.0
real,0.1,0.0,4,even,0.5680810250718119,0.2001362871176302,0.6147792868914732,0.28115275225628894
real,0.1,0.0,5,odd,0.8037468202305883,0.3552078198234971,0.8580978704021334,0.3977876757923831
real,0.1,0.0,6,even,0.23280628534267472,0.04904218935584667,0.24087846362942855,0.11521970454545949
real,0.1,0.0,7,odd,0.304548940096517,0.11803282784882921,0.26946523692444835,0.15072633819101328
real,0.1,0.0,8,even,0.18130911541677908,0.03331728420684028,0.17165372801611278,0.0897328982289748
real,0.1,0.0,9,odd,0.21899336417923276,0.0584418212973662,0.22333775199730366,0.1083834600127189
real,0.1,0.0,10,even,0.17655446352961518,0.02370166604918774,0.17242723036032004,0.08737974189194048
real,0.1,0.001,1,odd,4.62377440269338,0.4853696173826862,4.517104957252741,2.301766764548189
real,0.1,0.001,2,even,1.7536293319950347,0.30338850283965263,1.7694814011338167,0.8729763526896458
real,0.1,0.001,3,odd,2.008793624927057,0.4349569223800927,2.0314444110845216,1.0
real,0.1,0.001,4,even,0.5564708734513261,0.2007641923853788,0.6014698245562613,0.27701744297975484
real,0.1,0.001,5,odd,0.7921234182023908,0.3548127812434523,0.8441065566730686,0.3943279231738672
real,0.1,0.001,6,even,0.22067822682438418,0.04927021070920594,0.2316920620505698,0.1098560967567773
real,0.1,0.001,7,odd,0.2922643234429415,0.11891446622439279,0.2550449022091925,0.1454924586658593
real,0.1,0.001,8,even,0.16930998063180597,0.03362388644256188,0.16181909950682893,0.0842844075821646
real,0.1,0.001,9,odd,0.20709513443289324,0.05983790262264921,0.21091893059201539,0.10309428099684119
real,0.1,0.001,10,even,0.16441890027490444,0.024190731709102114,0.15988512779586017,0.08184957291512451
real,0.1,0.005,1,odd,4.561525832489133,0.48539448339944957,4.4483176176436245,2.346851999831035
real,0.1,0.005,2,even,1.682744621904567,0.3003918351049221,1.6977751492522657,0.8657525411769241
real,0.1,0.005,3,odd,1.9436785246012733,0.43283349832485957,1.970761597622186,1.0
real,0.1,0.005,4,even,0.48326718371827154,0.19788032654310841,0.5244872027542442,0.2486353466386161
real,0.1,0.005,5,odd,0.714350144029595,0.35528740335541537,0.7675496528390795,0.3675248427083058
real,0.1,0.005,6,even,0.14585875037591906,0.05242281855486658,0.1485417711082846,0.0750426310368586
real,0.1,0.005,7,odd,0.22470772294327618,0.11492393434539205,0.19764984189532697,0.11560951057447773
real,0.1,0.005,8,even,0.0969349954277277,0.038166508579270744,0.09121977514587343,0.04987192799674162
real,0.1,0.005,9,odd,0.13448108450975269,0.058231686103762996,0.13102708966471255,0.06918895424712282
real,0.1,0.005,10,even,0.08815723895095288,0.022518371141211153,0.08728167717345059,0.04535587435635092
real,0.1,0.01,1,odd,4.510578717431054,0.48501382051701514,4.402728832792491,2.3885621414086766
real,0.1,0.01,2,even,1.6333144993055613,0.29670376528025355,1.6392774642445147,0.8649163272505873
real,0.1,0.01,3,odd,1.8884075231850148,0.4300307352181945,1.895114122889936,1.0
real,0.1,0.01,4,even,0.4315481706056744,0.19909551466986983,0.4679875303991139,0.22852491599790875
real,0.1,0.01,5,odd,0.6626029583625496,0.36107448302549294,0.721265135332942,0.3508792197803756
real,0.1,0.01,6,even,0.09605070720426738,0.05190992867009677,0.09134645899757743,0.0508633364488333
real,0.1,0.01,7,odd,0.17090544127859175,0.11744703672304052,0.13773185573518276,0.09050241496090855
real,0.1,0.01,8,even,0.04685411765240133,0.032124728193027134,0.043574176263064146,0.024811444075046107
real,0.1,0.01,9,odd,0.0755316193215549,0.05599070249700603,0.07432126486673951,0.03999752087100469
real,0.1,0.01,10,even,0.030734233651310207,0.02410544416131642,0.02230010461062193,0.01627521246021802
