mode,src,group_id,metric,dispersion,n_hparams
cel+randN,chunk_0,chunk_0,GR,0.5188837549104849,48
cel+randN,chunk_0,chunk_0,IPC,0.33946282256052723,48
cel+randN,chunk_0,chunk_0,KR,0.31037467787953943,48
cel+randN,chunk_0,chunk_0,MC,0.3940261758901898,48
cel+randN,chunk_1,chunk_1,GR,0.5572797803433542,48
cel+randN,chunk_1,chunk_1,IPC,0.3523168050560128,48
cel+randN,chunk_1,chunk_1,KR,0.35774776492664023,48
cel+randN,chunk_1,chunk_1,MC,0.39575182738370984,48
cel+randN,chunk_2,chunk_2,GR,0.45869830498125563,48
cel+randN,chunk_2,chunk_2,IPC,0.37754633299510243,48
cel+randN,chunk_2,chunk_2,KR,0.28407471368650494,48
cel+randN,chunk_2,chunk_2,MC,0.3885614805960521,48
cel+randN,chunk_3,chunk_3,GR,0.49525785025259933,48
cel+randN,chunk_3,chunk_3,IPC,0.2976952979045242,48
cel+randN,chunk_3,chunk_3,KR,0.3117699944455029,48
cel+randN,chunk_3,chunk_3,MC,0.3429897904352402,48
cel+randN,chunk_4,chunk_4,GR,0.5390210225703895,48
cel+randN,chunk_4,chunk_4,IPC,0.3204863630349911,48
cel+randN,chunk_4,chunk_4,KR,0.35137175504385737,48
cel+randN,chunk_4,chunk_4,MC,0.38193298047918306,48
cel+randN,chunk_5,chunk_5,GR,0.46758074838268965,48
cel+randN,chunk_5,chunk_5,IPC,0.2822160250752472,48
cel+randN,chunk_5,chunk_5,KR,0.2928862047149093,48
cel+randN,chunk_5,chunk_5,MC,0.3238942925974436,48
cel+randN,chunk_6,chunk_6,GR,0.5044779481512243,48
cel+randN,chunk_6,chunk_6,IPC,0.3581325433974941,48
cel+randN,chunk_6,chunk_6,KR,0.3177041720318919,48
cel+randN,chunk_6,chunk_6,MC,0.40561640721200953,48
cel+randN,chunk_7,chunk_7,GR,0.49693305373620955,48
cel+randN,chunk_7,chunk_7,IPC,0.27554202251248505,48
cel+randN,chunk_7,chunk_7,KR,0.31394023327956266,48
cel+randN,chunk_7,chunk_7,MC,0.3539517524613048,48
cel+randN,chunk_8,chunk_8,GR,0.5097864972897547,48
cel+randN,chunk_8,chunk_8,IPC,0.34272526498906974,48
cel+randN,chunk_8,chunk_8,KR,0.31201908524988364,48
cel+randN,chunk_8,chunk_8,MC,0.37487117504025064,48
cel+randN,chunk_9,chunk_9,GR,0.5095139793916419,48
cel+randN,chunk_9,chunk_9,IPC,0.3357368643920934,48
cel+randN,chunk_9,chunk_9,KR,0.30556682286282344,48
cel+randN,chunk_9,chunk_9,MC,0.36706518933372473,48
er+randN,chunk_0,chunk_0,GR,0.6558771651752532,48
er+randN,chunk_0,chunk_0,IPC,0.40463668923442875,48
er+randN,chunk_0,chunk_0,KR,0.43125788952474264,48
er+randN,chunk_0,chunk_0,MC,0.46972458036469833,48
er+randN,chunk_1,chunk_1,GR,0.6374899005490792,48
er+randN,chunk_1,chunk_1,IPC,0.35665573034586123,48
er+randN,chunk_1,chunk_1,KR,0.4087077606411489,48
er+randN,chunk_1,chunk_1,MC,0.41699020498387407,48
er+randN,chunk_2,chunk_2,GR,0.6298809237351696,48
er+randN,chunk_2,chunk_2,IPC,0.35683042920560987,48
er+randN,chunk_2,chunk_2,KR,0.39911934257584686,48
er+randN,chunk_2,chunk_2,MC,0.39361271684686044,48
er+randN,chunk_3,chunk_3,GR,0.6198656179591112,48
er+randN,chunk_3,chunk_3,IPC,0.3872188145246526,48
er+randN,chunk_3,chunk_3,KR,0.3996488462322423,48
er+randN,chunk_3,chunk_3,MC,0.40288818377064184,48
er+randN,chunk_4,chunk_4,GR,0.6484595377709387,48
er+randN,chunk_4,chunk_4,IPC,0.3920770063917933,48
er+randN,chunk_4,chunk_4,KR,0.4144663025002172,48
er+randN,chunk_4,chunk_4,MC,0.4403959357451944,48
er+randN,chunk_5,chunk_5,GR,0.6197142141367099,48
er+randN,chunk_5,chunk_5,IPC,0.38672872114220824,48
er+randN,chunk_5,chunk_5,KR,0.4008106088944528,48
er+randN,chunk_5,chunk_5,MC,0.42048129544747315,48
er+randN,chunk_6,chunk_6,GR,0.6357701808348928,48
er+randN,chunk_6,chunk_6,IPC,0.42949517792893177,48
er+randN,chunk_6,chunk_6,KR,0.4193312539798854,48
er+randN,chunk_6,chunk_6,MC,0.4582338929105452,48
er+randN,chunk_7,chunk_7,GR,0.6119983882720819,48
er+randN,chunk_7,chunk_7,IPC,0.42561476915556934,48
er+randN,chunk_7,chunk_7,KR,0.3849445925866726,48
er+randN,chunk_7,chunk_7,MC,0.45650664409343167,48
er+randN,chunk_8,chunk_8,GR,0.6228830796439173,48
er+randN,chunk_8,chunk_8,IPC,0.42965819638171565,48
er+randN,chunk_8,chunk_8,KR,0.4113847469009446,48
er+randN,chunk_8,chunk_8,MC,0.45950937480940673,48
er+randN,chunk_9,chunk_9,GR,0.5911037994304342,48
er+randN,chunk_9,chunk_9,IPC,0.3967847611437399,48
er+randN,chunk_9,chunk_9,KR,0.38144243815816403,48
er+randN,chunk_9,chunk_9,MC,0.44318817076454387,48
shuffle,chunk_0,0,GR,0.6024131433613651,48
shuffle,chunk_0,0,IPC,0.3730642716539933,48
shuffle,chunk_0,0,KR,0.3856621832848431,48
shuffle,chunk_0,0,MC,0.4224222883367744,48
shuffle,chunk_1,1,GR,0.5736364036471386,48
shuffle,chunk_1,1,IPC,0.390607820755295,48
shuffle,chunk_1,1,KR,0.3791929095174604,48
shuffle,chunk_1,1,MC,0.44485495763643595,48
shuffle,chunk_2,2,GR,0.5158195381446735,48
shuffle,chunk_2,2,IPC,0.34658945236581457,48
shuffle,chunk_2,2,KR,0.3271199045930207,48
shuffle,chunk_2,2,MC,0.39937599831104104,48
shuffle,chunk_3,3,GR,0.5349076380739926,48
shuffle,chunk_3,3,IPC,0.36419483303310324,48
shuffle,chunk_3,3,KR,0.34584503970708064,48
shuffle,chunk_3,3,MC,0.4093281363288805,48
shuffle,chunk_4,4,GR,0.5712230738318038,48
shuffle,chunk_4,4,IPC,0.41387051186363816,48
shuffle,chunk_4,4,KR,0.36925759677439596,48
shuffle,chunk_4,4,MC,0.4447843066132747,48
shuffle,chunk_5,5,GR,0.5130298060728985,48
shuffle,chunk_5,5,IPC,0.3608018228939831,48
shuffle,chunk_5,5,KR,0.32751095294521204,48
shuffle,chunk_5,5,MC,0.38994140754027906,48
shuffle,chunk_6,6,GR,0.5636959358642747,48
shuffle,chunk_6,6,IPC,0.34756593909841865,48
shuffle,chunk_6,6,KR,0.363805632095562,48
shuffle,chunk_6,6,MC,0.39262685228920985,48
shuffle,chunk_7,7,GR,0.6048748618487163,48
shuffle,chunk_7,7,IPC,0.36656064909409114,48
shuffle,chunk_7,7,KR,0.40100294267365855,48
shuffle,chunk_7,7,MC,0.41083215556334834,48
shuffle,chunk_8,8,GR,0.5228345595112888,48
shuffle,chunk_8,8,IPC,0.41590843576700814,48
shuffle,chunk_8,8,KR,0.32026553935355034,48
shuffle,chunk_8,8,MC,0.44359280418947417,48
shuffle,chunk_9,9,GR,0.5789053845019767,48
shuffle,chunk_9,9,IPC,0.326908787313201,48
shuffle,chunk_9,9,KR,0.3768270045984198,48
shuffle,chunk_9,9,MC,0.3778532459824135,48
ws_p0.1+randN,chunk_0,chunk_0,GR,0.6326199177966657,48
ws_p0.1+randN,chunk_0,chunk_0,IPC,0.37441709156341685,48
ws_p0.1+randN,chunk_0,chunk_0,KR,0.4175824541455083,48
ws_p0.1+randN,chunk_0,chunk_0,MC,0.45094958301438315,48
ws_p0.1+randN,chunk_1,chunk_1,GR,0.6226151641907498,48
ws_p0.1+randN,chunk_1,chunk_1,IPC,0.38029116815345726,48
ws_p0.1+randN,chunk_1,chunk_1,KR,0.4108487804409449,48
ws_p0.1+randN,chunk_1,chunk_1,MC,0.44843616844242723,48
ws_p0.1+randN,chunk_2,chunk_2,GR,0.6310316015026577,48
ws_p0.1+randN,chunk_2,chunk_2,IPC,0.39274822808673393,48
ws_p0.1+randN,chunk_2,chunk_2,KR,0.4134841989129652,48
ws_p0.1+randN,chunk_2,chunk_2,MC,0.46311943406806083,48
ws_p0.1+randN,chunk_3,chunk_3,GR,0.6335371698834582,48
ws_p0.1+randN,chunk_3,chunk_3,IPC,0.3926922293931654,48
ws_p0.1+randN,chunk_3,chunk_3,KR,0.4088571714172343,48
ws_p0.1+randN,chunk_3,chunk_3,MC,0.43542555113663517,48
ws_p0.1+randN,chunk_4,chunk_4,GR,0.6314819360568001,48
ws_p0.1+randN,chunk_4,chunk_4,IPC,0.39731093768112924,48
ws_p0.1+randN,chunk_4,chunk_4,KR,0.4015787546969917,48
ws_p0.1+randN,chunk_4,chunk_4,MC,0.4515018844523199,48
ws_p0.1+randN,chunk_5,chunk_5,GR,0.6404473471572445,48
ws_p0.1+randN,chunk_5,chunk_5,IPC,0.41892511822214873,48
ws_p0.1+randN,chunk_5,chunk_5,KR,0.4167419725897656,48
ws_p0.1+randN,chunk_5,chunk_5,MC,0.4714622328994896,48
ws_p0.1+randN,chunk_6,chunk_6,GR,0.5985287652897077,48
ws_p0.1+randN,chunk_6,chunk_6,IPC,0.4271468938768166,48
ws_p0.1+randN,chunk_6,chunk_6,KR,0.3974823318910966,48
ws_p0.1+randN,chunk_6,chunk_6,MC,0.47133210100042344,48
ws_p0.1+randN,chunk_7,chunk_7,GR,0.6016621199396468,48
ws_p0.1+randN,chunk_7,chunk_7,IPC,0.40120337804873746,48
ws_p0.1+randN,chunk_7,chunk_7,KR,0.381935924951053,48
ws_p0.1+randN,chunk_7,chunk_7,MC,0.46747962810168564,48
ws_p0.1+randN,chunk_8,chunk_8,GR,0.6379217663882563,48
ws_p0.1+randN,chunk_8,chunk_8,IPC,0.48126961128714263,48
ws_p0.1+randN,chunk_8,chunk_8,KR,0.41208398812036995,48
ws_p0.1+randN,chunk_8,chunk_8,MC,0.5296817991713475,48
ws_p0.1+randN,chunk_9,chunk_9,GR,0.6216499355499429,48
ws_p0.1+randN,chunk_9,chunk_9,IPC,0.3933278489377527,48
ws_p0.1+randN,chunk_9,chunk_9,KR,0.41900544419482944,48
ws_p0.1+randN,chunk_9,chunk_9,MC,0.4414916644635086,48
