config,model_a,model_b,tost_bound,tost_pval,tost_significant,n_model_a,n_model_b
baseline,real,shuffle_weights,0.19955922961235048,0.46118193489954146,0.0,48,48
baseline,real,cel_randN,0.19955922961235048,0.9999994097387034,0.0,48,48
baseline,real,er_randN,0.19955922961235048,0.9999999999605848,0.0,48,48
baseline,real,ws_p01_randN,0.19955922961235048,0.9999999999762524,0.0,48,48
baseline,real,conn_shuf,0.19955922961235048,0.6253520481644352,0.0,48,48
baseline,real,local_sign,0.19955922961235048,0.4239891203815872,0.0,48,48
baseline,real,conn_shuf_only,0.19955922961235048,0.8064212693695113,0.0,48,48
baseline,real,cel_sample,0.19955922961235048,0.7847637787842854,0.0,48,48
baseline,real,local_sign+flat,0.19955922961235048,0.37524898037604093,0.0,48,48
baseline,real,local_sign+sample,0.19955922961235048,0.5258346609420844,0.0,48,48
baseline,real,local_sign+binary,0.19955922961235048,0.44294077343763727,0.0,48,48
baseline,real,global_sign_pres,0.19955922961235048,0.30073984678492327,0.0,48,48
baseline,real,binary+shuffle,0.19955922961235048,0.6156474361194781,0.0,48,48
baseline,shuffle_weights,cel_randN,0.19955922961235048,0.9999983192967112,0.0,48,48
baseline,shuffle_weights,er_randN,0.19955922961235048,0.9999999998713807,0.0,48,48
baseline,shuffle_weights,ws_p01_randN,0.19955922961235048,0.9999999999311598,0.0,48,48
baseline,shuffle_weights,conn_shuf,0.19955922961235048,0.45642228395749096,0.0,48,48
baseline,shuffle_weights,local_sign,0.19955922961235048,0.5960433763074082,0.0,48,48
baseline,shuffle_weights,conn_shuf_only,0.19955922961235048,0.6646798798936235,0.0,48,48
baseline,shuffle_weights,cel_sample,0.19955922961235048,0.6458976867872062,0.0,48,48
baseline,shuffle_weights,local_sign+flat,0.19955922961235048,0.5558319468635611,0.0,48,48
baseline,shuffle_weights,local_sign+sample,0.19955922961235048,0.36333509944647024,0.0,48,48
baseline,shuffle_weights,local_sign+binary,0.19955922961235048,0.6293767675337891,0.0,48,48
baseline,shuffle_weights,global_sign_pres,0.19955922961235048,0.43699158307696395,0.0,48,48
baseline,shuffle_weights,binary+shuffle,0.19955922961235048,0.7628151056234905,0.0,48,48
baseline,cel_randN,er_randN,0.19955922961235048,0.9591244237107124,0.0,48,48
baseline,cel_randN,ws_p01_randN,0.19955922961235048,0.9871342640013736,0.0,48,48
baseline,cel_randN,conn_shuf,0.19955922961235048,0.9999968041518721,0.0,48,48
baseline,cel_randN,local_sign,0.19955922961235048,0.9999997330353115,0.0,48,48
baseline,cel_randN,conn_shuf_only,0.19955922961235048,0.9999898885830641,0.0,48,48
baseline,cel_randN,cel_sample,0.19955922961235048,0.9999881191161427,0.0,48,48
baseline,cel_randN,local_sign+flat,0.19955922961235048,0.9999997273598262,0.0,48,48
baseline,cel_randN,local_sign+sample,0.19955922961235048,0.9999979340580222,0.0,48,48
baseline,cel_randN,local_sign+binary,0.19955922961235048,0.9999998498654229,0.0,48,48
baseline,cel_randN,global_sign_pres,0.19955922961235048,0.9999995304518509,0.0,48,48
baseline,cel_randN,binary+shuffle,0.19955922961235048,0.9999999081895531,0.0,48,48
baseline,er_randN,ws_p01_randN,0.19955922961235048,0.6615200218206432,0.0,48,48
baseline,er_randN,conn_shuf,0.19955922961235048,0.9999999997570008,0.0,48,48
baseline,er_randN,local_sign,0.19955922961235048,0.9999999999833635,0.0,48,48
baseline,er_randN,conn_shuf_only,0.19955922961235048,0.9999999991048183,0.0,48,48
baseline,er_randN,cel_sample,0.19955922961235048,0.9999999988227893,0.0,48,48
baseline,er_randN,local_sign+flat,0.19955922961235048,0.9999999999840176,0.0,48,48
baseline,er_randN,local_sign+sample,0.19955922961235048,0.9999999998457293,0.0,48,48
baseline,er_randN,local_sign+binary,0.19955922961235048,0.9999999999920033,0.0,48,48
baseline,er_randN,global_sign_pres,0.19955922961235048,0.9999999999721944,0.0,48,48
baseline,er_randN,binary+shuffle,0.19955922961235048,0.9999999999946639,0.0,48,48
baseline,ws_p01_randN,conn_shuf,0.19955922961235048,0.999999999874811,0.0,48,48
baseline,ws_p01_randN,local_sign,0.19955922961235048,0.9999999999891035,0.0,48,48
baseline,ws_p01_randN,conn_shuf_only,0.19955922961235048,0.9999999995892417,0.0,48,48
baseline,ws_p01_randN,cel_sample,0.19955922961235048,0.9999999994818214,0.0,48,48
baseline,ws_p01_randN,local_sign+flat,0.19955922961235048,0.999999999989286,0.0,48,48
baseline,ws_p01_randN,local_sign+sample,0.19955922961235048,0.9999999999178223,0.0,48,48
baseline,ws_p01_randN,local_sign+binary,0.19955922961235048,0.9999999999941561,0.0,48,48
baseline,ws_p01_randN,global_sign_pres,0.19955922961235048,0.9999999999821644,0.0,48,48
baseline,ws_p01_randN,binary+shuffle,0.19955922961235048,0.999999999996097,0.0,48,48
baseline,conn_shuf,local_sign,0.19955922961235048,0.7518404364533531,0.0,48,48
baseline,conn_shuf,conn_shuf_only,0.19955922961235048,0.5127120081296288,0.0,48,48
baseline,conn_shuf,cel_sample,0.19955922961235048,0.4995541756004538,0.0,48,48
baseline,conn_shuf,local_sign+flat,0.19955922961235048,0.7233941285128909,0.0,48,48
baseline,conn_shuf,local_sign+sample,0.19955922961235048,0.391455536114892,0.0,48,48
baseline,conn_shuf,local_sign+binary,0.19955922961235048,0.7927838591826692,0.0,48,48
baseline,conn_shuf,global_sign_pres,0.19955922961235048,0.6129129480635345,0.0,48,48
baseline,conn_shuf,binary+shuffle,0.19955922961235048,0.8806698244969458,0.0,48,48
baseline,local_sign,conn_shuf_only,0.19955922961235048,0.8896197091343014,0.0,48,48
baseline,local_sign,cel_sample,0.19955922961235048,0.8701318798728207,0.0,48,48
baseline,local_sign,local_sign+flat,0.19955922961235048,0.3206366037154041,0.0,48,48
baseline,local_sign,local_sign+sample,0.19955922961235048,0.6616686498153344,0.0,48,48
baseline,local_sign,local_sign+binary,0.19955922961235048,0.29054433219244064,0.0,48,48
baseline,local_sign,global_sign_pres,0.19955922961235048,0.44096442352439763,0.0,48,48
baseline,local_sign,binary+shuffle,0.19955922961235048,0.470703990637126,0.0,48,48
baseline,conn_shuf_only,cel_sample,0.19955922961235048,0.3259567268761697,0.0,48,48
baseline,conn_shuf_only,local_sign+flat,0.19955922961235048,0.8773026742379069,0.0,48,48
baseline,conn_shuf_only,local_sign+sample,0.19955922961235048,0.6085235592393288,0.0,48,48
baseline,conn_shuf_only,local_sign+binary,0.19955922961235048,0.9200188390921015,0.0,48,48
baseline,conn_shuf_only,global_sign_pres,0.19955922961235048,0.8081926317529333,0.0,48,48
baseline,conn_shuf_only,binary+shuffle,0.19955922961235048,0.9569250763490923,0.0,48,48
baseline,cel_sample,local_sign+flat,0.19955922961235048,0.8557662955300828,0.0,48,48
baseline,cel_sample,local_sign+sample,0.19955922961235048,0.5911448792856725,0.0,48,48
baseline,cel_sample,local_sign+binary,0.19955922961235048,0.9000595029266465,0.0,48,48
baseline,cel_sample,global_sign_pres,0.19955922961235048,0.7841945959060606,0.0,48,48
baseline,cel_sample,binary+shuffle,0.19955922961235048,0.9439612069852573,0.0,48,48
baseline,local_sign+flat,local_sign+sample,0.19955922961235048,0.6251867663733537,0.0,48,48
baseline,local_sign+flat,local_sign+binary,0.19955922961235048,0.32694257422275197,0.0,48,48
baseline,local_sign+flat,global_sign_pres,0.19955922961235048,0.3880323295878715,0.0,48,48
baseline,local_sign+flat,binary+shuffle,0.19955922961235048,0.5186566205842715,0.0,48,48
baseline,local_sign+sample,local_sign+binary,0.19955922961235048,0.7000356690827403,0.0,48,48
baseline,local_sign+sample,global_sign_pres,0.19955922961235048,0.5054315988139663,0.0,48,48
baseline,local_sign+sample,binary+shuffle,0.19955922961235048,0.8172657057511924,0.0,48,48
baseline,local_sign+binary,global_sign_pres,0.19955922961235048,0.4632955311847025,0.0,48,48
baseline,local_sign+binary,binary+shuffle,0.19955922961235048,0.4389177351317044,0.0,48,48
baseline,global_sign_pres,binary+shuffle,0.19955922961235048,0.647539792601084,0.0,48,48
washout_x0.25,real,shuffle_weights,0.19314411282539368,0.6576224780691593,0.0,48,48
washout_x0.25,real,cel_randN,0.19314411282539368,0.9999999843688581,0.0,48,48
washout_x0.25,real,er_randN,0.19314411282539368,0.9999999999522134,0.0,48,48
washout_x0.25,real,ws_p01_randN,0.19314411282539368,0.999999999984322,0.0,48,48
washout_x0.25,real,conn_shuf,0.19314411282539368,0.6288829130803784,0.0,48,48
washout_x0.25,real,local_sign,0.19314411282539368,0.32444923495518363,0.0,48,48
washout_x0.25,real,conn_shuf_only,0.19314411282539368,0.6273401591907537,0.0,48,48
washout_x0.25,real,cel_sample,0.19314411282539368,0.7502968487252801,0.0,48,48
washout_x0.25,real,local_sign+flat,0.19314411282539368,0.31886470240923925,0.0,48,48
washout_x0.25,real,local_sign+sample,0.19314411282539368,0.7363968450228742,0.0,48,48
washout_x0.25,real,local_sign+binary,0.19314411282539368,0.40504379570244137,0.0,48,48
washout_x0.25,real,global_sign_pres,0.19314411282539368,0.4135836242342368,0.0,48,48
washout_x0.25,real,binary+shuffle,0.19314411282539368,0.5623207576398018,0.0,48,48
washout_x0.25,shuffle_weights,cel_randN,0.19314411282539368,0.9999998125065993,0.0,48,48
washout_x0.25,shuffle_weights,er_randN,0.19314411282539368,0.9999999995068648,0.0,48,48
washout_x0.25,shuffle_weights,ws_p01_randN,0.19314411282539368,0.9999999998643635,0.0,48,48
washout_x0.25,shuffle_weights,conn_shuf,0.19314411282539368,0.34585470107451755,0.0,48,48
washout_x0.25,shuffle_weights,local_sign,0.19314411282539368,0.630055945198194,0.0,48,48
washout_x0.25,shuffle_weights,conn_shuf_only,0.19314411282539368,0.34820276801875333,0.0,48,48
washout_x0.25,shuffle_weights,cel_sample,0.19314411282539368,0.4162576270582123,0.0,48,48
washout_x0.25,shuffle_weights,local_sign+flat,0.19314411282539368,0.6324334132098017,0.0,48,48
washout_x0.25,shuffle_weights,local_sign+sample,0.19314411282539368,0.3891977981453309,0.0,48,48
washout_x0.25,shuffle_weights,local_sign+binary,0.19314411282539368,0.7630061810976967,0.0,48,48
washout_x0.25,shuffle_weights,global_sign_pres,0.19314411282539368,0.7660723017806612,0.0,48,48
washout_x0.25,shuffle_weights,binary+shuffle,0.19314411282539368,0.8652338931428769,0.0,48,48
washout_x0.25,cel_randN,er_randN,0.19314411282539368,0.9287501613356189,0.0,48,48
washout_x0.25,cel_randN,ws_p01_randN,0.19314411282539368,0.9789491369045317,0.0,48,48
washout_x0.25,cel_randN,conn_shuf,0.19314411282539368,0.9999998774170222,0.0,48,48
washout_x0.25,cel_randN,local_sign,0.19314411282539368,0.9999999846423389,0.0,48,48
washout_x0.25,cel_randN,conn_shuf_only,0.19314411282539368,0.9999998142633223,0.0,48,48
washout_x0.25,cel_randN,cel_sample,0.19314411282539368,0.9999996547391519,0.0,48,48
washout_x0.25,cel_randN,local_sign+flat,0.19314411282539368,0.999999988884642,0.0,48,48
washout_x0.25,cel_randN,local_sign+sample,0.19314411282539368,0.9999997570972605,0.0,48,48
washout_x0.25,cel_randN,local_sign+binary,0.19314411282539368,0.9999999941305,0.0,48,48
washout_x0.25,cel_randN,global_sign_pres,0.19314411282539368,0.9999999938986298,0.0,48,48
washout_x0.25,cel_randN,binary+shuffle,0.19314411282539368,0.9999999978892835,0.0,48,48
washout_x0.25,er_randN,ws_p01_randN,0.19314411282539368,0.6749339674373939,0.0,48,48
washout_x0.25,er_randN,conn_shuf,0.19314411282539368,0.999999999674421,0.0,48,48
washout_x0.25,er_randN,local_sign,0.19314411282539368,0.9999999999533732,0.0,48,48
washout_x0.25,er_randN,conn_shuf_only,0.19314411282539368,0.9999999995056604,0.0,48,48
washout_x0.25,er_randN,cel_sample,0.19314411282539368,0.9999999991203113,0.0,48,48
washout_x0.25,er_randN,local_sign+flat,0.19314411282539368,0.9999999999657099,0.0,48,48
washout_x0.25,er_randN,local_sign+sample,0.19314411282539368,0.9999999993796694,0.0,48,48
washout_x0.25,er_randN,local_sign+binary,0.19314411282539368,0.9999999999806632,0.0,48,48
washout_x0.25,er_randN,global_sign_pres,0.19314411282539368,0.9999999999799251,0.0,48,48
washout_x0.25,er_randN,binary+shuffle,0.19314411282539368,0.999999999992361,0.0,48,48
washout_x0.25,ws_p01_randN,conn_shuf,0.19314411282539368,0.9999999999071651,0.0,48,48
washout_x0.25,ws_p01_randN,local_sign,0.19314411282539368,0.9999999999845322,0.0,48,48
washout_x0.25,ws_p01_randN,conn_shuf_only,0.19314411282539368,0.999999999864804,0.0,48,48
washout_x0.25,ws_p01_randN,cel_sample,0.19314411282539368,0.9999999997670603,0.0,48,48
washout_x0.25,ws_p01_randN,local_sign+flat,0.19314411282539368,0.9999999999881861,0.0,48,48
washout_x0.25,ws_p01_randN,local_sign+sample,0.19314411282539368,0.9999999998306949,0.0,48,48
washout_x0.25,ws_p01_randN,local_sign+binary,0.19314411282539368,0.9999999999931346,0.0,48,48
washout_x0.25,ws_p01_randN,global_sign_pres,0.19314411282539368,0.9999999999929177,0.0,48,48
washout_x0.25,ws_p01_randN,binary+shuffle,0.19314411282539368,0.9999999999970713,0.0,48,48
washout_x0.25,conn_shuf,local_sign,0.19314411282539368,0.5986812170388793,0.0,48,48
washout_x0.25,conn_shuf,conn_shuf_only,0.19314411282539368,0.32369806216496577,0.0,48,48
washout_x0.25,conn_shuf,cel_sample,0.19314411282539368,0.44754141282553617,0.0,48,48
washout_x0.25,conn_shuf,local_sign+flat,0.19314411282539368,0.5997440541231654,0.0,48,48
washout_x0.25,conn_shuf,local_sign+sample,0.19314411282539368,0.42002359094814323,0.0,48,48
washout_x0.25,conn_shuf,local_sign+binary,0.19314411282539368,0.7417981509539298,0.0,48,48
washout_x0.25,conn_shuf,global_sign_pres,0.19314411282539368,0.745286203265733,0.0,48,48
washout_x0.25,conn_shuf,binary+shuffle,0.19314411282539368,0.8538310309426702,0.0,48,48
washout_x0.25,local_sign,conn_shuf_only,0.19314411282539368,0.5987280811533591,0.0,48,48
washout_x0.25,local_sign,cel_sample,0.19314411282539368,0.7289953357261243,0.0,48,48
washout_x0.25,local_sign,local_sign+flat,0.19314411282539368,0.276781196111089,0.0,48,48
washout_x0.25,local_sign,local_sign+sample,0.19314411282539368,0.7134508147439895,0.0,48,48
washout_x0.25,local_sign,local_sign+binary,0.19314411282539368,0.4395522189792479,0.0,48,48
washout_x0.25,local_sign,global_sign_pres,0.19314411282539368,0.4481382924327553,0.0,48,48
washout_x0.25,local_sign,binary+shuffle,0.19314411282539368,0.6038567751244781,0.0,48,48
washout_x0.25,conn_shuf_only,cel_sample,0.19314411282539368,0.44456786374750057,0.0,48,48
washout_x0.25,conn_shuf_only,local_sign+flat,0.19314411282539368,0.5993916645579752,0.0,48,48
washout_x0.25,conn_shuf_only,local_sign+sample,0.19314411282539368,0.4186031206846225,0.0,48,48
washout_x0.25,conn_shuf_only,local_sign+binary,0.19314411282539368,0.7334874259768749,0.0,48,48
washout_x0.25,conn_shuf_only,global_sign_pres,0.19314411282539368,0.737043558341991,0.0,48,48
washout_x0.25,conn_shuf_only,binary+shuffle,0.19314411282539368,0.8411481958979434,0.0,48,48
washout_x0.25,cel_sample,local_sign+flat,0.19314411282539368,0.7357102045342556,0.0,48,48
washout_x0.25,cel_sample,local_sign+sample,0.19314411282539368,0.33813356061069794,0.0,48,48
washout_x0.25,cel_sample,local_sign+binary,0.19314411282539368,0.8401727059350335,0.0,48,48
washout_x0.25,cel_sample,global_sign_pres,0.19314411282539368,0.8418547054312784,0.0,48,48
washout_x0.25,cel_sample,binary+shuffle,0.19314411282539368,0.9172654575670061,0.0,48,48
washout_x0.25,local_sign+flat,local_sign+sample,0.19314411282539368,0.7202189009734032,0.0,48,48
washout_x0.25,local_sign+flat,local_sign+binary,0.19314411282539368,0.4403880042125189,0.0,48,48
washout_x0.25,local_sign+flat,global_sign_pres,0.19314411282539368,0.4495785296526601,0.0,48,48
washout_x0.25,local_sign+flat,binary+shuffle,0.19314411282539368,0.6159152242214756,0.0,48,48
washout_x0.25,local_sign+sample,local_sign+binary,0.19314411282539368,0.8324096040888299,0.0,48,48
washout_x0.25,local_sign+sample,global_sign_pres,0.19314411282539368,0.8341960272172904,0.0,48,48
washout_x0.25,local_sign+sample,binary+shuffle,0.19314411282539368,0.9149327097549226,0.0,48,48
washout_x0.25,local_sign+binary,global_sign_pres,0.19314411282539368,0.288596410620612,0.0,48,48
washout_x0.25,local_sign+binary,binary+shuffle,0.19314411282539368,0.42990077643530367,0.0,48,48
washout_x0.25,global_sign_pres,binary+shuffle,0.19314411282539368,0.4228348042864798,0.0,48,48
t_train_x0.25,real,shuffle_weights,0.21078914403915405,0.4500168625940132,0.0,48,48
t_train_x0.25,real,cel_randN,0.21078914403915405,0.9999844329254823,0.0,48,48
t_train_x0.25,real,er_randN,0.21078914403915405,0.9999928494436884,0.0,48,48
t_train_x0.25,real,ws_p01_randN,0.21078914403915405,0.9999929933416913,0.0,48,48
t_train_x0.25,real,conn_shuf,0.21078914403915405,0.6730666345854223,0.0,48,48
t_train_x0.25,real,local_sign,0.21078914403915405,0.2816060126337282,0.0,48,48
t_train_x0.25,real,conn_shuf_only,0.21078914403915405,0.832251719587707,0.0,48,48
t_train_x0.25,real,cel_sample,0.21078914403915405,0.6957986472293702,0.0,48,48
t_train_x0.25,real,local_sign+flat,0.21078914403915405,0.26078166633075794,0.0,48,48
t_train_x0.25,real,local_sign+sample,0.21078914403915405,0.43039078406706416,0.0,48,48
t_train_x0.25,real,local_sign+binary,0.21078914403915405,0.46236555535881263,0.0,48,48
t_train_x0.25,real,global_sign_pres,0.21078914403915405,0.32796803489715043,0.0,48,48
t_train_x0.25,real,binary+shuffle,0.21078914403915405,0.4255581939421582,0.0,48,48
t_train_x0.25,shuffle_weights,cel_randN,0.21078914403915405,0.9999526109726313,0.0,48,48
t_train_x0.25,shuffle_weights,er_randN,0.21078914403915405,0.9999807783974282,0.0,48,48
t_train_x0.25,shuffle_weights,ws_p01_randN,0.21078914403915405,0.9999826864217728,0.0,48,48
t_train_x0.25,shuffle_weights,conn_shuf,0.21078914403915405,0.49223499772553764,0.0,48,48
t_train_x0.25,shuffle_weights,local_sign,0.21078914403915405,0.46648022562178615,0.0,48,48
t_train_x0.25,shuffle_weights,conn_shuf_only,0.21078914403915405,0.679522545844731,0.0,48,48
t_train_x0.25,shuffle_weights,cel_sample,0.21078914403915405,0.5168758574365709,0.0,48,48
t_train_x0.25,shuffle_weights,local_sign+flat,0.21078914403915405,0.44716613825935525,0.0,48,48
t_train_x0.25,shuffle_weights,local_sign+sample,0.21078914403915405,0.3154455987651245,0.0,48,48
t_train_x0.25,shuffle_weights,local_sign+binary,0.21078914403915405,0.6602368559404248,0.0,48,48
t_train_x0.25,shuffle_weights,global_sign_pres,0.21078914403915405,0.5280144233338933,0.0,48,48
t_train_x0.25,shuffle_weights,binary+shuffle,0.21078914403915405,0.6283283876840549,0.0,48,48
t_train_x0.25,cel_randN,er_randN,0.21078914403915405,0.6494153283627262,0.0,48,48
t_train_x0.25,cel_randN,ws_p01_randN,0.21078914403915405,0.7412676953217054,0.0,48,48
t_train_x0.25,cel_randN,conn_shuf,0.21078914403915405,0.9998633638514921,0.0,48,48
t_train_x0.25,cel_randN,local_sign,0.21078914403915405,0.9999836144765339,0.0,48,48
t_train_x0.25,cel_randN,conn_shuf_only,0.21078914403915405,0.9996800076444955,0.0,48,48
t_train_x0.25,cel_randN,cel_sample,0.21078914403915405,0.9998457151742414,0.0,48,48
t_train_x0.25,cel_randN,local_sign+flat,0.21078914403915405,0.9999849610029382,0.0,48,48
t_train_x0.25,cel_randN,local_sign+sample,0.21078914403915405,0.9999459559824339,0.0,48,48
t_train_x0.25,cel_randN,local_sign+binary,0.21078914403915405,0.9999955126467422,0.0,48,48
t_train_x0.25,cel_randN,global_sign_pres,0.21078914403915405,0.9999903869205827,0.0,48,48
t_train_x0.25,cel_randN,binary+shuffle,0.21078914403915405,0.9999947543906382,0.0,48,48
t_train_x0.25,er_randN,ws_p01_randN,0.21078914403915405,0.5319651517982544,0.0,48,48
t_train_x0.25,er_randN,conn_shuf,0.21078914403915405,0.9999495629107846,0.0,48,48
t_train_x0.25,er_randN,local_sign,0.21078914403915405,0.9999925826091703,0.0,48,48
t_train_x0.25,er_randN,conn_shuf_only,0.21078914403915405,0.9998893592902992,0.0,48,48
t_train_x0.25,er_randN,cel_sample,0.21078914403915405,0.9999436318198236,0.0,48,48
t_train_x0.25,er_randN,local_sign+flat,0.21078914403915405,0.9999930432219303,0.0,48,48
t_train_x0.25,er_randN,local_sign+sample,0.21078914403915405,0.9999786502960009,0.0,48,48
t_train_x0.25,er_randN,local_sign+binary,0.21078914403915405,0.9999975986008789,0.0,48,48
t_train_x0.25,er_randN,global_sign_pres,0.21078914403915405,0.9999953164281588,0.0,48,48
t_train_x0.25,er_randN,binary+shuffle,0.21078914403915405,0.9999972395641525,0.0,48,48
t_train_x0.25,ws_p01_randN,conn_shuf,0.21078914403915405,0.9999575588059749,0.0,48,48
t_train_x0.25,ws_p01_randN,local_sign,0.21078914403915405,0.9999928021188049,0.0,48,48
t_train_x0.25,ws_p01_randN,conn_shuf_only,0.21078914403915405,0.9999114800552802,0.0,48,48
t_train_x0.25,ws_p01_randN,cel_sample,0.21078914403915405,0.9999529370062737,0.0,48,48
t_train_x0.25,ws_p01_randN,local_sign+flat,0.21078914403915405,0.9999931516916802,0.0,48,48
t_train_x0.25,ws_p01_randN,local_sign+sample,0.21078914403915405,0.9999811473888106,0.0,48,48
t_train_x0.25,ws_p01_randN,local_sign+binary,0.21078914403915405,0.9999974081447801,0.0,48,48
t_train_x0.25,ws_p01_randN,global_sign_pres,0.21078914403915405,0.9999952331154635,0.0,48,48
t_train_x0.25,ws_p01_randN,binary+shuffle,0.21078914403915405,0.9999970515073802,0.0,48,48
t_train_x0.25,conn_shuf,local_sign,0.21078914403915405,0.6819069399562199,0.0,48,48
t_train_x0.25,conn_shuf,conn_shuf_only,0.21078914403915405,0.46914744170573913,0.0,48,48
t_train_x0.25,conn_shuf,cel_sample,0.21078914403915405,0.31095680852201724,0.0,48,48
t_train_x0.25,conn_shuf,local_sign+flat,0.21078914403915405,0.6727426861837291,0.0,48,48
t_train_x0.25,conn_shuf,local_sign+sample,0.21078914403915405,0.5142978021548228,0.0,48,48
t_train_x0.25,conn_shuf,local_sign+binary,0.21078914403915405,0.8436298436007352,0.0,48,48
t_train_x0.25,conn_shuf,global_sign_pres,0.21078914403915405,0.7441192372026568,0.0,48,48
t_train_x0.25,conn_shuf,binary+shuffle,0.21078914403915405,0.8229149236055148,0.0,48,48
t_train_x0.25,local_sign,conn_shuf_only,0.21078914403915405,0.8347003043420358,0.0,48,48
t_train_x0.25,local_sign,cel_sample,0.21078914403915405,0.7037255196295442,0.0,48,48
t_train_x0.25,local_sign,local_sign+flat,0.21078914403915405,0.28133332760162066,0.0,48,48
t_train_x0.25,local_sign,local_sign+sample,0.21078914403915405,0.4462068749504843,0.0,48,48
t_train_x0.25,local_sign,local_sign+binary,0.21078914403915405,0.44686924826248403,0.0,48,48
t_train_x0.25,local_sign,global_sign_pres,0.21078914403915405,0.318708244971531,0.0,48,48
t_train_x0.25,local_sign,binary+shuffle,0.21078914403915405,0.4116134225086108,0.0,48,48
t_train_x0.25,conn_shuf_only,cel_sample,0.21078914403915405,0.44485664848176887,0.0,48,48
t_train_x0.25,conn_shuf_only,local_sign+flat,0.21078914403915405,0.8334391349058973,0.0,48,48
t_train_x0.25,conn_shuf_only,local_sign+sample,0.21078914403915405,0.689688400463061,0.0,48,48
t_train_x0.25,conn_shuf_only,local_sign+binary,0.21078914403915405,0.9396180302923564,0.0,48,48
t_train_x0.25,conn_shuf_only,global_sign_pres,0.21078914403915405,0.8817819125987283,0.0,48,48
t_train_x0.25,conn_shuf_only,binary+shuffle,0.21078914403915405,0.929217797489693,0.0,48,48
t_train_x0.25,cel_sample,local_sign+flat,0.21078914403915405,0.695721716856724,0.0,48,48
t_train_x0.25,cel_sample,local_sign+sample,0.21078914403915405,0.5374985576880724,0.0,48,48
t_train_x0.25,cel_sample,local_sign+binary,0.21078914403915405,0.8587679421040241,0.0,48,48
t_train_x0.25,cel_sample,global_sign_pres,0.21078914403915405,0.764531400751465,0.0,48,48
t_train_x0.25,cel_sample,binary+shuffle,0.21078914403915405,0.8394702578804327,0.0,48,48
t_train_x0.25,local_sign+flat,local_sign+sample,0.21078914403915405,0.42758321080251305,0.0,48,48
t_train_x0.25,local_sign+flat,local_sign+binary,0.21078914403915405,0.4644584660705847,0.0,48,48
t_train_x0.25,local_sign+flat,global_sign_pres,0.21078914403915405,0.3281254594210694,0.0,48,48
t_train_x0.25,local_sign+flat,binary+shuffle,0.21078914403915405,0.42710159078766374,0.0,48,48
t_train_x0.25,local_sign+sample,local_sign+binary,0.21078914403915405,0.627245118303329,0.0,48,48
t_train_x0.25,local_sign+sample,global_sign_pres,0.21078914403915405,0.5027315802462355,0.0,48,48
t_train_x0.25,local_sign+sample,binary+shuffle,0.21078914403915405,0.5965915205870462,0.0,48,48
t_train_x0.25,local_sign+binary,global_sign_pres,0.21078914403915405,0.3724680587673031,0.0,48,48
t_train_x0.25,local_sign+binary,binary+shuffle,0.21078914403915405,0.2634611558644615,0.0,48,48
t_train_x0.25,global_sign_pres,binary+shuffle,0.21078914403915405,0.3364477557211929,0.0,48,48
t_test_x0.25,real,shuffle_weights,0.19674201011657716,0.5575737089794472,0.0,48,48
t_test_x0.25,real,cel_randN,0.19674201011657716,0.9999997879755599,0.0,48,48
t_test_x0.25,real,er_randN,0.19674201011657716,0.9999999999579422,0.0,48,48
t_test_x0.25,real,ws_p01_randN,0.19674201011657716,0.9999999999756023,0.0,48,48
t_test_x0.25,real,conn_shuf,0.19674201011657716,0.37113411956853787,0.0,48,48
t_test_x0.25,real,local_sign,0.19674201011657716,0.5015376803413327,0.0,48,48
t_test_x0.25,real,conn_shuf_only,0.19674201011657716,0.6595577331585352,0.0,48,48
t_test_x0.25,real,cel_sample,0.19674201011657716,0.7003963546431446,0.0,48,48
t_test_x0.25,real,local_sign+flat,0.19674201011657716,0.5389360863365249,0.0,48,48
t_test_x0.25,real,local_sign+sample,0.19674201011657716,0.6376845531773832,0.0,48,48
t_test_x0.25,real,local_sign+binary,0.19674201011657716,0.6261275464616536,0.0,48,48
t_test_x0.25,real,global_sign_pres,0.19674201011657716,0.5465809989534645,0.0,48,48
t_test_x0.25,real,binary+shuffle,0.19674201011657716,0.5944750364953771,0.0,48,48
t_test_x0.25,shuffle_weights,cel_randN,0.19674201011657716,0.9999990211664952,0.0,48,48
t_test_x0.25,shuffle_weights,er_randN,0.19674201011657716,0.9999999997979283,0.0,48,48
t_test_x0.25,shuffle_weights,ws_p01_randN,0.19674201011657716,0.9999999998982297,0.0,48,48
t_test_x0.25,shuffle_weights,conn_shuf,0.19674201011657716,0.4739599302963933,0.0,48,48
t_test_x0.25,shuffle_weights,local_sign,0.19674201011657716,0.7603640983242879,0.0,48,48
t_test_x0.25,shuffle_weights,conn_shuf_only,0.19674201011657716,0.41379337155764295,0.0,48,48
t_test_x0.25,shuffle_weights,cel_sample,0.19674201011657716,0.45867923359886387,0.0,48,48
t_test_x0.25,shuffle_weights,local_sign+flat,0.19674201011657716,0.7925770838893107,0.0,48,48
t_test_x0.25,shuffle_weights,local_sign+sample,0.19674201011657716,0.37492725064798105,0.0,48,48
t_test_x0.25,shuffle_weights,local_sign+binary,0.19674201011657716,0.854814004286046,0.0,48,48
t_test_x0.25,shuffle_weights,global_sign_pres,0.19674201011657716,0.8012809250424123,0.0,48,48
t_test_x0.25,shuffle_weights,binary+shuffle,0.19674201011657716,0.8365229098875235,0.0,48,48
t_test_x0.25,cel_randN,er_randN,0.19674201011657716,0.9577298922383556,0.0,48,48
t_test_x0.25,cel_randN,ws_p01_randN,0.19674201011657716,0.9867803849379181,0.0,48,48
t_test_x0.25,cel_randN,conn_shuf,0.19674201011657716,0.9999996035605858,0.0,48,48
t_test_x0.25,cel_randN,local_sign,0.19674201011657716,0.9999999397194936,0.0,48,48
t_test_x0.25,cel_randN,conn_shuf_only,0.19674201011657716,0.9999973940276277,0.0,48,48
t_test_x0.25,cel_randN,cel_sample,0.19674201011657716,0.9999966357919717,0.0,48,48
t_test_x0.25,cel_randN,local_sign+flat,0.19674201011657716,0.9999999561442283,0.0,48,48
t_test_x0.25,cel_randN,local_sign+sample,0.19674201011657716,0.9999984284806934,0.0,48,48
t_test_x0.25,cel_randN,local_sign+binary,0.19674201011657716,0.9999999764181169,0.0,48,48
t_test_x0.25,cel_randN,global_sign_pres,0.19674201011657716,0.9999999613156424,0.0,48,48
t_test_x0.25,cel_randN,binary+shuffle,0.19674201011657716,0.9999999727251985,0.0,48,48
t_test_x0.25,er_randN,ws_p01_randN,0.19674201011657716,0.6606037181206439,0.0,48,48
t_test_x0.25,er_randN,conn_shuf,0.19674201011657716,0.9999999999181552,0.0,48,48
t_test_x0.25,er_randN,local_sign,0.19674201011657716,0.9999999999880997,0.0,48,48
t_test_x0.25,er_randN,conn_shuf_only,0.19674201011657716,0.9999999993901746,0.0,48,48
t_test_x0.25,er_randN,cel_sample,0.19674201011657716,0.9999999992009312,0.0,48,48
t_test_x0.25,er_randN,local_sign+flat,0.19674201011657716,0.9999999999914777,0.0,48,48
t_test_x0.25,er_randN,local_sign+sample,0.19674201011657716,0.9999999996675689,0.0,48,48
t_test_x0.25,er_randN,local_sign+binary,0.19674201011657716,0.9999999999954837,0.0,48,48
t_test_x0.25,er_randN,global_sign_pres,0.19674201011657716,0.9999999999925733,0.0,48,48
t_test_x0.25,er_randN,binary+shuffle,0.19674201011657716,0.9999999999948139,0.0,48,48
t_test_x0.25,ws_p01_randN,conn_shuf,0.19674201011657716,0.9999999999557629,0.0,48,48
t_test_x0.25,ws_p01_randN,local_sign,0.19674201011657716,0.9999999999922412,0.0,48,48
t_test_x0.25,ws_p01_randN,conn_shuf_only,0.19674201011657716,0.9999999997269262,0.0,48,48
t_test_x0.25,ws_p01_randN,cel_sample,0.19674201011657716,0.9999999996500184,0.0,48,48
t_test_x0.25,ws_p01_randN,local_sign+flat,0.19674201011657716,0.9999999999942178,0.0,48,48
t_test_x0.25,ws_p01_randN,local_sign+sample,0.19674201011657716,0.9999999998399139,0.0,48,48
t_test_x0.25,ws_p01_randN,local_sign+binary,0.19674201011657716,0.999999999996706,0.0,48,48
t_test_x0.25,ws_p01_randN,global_sign_pres,0.19674201011657716,0.9999999999948617,0.0,48,48
t_test_x0.25,ws_p01_randN,binary+shuffle,0.19674201011657716,0.9999999999962589,0.0,48,48
t_test_x0.25,conn_shuf,local_sign,0.19674201011657716,0.5867389738801909,0.0,48,48
t_test_x0.25,conn_shuf,conn_shuf_only,0.19674201011657716,0.5827769729425973,0.0,48,48
t_test_x0.25,conn_shuf,cel_sample,0.19674201011657716,0.6257818288019283,0.0,48,48
t_test_x0.25,conn_shuf,local_sign+flat,0.19674201011657716,0.6233786752862418,0.0,48,48
t_test_x0.25,conn_shuf,local_sign+sample,0.19674201011657716,0.5546823043055933,0.0,48,48
t_test_x0.25,conn_shuf,local_sign+binary,0.19674201011657716,0.7039917299288028,0.0,48,48
t_test_x0.25,conn_shuf,global_sign_pres,0.19674201011657716,0.6317109835384274,0.0,48,48
t_test_x0.25,conn_shuf,binary+shuffle,0.19674201011657716,0.676434687485268,0.0,48,48
t_test_x0.25,local_sign,conn_shuf_only,0.19674201011657716,0.8241708028614207,0.0,48,48
t_test_x0.25,local_sign,cel_sample,0.19674201011657716,0.8519976231370889,0.0,48,48
t_test_x0.25,local_sign,local_sign+flat,0.19674201011657716,0.3053464243417391,0.0,48,48
t_test_x0.25,local_sign,local_sign+sample,0.19674201011657716,0.8188534319989935,0.0,48,48
t_test_x0.25,local_sign,local_sign+binary,0.19674201011657716,0.3800106486261042,0.0,48,48
t_test_x0.25,local_sign,global_sign_pres,0.19674201011657716,0.3081489159782431,0.0,48,48
t_test_x0.25,local_sign,binary+shuffle,0.19674201011657716,0.34743043074840946,0.0,48,48
t_test_x0.25,conn_shuf_only,cel_sample,0.19674201011657716,0.3632661956714882,0.0,48,48
t_test_x0.25,conn_shuf_only,local_sign+flat,0.19674201011657716,0.8492117218052191,0.0,48,48
t_test_x0.25,conn_shuf_only,local_sign+sample,0.19674201011657716,0.3430847049913536,0.0,48,48
t_test_x0.25,conn_shuf_only,local_sign+binary,0.19674201011657716,0.8955219769337628,0.0,48,48
t_test_x0.25,conn_shuf_only,global_sign_pres,0.19674201011657716,0.8561232331993964,0.0,48,48
t_test_x0.25,conn_shuf_only,binary+shuffle,0.19674201011657716,0.8823784554175034,0.0,48,48
t_test_x0.25,cel_sample,local_sign+flat,0.19674201011657716,0.8745957860752531,0.0,48,48
t_test_x0.25,cel_sample,local_sign+sample,0.19674201011657716,0.38567066014935203,0.0,48,48
t_test_x0.25,cel_sample,local_sign+binary,0.19674201011657716,0.9152482130362236,0.0,48,48
t_test_x0.25,cel_sample,global_sign_pres,0.19674201011657716,0.8809569479228493,0.0,48,48
t_test_x0.25,cel_sample,binary+shuffle,0.19674201011657716,0.9040601170869562,0.0,48,48
t_test_x0.25,local_sign+flat,local_sign+sample,0.19674201011657716,0.8465684143738922,0.0,48,48
t_test_x0.25,local_sign+flat,local_sign+binary,0.19674201011657716,0.3375638073336039,0.0,48,48
t_test_x0.25,local_sign+flat,global_sign_pres,0.19674201011657716,0.2684108141575967,0.0,48,48
t_test_x0.25,local_sign+flat,binary+shuffle,0.19674201011657716,0.3053330547353965,0.0,48,48
t_test_x0.25,local_sign+sample,local_sign+binary,0.19674201011657716,0.8973428070951168,0.0,48,48
t_test_x0.25,local_sign+sample,global_sign_pres,0.19674201011657716,0.8543698350301364,0.0,48,48
t_test_x0.25,local_sign+sample,binary+shuffle,0.19674201011657716,0.88326500171084,0.0,48,48
t_test_x0.25,local_sign+binary,global_sign_pres,0.19674201011657716,0.3270558910617505,0.0,48,48
t_test_x0.25,local_sign+binary,binary+shuffle,0.19674201011657716,0.27586167894549724,0.0,48,48
t_test_x0.25,global_sign_pres,binary+shuffle,0.19674201011657716,0.29451719648625796,0.0,48,48
washout_x0.75,real,shuffle_weights,0.19984267950057985,0.41596111703805017,0.0,48,48
washout_x0.75,real,cel_randN,0.19984267950057985,0.9999997934116588,0.0,48,48
washout_x0.75,real,er_randN,0.19984267950057985,0.999999999710991,0.0,48,48
washout_x0.75,real,ws_p01_randN,0.19984267950057985,0.9999999999677495,0.0,48,48
washout_x0.75,real,conn_shuf,0.19984267950057985,0.48869597232288875,0.0,48,48
washout_x0.75,real,local_sign,0.19984267950057985,0.487046330145367,0.0,48,48
washout_x0.75,real,conn_shuf_only,0.19984267950057985,0.6789245364705507,0.0,48,48
washout_x0.75,real,cel_sample,0.19984267950057985,0.45140240778653506,0.0,48,48
washout_x0.75,real,local_sign+flat,0.19984267950057985,0.45262441993220026,0.0,48,48
washout_x0.75,real,local_sign+sample,0.19984267950057985,0.4537831372963487,0.0,48,48
washout_x0.75,real,local_sign+binary,0.19984267950057985,0.4666510282289398,0.0,48,48
washout_x0.75,real,global_sign_pres,0.19984267950057985,0.691528805651541,0.0,48,48
washout_x0.75,real,binary+shuffle,0.19984267950057985,0.6207311043816268,0.0,48,48
washout_x0.75,shuffle_weights,cel_randN,0.19984267950057985,0.999999424470769,0.0,48,48
washout_x0.75,shuffle_weights,er_randN,0.19984267950057985,0.999999999186402,0.0,48,48
washout_x0.75,shuffle_weights,ws_p01_randN,0.19984267950057985,0.9999999999133244,0.0,48,48
washout_x0.75,shuffle_weights,conn_shuf,0.19984267950057985,0.36353140519809324,0.0,48,48
washout_x0.75,shuffle_weights,local_sign,0.19984267950057985,0.6180095105118115,0.0,48,48
washout_x0.75,shuffle_weights,conn_shuf_only,0.19984267950057985,0.5533892413168098,0.0,48,48
washout_x0.75,shuffle_weights,cel_sample,0.19984267950057985,0.3423350728881167,0.0,48,48
washout_x0.75,shuffle_weights,local_sign+flat,0.19984267950057985,0.5908254847551662,0.0,48,48
washout_x0.75,shuffle_weights,local_sign+sample,0.19984267950057985,0.3366457166674819,0.0,48,48
washout_x0.75,shuffle_weights,local_sign+binary,0.19984267950057985,0.6066998101550523,0.0,48,48
washout_x0.75,shuffle_weights,global_sign_pres,0.19984267950057985,0.790192175489842,0.0,48,48
washout_x0.75,shuffle_weights,binary+shuffle,0.19984267950057985,0.7353962100823614,0.0,48,48
washout_x0.75,cel_randN,er_randN,0.19984267950057985,0.9298667394548024,0.0,48,48
washout_x0.75,cel_randN,ws_p01_randN,0.19984267950057985,0.9831845760492717,0.0,48,48
washout_x0.75,cel_randN,conn_shuf,0.19984267950057985,0.9999993057582642,0.0,48,48
washout_x0.75,cel_randN,local_sign,0.19984267950057985,0.99999992787278,0.0,48,48
washout_x0.75,cel_randN,conn_shuf_only,0.19984267950057985,0.999997436033172,0.0,48,48
washout_x0.75,cel_randN,cel_sample,0.19984267950057985,0.9999989813836971,0.0,48,48
washout_x0.75,cel_randN,local_sign+flat,0.19984267950057985,0.9999999277991382,0.0,48,48
washout_x0.75,cel_randN,local_sign+sample,0.19984267950057985,0.9999993123189395,0.0,48,48
washout_x0.75,cel_randN,local_sign+binary,0.19984267950057985,0.9999999410020144,0.0,48,48
washout_x0.75,cel_randN,global_sign_pres,0.19984267950057985,0.9999999799686036,0.0,48,48
washout_x0.75,cel_randN,binary+shuffle,0.19984267950057985,0.999999970883838,0.0,48,48
washout_x0.75,er_randN,ws_p01_randN,0.19984267950057985,0.6982129647088133,0.0,48,48
washout_x0.75,er_randN,conn_shuf,0.19984267950057985,0.9999999990460215,0.0,48,48
washout_x0.75,er_randN,local_sign,0.19984267950057985,0.9999999998941161,0.0,48,48
washout_x0.75,er_randN,conn_shuf_only,0.19984267950057985,0.9999999963698648,0.0,48,48
washout_x0.75,er_randN,cel_sample,0.19984267950057985,0.9999999984913128,0.0,48,48
washout_x0.75,er_randN,local_sign+flat,0.19984267950057985,0.9999999998956478,0.0,48,48
washout_x0.75,er_randN,local_sign+sample,0.19984267950057985,0.9999999990335465,0.0,48,48
washout_x0.75,er_randN,local_sign+binary,0.19984267950057985,0.999999999914868,0.0,48,48
washout_x0.75,er_randN,global_sign_pres,0.19984267950057985,0.9999999999691326,0.0,48,48
washout_x0.75,er_randN,binary+shuffle,0.19984267950057985,0.9999999999561332,0.0,48,48
washout_x0.75,ws_p01_randN,conn_shuf,0.19984267950057985,0.999999999899167,0.0,48,48
washout_x0.75,ws_p01_randN,local_sign,0.19984267950057985,0.9999999999875929,0.0,48,48
washout_x0.75,ws_p01_randN,conn_shuf_only,0.19984267950057985,0.9999999996357956,0.0,48,48
washout_x0.75,ws_p01_randN,cel_sample,0.19984267950057985,0.9999999998428751,0.0,48,48
washout_x0.75,ws_p01_randN,local_sign+flat,0.19984267950057985,0.9999999999877544,0.0,48,48
washout_x0.75,ws_p01_randN,local_sign+sample,0.19984267950057985,0.9999999998978124,0.0,48,48
washout_x0.75,ws_p01_randN,local_sign+binary,0.19984267950057985,0.9999999999898986,0.0,48,48
washout_x0.75,ws_p01_randN,global_sign_pres,0.19984267950057985,0.999999999996139,0.0,48,48
washout_x0.75,ws_p01_randN,binary+shuffle,0.19984267950057985,0.9999999999946141,0.0,48,48
washout_x0.75,conn_shuf,local_sign,0.19984267950057985,0.6924812245888599,0.0,48,48
washout_x0.75,conn_shuf,conn_shuf_only,0.19984267950057985,0.48553837908684017,0.0,48,48
washout_x0.75,conn_shuf,cel_sample,0.19984267950057985,0.34621629449900926,0.0,48,48
washout_x0.75,conn_shuf,local_sign+flat,0.19984267950057985,0.6686443134573546,0.0,48,48
washout_x0.75,conn_shuf,local_sign+sample,0.19984267950057985,0.3285465678358159,0.0,48,48
washout_x0.75,conn_shuf,local_sign+binary,0.19984267950057985,0.6859716258753996,0.0,48,48
washout_x0.75,conn_shuf,global_sign_pres,0.19984267950057985,0.8509279446383263,0.0,48,48
washout_x0.75,conn_shuf,binary+shuffle,0.19984267950057985,0.8038763558876977,0.0,48,48
washout_x0.75,local_sign,conn_shuf_only,0.19984267950057985,0.8308913781398612,0.0,48,48
washout_x0.75,local_sign,cel_sample,0.19984267950057985,0.6371657727381588,0.0,48,48
washout_x0.75,local_sign,local_sign+flat,0.19984267950057985,0.30418951684753426,0.0,48,48
washout_x0.75,local_sign,local_sign+sample,0.19984267950057985,0.6544663780597533,0.0,48,48
washout_x0.75,local_sign,local_sign+binary,0.19984267950057985,0.28617648184964894,0.0,48,48
washout_x0.75,local_sign,global_sign_pres,0.19984267950057985,0.46936568457703176,0.0,48,48
washout_x0.75,local_sign,binary+shuffle,0.19984267950057985,0.3940687570815972,0.0,48,48
washout_x0.75,conn_shuf_only,cel_sample,0.19984267950057985,0.5227330719131773,0.0,48,48
washout_x0.75,conn_shuf_only,local_sign+flat,0.19984267950057985,0.8178490462673282,0.0,48,48
washout_x0.75,conn_shuf_only,local_sign+sample,0.19984267950057985,0.5183484026791929,0.0,48,48
washout_x0.75,conn_shuf_only,local_sign+binary,0.19984267950057985,0.8318344042362185,0.0,48,48
washout_x0.75,conn_shuf_only,global_sign_pres,0.19984267950057985,0.92940423368035,0.0,48,48
washout_x0.75,conn_shuf_only,binary+shuffle,0.19984267950057985,0.903355098459504,0.0,48,48
washout_x0.75,cel_sample,local_sign+flat,0.19984267950057985,0.612787563945526,0.0,48,48
washout_x0.75,cel_sample,local_sign+sample,0.19984267950057985,0.32182485902084934,0.0,48,48
washout_x0.75,cel_sample,local_sign+binary,0.19984267950057985,0.6273854640839318,0.0,48,48
washout_x0.75,cel_sample,global_sign_pres,0.19984267950057985,0.7929859485584294,0.0,48,48
washout_x0.75,cel_sample,binary+shuffle,0.19984267950057985,0.7433246060875686,0.0,48,48
washout_x0.75,local_sign+flat,local_sign+sample,0.19984267950057985,0.6291015559993689,0.0,48,48
washout_x0.75,local_sign+flat,local_sign+binary,0.19984267950057985,0.27538762620009527,0.0,48,48
washout_x0.75,local_sign+flat,global_sign_pres,0.19984267950057985,0.5040003122374862,0.0,48,48
washout_x0.75,local_sign+flat,binary+shuffle,0.19984267950057985,0.4250740001609601,0.0,48,48
washout_x0.75,local_sign+sample,local_sign+binary,0.19984267950057985,0.6454360251016762,0.0,48,48
washout_x0.75,local_sign+sample,global_sign_pres,0.19984267950057985,0.818539843539171,0.0,48,48
washout_x0.75,local_sign+sample,binary+shuffle,0.19984267950057985,0.7677886579378053,0.0,48,48
washout_x0.75,local_sign+binary,global_sign_pres,0.19984267950057985,0.4879075245038002,0.0,48,48
washout_x0.75,local_sign+binary,binary+shuffle,0.19984267950057985,0.4069867477823368,0.0,48,48
washout_x0.75,global_sign_pres,binary+shuffle,0.19984267950057985,0.3298462907127545,0.0,48,48
t_train_x0.75,real,shuffle_weights,0.20153208971023562,0.675841301891533,0.0,48,48
t_train_x0.75,real,cel_randN,0.20153208971023562,0.9999999259936645,0.0,48,48
t_train_x0.75,real,er_randN,0.20153208971023562,0.9999999995882443,0.0,48,48
t_train_x0.75,real,ws_p01_randN,0.20153208971023562,0.9999999998072074,0.0,48,48
t_train_x0.75,real,conn_shuf,0.20153208971023562,0.6301941692086686,0.0,48,48
t_train_x0.75,real,local_sign,0.20153208971023562,0.3737099801658971,0.0,48,48
t_train_x0.75,real,conn_shuf_only,0.20153208971023562,0.6183799410021961,0.0,48,48
t_train_x0.75,real,cel_sample,0.20153208971023562,0.5452101122714543,0.0,48,48
t_train_x0.75,real,local_sign+flat,0.20153208971023562,0.34084422489044386,0.0,48,48
t_train_x0.75,real,local_sign+sample,0.20153208971023562,0.5443839942912464,0.0,48,48
t_train_x0.75,real,local_sign+binary,0.20153208971023562,0.5168262252257619,0.0,48,48
t_train_x0.75,real,global_sign_pres,0.20153208971023562,0.5345216328245702,0.0,48,48
t_train_x0.75,real,binary+shuffle,0.20153208971023562,0.6481954967320884,0.0,48,48
t_train_x0.75,shuffle_weights,cel_randN,0.20153208971023562,0.9999992332879118,0.0,48,48
t_train_x0.75,shuffle_weights,er_randN,0.20153208971023562,0.9999999962732601,0.0,48,48
t_train_x0.75,shuffle_weights,ws_p01_randN,0.20153208971023562,0.9999999985227243,0.0,48,48
t_train_x0.75,shuffle_weights,conn_shuf,0.20153208971023562,0.3388033642151112,0.0,48,48
t_train_x0.75,shuffle_weights,local_sign,0.20153208971023562,0.7680747488442,0.0,48,48
t_train_x0.75,shuffle_weights,conn_shuf_only,0.20153208971023562,0.35106694842609526,0.0,48,48
t_train_x0.75,shuffle_weights,cel_sample,0.20153208971023562,0.42207116325491834,0.0,48,48
t_train_x0.75,shuffle_weights,local_sign+flat,0.20153208971023562,0.7455785847411489,0.0,48,48
t_train_x0.75,shuffle_weights,local_sign+sample,0.20153208971023562,0.4205186821721653,0.0,48,48
t_train_x0.75,shuffle_weights,local_sign+binary,0.20153208971023562,0.8640358674326385,0.0,48,48
t_train_x0.75,shuffle_weights,global_sign_pres,0.20153208971023562,0.8730022452787781,0.0,48,48
t_train_x0.75,shuffle_weights,binary+shuffle,0.20153208971023562,0.9207497014277586,0.0,48,48
t_train_x0.75,cel_randN,er_randN,0.20153208971023562,0.9078313261301115,0.0,48,48
t_train_x0.75,cel_randN,ws_p01_randN,0.20153208971023562,0.9657311443013776,0.0,48,48
t_train_x0.75,cel_randN,conn_shuf,0.20153208971023562,0.9999994356572269,0.0,48,48
t_train_x0.75,cel_randN,local_sign,0.20153208971023562,0.9999999641486566,0.0,48,48
t_train_x0.75,cel_randN,conn_shuf_only,0.20153208971023562,0.9999992829846356,0.0,48,48
t_train_x0.75,cel_randN,cel_sample,0.20153208971023562,0.999999285782206,0.0,48,48
t_train_x0.75,cel_randN,local_sign+flat,0.20153208971023562,0.9999999602531218,0.0,48,48
t_train_x0.75,cel_randN,local_sign+sample,0.20153208971023562,0.999999553421734,0.0,48,48
t_train_x0.75,cel_randN,local_sign+binary,0.20153208971023562,0.9999999848591314,0.0,48,48
t_train_x0.75,cel_randN,global_sign_pres,0.20153208971023562,0.9999999861691226,0.0,48,48
t_train_x0.75,cel_randN,binary+shuffle,0.20153208971023562,0.9999999920882909,0.0,48,48
t_train_x0.75,er_randN,ws_p01_randN,0.20153208971023562,0.6442325844805414,0.0,48,48
t_train_x0.75,er_randN,conn_shuf,0.20153208971023562,0.9999999972218958,0.0,48,48
t_train_x0.75,er_randN,local_sign,0.20153208971023562,0.999999999790021,0.0,48,48
t_train_x0.75,er_randN,conn_shuf_only,0.20153208971023562,0.9999999964493259,0.0,48,48
t_train_x0.75,er_randN,cel_sample,0.20153208971023562,0.9999999963668068,0.0,48,48
t_train_x0.75,er_randN,local_sign+flat,0.20153208971023562,0.9999999997695761,0.0,48,48
t_train_x0.75,er_randN,local_sign+sample,0.20153208971023562,0.9999999977447165,0.0,48,48
t_train_x0.75,er_randN,local_sign+binary,0.20153208971023562,0.9999999999047882,0.0,48,48
t_train_x0.75,er_randN,global_sign_pres,0.20153208971023562,0.9999999999123204,0.0,48,48
t_train_x0.75,er_randN,binary+shuffle,0.20153208971023562,0.999999999947185,0.0,48,48
t_train_x0.75,ws_p01_randN,conn_shuf,0.20153208971023562,0.9999999988738525,0.0,48,48
t_train_x0.75,ws_p01_randN,local_sign,0.20153208971023562,0.9999999998957735,0.0,48,48
t_train_x0.75,ws_p01_randN,conn_shuf_only,0.20153208971023562,0.9999999986020228,0.0,48,48
t_train_x0.75,ws_p01_randN,cel_sample,0.20153208971023562,0.9999999985949143,0.0,48,48
t_train_x0.75,ws_p01_randN,local_sign+flat,0.20153208971023562,0.9999999998860205,0.0,48,48
t_train_x0.75,ws_p01_randN,local_sign+sample,0.20153208971023562,0.9999999990814116,0.0,48,48
t_train_x0.75,ws_p01_randN,local_sign+binary,0.20153208971023562,0.9999999999495269,0.0,48,48
t_train_x0.75,ws_p01_randN,global_sign_pres,0.20153208971023562,0.9999999999532265,0.0,48,48
t_train_x0.75,ws_p01_randN,binary+shuffle,0.20153208971023562,0.9999999999707867,0.0,48,48
t_train_x0.75,conn_shuf,local_sign,0.20153208971023562,0.7285337283142417,0.0,48,48
t_train_x0.75,conn_shuf,conn_shuf_only,0.20153208971023562,0.3072168518142762,0.0,48,48
t_train_x0.75,conn_shuf,cel_sample,0.20153208971023562,0.3785664688674806,0.0,48,48
t_train_x0.75,conn_shuf,local_sign+flat,0.20153208971023562,0.7034429145105097,0.0,48,48
t_train_x0.75,conn_shuf,local_sign+sample,0.20153208971023562,0.3737191165488061,0.0,48,48
t_train_x0.75,conn_shuf,local_sign+binary,0.20153208971023562,0.8356200577924295,0.0,48,48
t_train_x0.75,conn_shuf,global_sign_pres,0.20153208971023562,0.8459459424468674,0.0,48,48
t_train_x0.75,conn_shuf,binary+shuffle,0.20153208971023562,0.9019701654325025,0.0,48,48
t_train_x0.75,local_sign,conn_shuf_only,0.20153208971023562,0.7127399497715206,0.0,48,48
t_train_x0.75,local_sign,cel_sample,0.20153208971023562,0.637581619279624,0.0,48,48
t_train_x0.75,local_sign,local_sign+flat,0.20153208971023562,0.2948694669008794,0.0,48,48
t_train_x0.75,local_sign,local_sign+sample,0.20153208971023562,0.6444904142778953,0.0,48,48
t_train_x0.75,local_sign,local_sign+binary,0.20153208971023562,0.40182566226332794,0.0,48,48
t_train_x0.75,local_sign,global_sign_pres,0.20153208971023562,0.41969910170650926,0.0,48,48
t_train_x0.75,local_sign,binary+shuffle,0.20153208971023562,0.5413422516959961,0.0,48,48
t_train_x0.75,conn_shuf_only,cel_sample,0.20153208971023562,0.3782657081785384,0.0,48,48
t_train_x0.75,conn_shuf_only,local_sign+flat,0.20153208971023562,0.6881078011287853,0.0,48,48
t_train_x0.75,conn_shuf_only,local_sign+sample,0.20153208971023562,0.37396786420182093,0.0,48,48
t_train_x0.75,conn_shuf_only,local_sign+binary,0.20153208971023562,0.8181083719515099,0.0,48,48
t_train_x0.75,conn_shuf_only,global_sign_pres,0.20153208971023562,0.8285515034277877,0.0,48,48
t_train_x0.75,conn_shuf_only,binary+shuffle,0.20153208971023562,0.8865688035852,0.0,48,48
t_train_x0.75,cel_sample,local_sign+flat,0.20153208971023562,0.611619952888638,0.0,48,48
t_train_x0.75,cel_sample,local_sign+sample,0.20153208971023562,0.32174278199623063,0.0,48,48
t_train_x0.75,cel_sample,local_sign+binary,0.20153208971023562,0.7491712168872864,0.0,48,48
t_train_x0.75,cel_sample,global_sign_pres,0.20153208971023562,0.7609933862051816,0.0,48,48
t_train_x0.75,cel_sample,binary+shuffle,0.20153208971023562,0.830117117288375,0.0,48,48
t_train_x0.75,local_sign+flat,local_sign+sample,0.20153208971023562,0.6165948159825032,0.0,48,48
t_train_x0.75,local_sign+flat,local_sign+binary,0.20153208971023562,0.4353100394942993,0.0,48,48
t_train_x0.75,local_sign+flat,global_sign_pres,0.20153208971023562,0.4537257561631608,0.0,48,48
t_train_x0.75,local_sign+flat,binary+shuffle,0.20153208971023562,0.5767814634051309,0.0,48,48
t_train_x0.75,local_sign+sample,local_sign+binary,0.20153208971023562,0.764078694128728,0.0,48,48
t_train_x0.75,local_sign+sample,global_sign_pres,0.20153208971023562,0.7764989142094711,0.0,48,48
t_train_x0.75,local_sign+sample,binary+shuffle,0.20153208971023562,0.8475650929054394,0.0,48,48
t_train_x0.75,local_sign+binary,global_sign_pres,0.20153208971023562,0.2739862069697995,0.0,48,48
t_train_x0.75,local_sign+binary,binary+shuffle,0.20153208971023562,0.3882411431384732,0.0,48,48
t_train_x0.75,global_sign_pres,binary+shuffle,0.20153208971023562,0.3704653769885488,0.0,48,48
t_test_x0.75,real,shuffle_weights,0.19927293062210083,0.34963432261165067,0.0,48,48
t_test_x0.75,real,cel_randN,0.19927293062210083,0.9999996665102557,0.0,48,48
t_test_x0.75,real,er_randN,0.19927293062210083,0.9999999998014948,0.0,48,48
t_test_x0.75,real,ws_p01_randN,0.19927293062210083,0.9999999999799539,0.0,48,48
t_test_x0.75,real,conn_shuf,0.19927293062210083,0.4957289270582959,0.0,48,48
t_test_x0.75,real,local_sign,0.19927293062210083,0.488559391785949,0.0,48,48
t_test_x0.75,real,conn_shuf_only,0.19927293062210083,0.5747874352612319,0.0,48,48
t_test_x0.75,real,cel_sample,0.19927293062210083,0.5768796899382103,0.0,48,48
t_test_x0.75,real,local_sign+flat,0.19927293062210083,0.3371790071983486,0.0,48,48
t_test_x0.75,real,local_sign+sample,0.19927293062210083,0.593408938787654,0.0,48,48
t_test_x0.75,real,local_sign+binary,0.19927293062210083,0.45786353800900004,0.0,48,48
t_test_x0.75,real,global_sign_pres,0.19927293062210083,0.4844402854539441,0.0,48,48
t_test_x0.75,real,binary+shuffle,0.19927293062210083,0.4953715878805605,0.0,48,48
t_test_x0.75,shuffle_weights,cel_randN,0.19927293062210083,0.9999994815376401,0.0,48,48
t_test_x0.75,shuffle_weights,er_randN,0.19927293062210083,0.999999999682801,0.0,48,48
t_test_x0.75,shuffle_weights,ws_p01_randN,0.19927293062210083,0.999999999968674,0.0,48,48
t_test_x0.75,shuffle_weights,conn_shuf,0.19927293062210083,0.4417991906196802,0.0,48,48
t_test_x0.75,shuffle_weights,local_sign,0.19927293062210083,0.547813728297124,0.0,48,48
t_test_x0.75,shuffle_weights,conn_shuf_only,0.19927293062210083,0.5218342044738973,0.0,48,48
t_test_x0.75,shuffle_weights,cel_sample,0.19927293062210083,0.52427796301743,0.0,48,48
t_test_x0.75,shuffle_weights,local_sign+flat,0.19927293062210083,0.3965824059587097,0.0,48,48
t_test_x0.75,shuffle_weights,local_sign+sample,0.19927293062210083,0.5361394343057553,0.0,48,48
t_test_x0.75,shuffle_weights,local_sign+binary,0.19927293062210083,0.5195540740417566,0.0,48,48
t_test_x0.75,shuffle_weights,global_sign_pres,0.19927293062210083,0.5444352544930349,0.0,48,48
t_test_x0.75,shuffle_weights,binary+shuffle,0.19927293062210083,0.5540039216770622,0.0,48,48
t_test_x0.75,cel_randN,er_randN,0.19927293062210083,0.9373314029534083,0.0,48,48
t_test_x0.75,cel_randN,ws_p01_randN,0.19927293062210083,0.9861613939654552,0.0,48,48
t_test_x0.75,cel_randN,conn_shuf,0.19927293062210083,0.9999989045040755,0.0,48,48
t_test_x0.75,cel_randN,local_sign,0.19927293062210083,0.9999999138913729,0.0,48,48
t_test_x0.75,cel_randN,conn_shuf_only,0.19927293062210083,0.9999978211761891,0.0,48,48
t_test_x0.75,cel_randN,cel_sample,0.19927293062210083,0.9999977113043766,0.0,48,48
t_test_x0.75,cel_randN,local_sign+flat,0.19927293062210083,0.9999997885704777,0.0,48,48
t_test_x0.75,cel_randN,local_sign+sample,0.19927293062210083,0.999998388284302,0.0,48,48
t_test_x0.75,cel_randN,local_sign+binary,0.19927293062210083,0.9999999110567076,0.0,48,48
t_test_x0.75,cel_randN,global_sign_pres,0.19927293062210083,0.9999999165596046,0.0,48,48
t_test_x0.75,cel_randN,binary+shuffle,0.19927293062210083,0.9999999140949264,0.0,48,48
t_test_x0.75,er_randN,ws_p01_randN,0.19927293062210083,0.7085966855382066,0.0,48,48
t_test_x0.75,er_randN,conn_shuf,0.19927293062210083,0.999999999327148,0.0,48,48
t_test_x0.75,er_randN,local_sign,0.19927293062210083,0.9999999999502895,0.0,48,48
t_test_x0.75,er_randN,conn_shuf_only,0.19927293062210083,0.9999999985641511,0.0,48,48
t_test_x0.75,er_randN,cel_sample,0.19927293062210083,0.9999999984781022,0.0,48,48
t_test_x0.75,er_randN,local_sign+flat,0.19927293062210083,0.9999999998774997,0.0,48,48
t_test_x0.75,er_randN,local_sign+sample,0.19927293062210083,0.9999999990235379,0.0,48,48
t_test_x0.75,er_randN,local_sign+binary,0.19927293062210083,0.9999999999495682,0.0,48,48
t_test_x0.75,er_randN,global_sign_pres,0.19927293062210083,0.9999999999521639,0.0,48,48
t_test_x0.75,er_randN,binary+shuffle,0.19927293062210083,0.9999999999501721,0.0,48,48
t_test_x0.75,ws_p01_randN,conn_shuf,0.19927293062210083,0.9999999999358186,0.0,48,48
t_test_x0.75,ws_p01_randN,local_sign,0.19927293062210083,0.9999999999946052,0.0,48,48
t_test_x0.75,ws_p01_randN,conn_shuf_only,0.19927293062210083,0.9999999998671344,0.0,48,48
t_test_x0.75,ws_p01_randN,cel_sample,0.19927293062210083,0.99999999985945,0.0,48,48
t_test_x0.75,ws_p01_randN,local_sign+flat,0.19927293062210083,0.9999999999873241,0.0,48,48
t_test_x0.75,ws_p01_randN,local_sign+sample,0.19927293062210083,0.9999999999084616,0.0,48,48
t_test_x0.75,ws_p01_randN,local_sign+binary,0.19927293062210083,0.9999999999945268,0.0,48,48
t_test_x0.75,ws_p01_randN,global_sign_pres,0.19927293062210083,0.9999999999947962,0.0,48,48
t_test_x0.75,ws_p01_randN,binary+shuffle,0.19927293062210083,0.9999999999945943,0.0,48,48
t_test_x0.75,conn_shuf,local_sign,0.19927293062210083,0.6978757866253285,0.0,48,48
t_test_x0.75,conn_shuf,conn_shuf_only,0.19927293062210083,0.3849646719778415,0.0,48,48
t_test_x0.75,conn_shuf,cel_sample,0.19927293062210083,0.3882054734916589,0.0,48,48
t_test_x0.75,conn_shuf,local_sign+flat,0.19927293062210083,0.5504025507861521,0.0,48,48
t_test_x0.75,conn_shuf,local_sign+sample,0.19927293062210083,0.38879080880155836,0.0,48,48
t_test_x0.75,conn_shuf,local_sign+binary,0.19927293062210083,0.6758079739384721,0.0,48,48
t_test_x0.75,conn_shuf,global_sign_pres,0.19927293062210083,0.6962478073117849,0.0,48,48
t_test_x0.75,conn_shuf,binary+shuffle,0.19927293062210083,0.7025122966601658,0.0,48,48
t_test_x0.75,local_sign,conn_shuf_only,0.19927293062210083,0.7566238473354978,0.0,48,48
t_test_x0.75,local_sign,cel_sample,0.19927293062210083,0.757121077366502,0.0,48,48
t_test_x0.75,local_sign,local_sign+flat,0.19927293062210083,0.42799937037062713,0.0,48,48
t_test_x0.75,local_sign,local_sign+sample,0.19927293062210083,0.7857092201631612,0.0,48,48
t_test_x0.75,local_sign,local_sign+binary,0.19927293062210083,0.2907796647840074,0.0,48,48
t_test_x0.75,local_sign,global_sign_pres,0.19927293062210083,0.26999455809361844,0.0,48,48
t_test_x0.75,local_sign,binary+shuffle,0.19927293062210083,0.2763037423485569,0.0,48,48
t_test_x0.75,conn_shuf_only,cel_sample,0.19927293062210083,0.32477394673794013,0.0,48,48
t_test_x0.75,conn_shuf_only,local_sign+flat,0.19927293062210083,0.6270656825421843,0.0,48,48
t_test_x0.75,conn_shuf_only,local_sign+sample,0.19927293062210083,0.3211674685768088,0.0,48,48
t_test_x0.75,conn_shuf_only,local_sign+binary,0.19927293062210083,0.73890950651764,0.0,48,48
t_test_x0.75,conn_shuf_only,global_sign_pres,0.19927293062210083,0.7556394356455698,0.0,48,48
t_test_x0.75,conn_shuf_only,binary+shuffle,0.19927293062210083,0.7603003123167917,0.0,48,48
t_test_x0.75,cel_sample,local_sign+flat,0.19927293062210083,0.6287472837260788,0.0,48,48
t_test_x0.75,cel_sample,local_sign+sample,0.19927293062210083,0.319953478245338,0.0,48,48
t_test_x0.75,cel_sample,local_sign+binary,0.19927293062210083,0.7395467845175696,0.0,48,48
t_test_x0.75,cel_sample,global_sign_pres,0.19927293062210083,0.7561352644915529,0.0,48,48
t_test_x0.75,cel_sample,binary+shuffle,0.19927293062210083,0.7607712022506967,0.0,48,48
t_test_x0.75,local_sign+flat,local_sign+sample,0.19927293062210083,0.6500727122636942,0.0,48,48
t_test_x0.75,local_sign+flat,local_sign+binary,0.19927293062210083,0.395147399254418,0.0,48,48
t_test_x0.75,local_sign+flat,global_sign_pres,0.19927293062210083,0.4230987957829936,0.0,48,48
t_test_x0.75,local_sign+flat,binary+shuffle,0.19927293062210083,0.43539203584920144,0.0,48,48
t_test_x0.75,local_sign+sample,local_sign+binary,0.19927293062210083,0.7687152418697716,0.0,48,48
t_test_x0.75,local_sign+sample,global_sign_pres,0.19927293062210083,0.7851654766502515,0.0,48,48
t_test_x0.75,local_sign+sample,binary+shuffle,0.19927293062210083,0.7891579936074877,0.0,48,48
t_test_x0.75,local_sign+binary,global_sign_pres,0.19927293062210083,0.2846557899213865,0.0,48,48
t_test_x0.75,local_sign+binary,binary+shuffle,0.19927293062210083,0.29858144798498465,0.0,48,48
t_test_x0.75,global_sign_pres,binary+shuffle,0.19927293062210083,0.2775394791802449,0.0,48,48
washout_x1.25,real,shuffle_weights,0.19936122298240663,0.746795507963818,0.0,48,48
washout_x1.25,real,cel_randN,0.19936122298240663,0.9999999588533192,0.0,48,48
washout_x1.25,real,er_randN,0.19936122298240663,0.9999999999760945,0.0,48,48
washout_x1.25,real,ws_p01_randN,0.19936122298240663,0.9999999999908643,0.0,48,48
washout_x1.25,real,conn_shuf,0.19936122298240663,0.5961084252366979,0.0,48,48
washout_x1.25,real,local_sign,0.19936122298240663,0.4338939440192938,0.0,48,48
washout_x1.25,real,conn_shuf_only,0.19936122298240663,0.8595920110584756,0.0,48,48
washout_x1.25,real,cel_sample,0.19936122298240663,0.6906480738886784,0.0,48,48
washout_x1.25,real,local_sign+flat,0.19936122298240663,0.3237147596271515,0.0,48,48
washout_x1.25,real,local_sign+sample,0.19936122298240663,0.71064729718847,0.0,48,48
washout_x1.25,real,local_sign+binary,0.19936122298240663,0.4075149604518699,0.0,48,48
washout_x1.25,real,global_sign_pres,0.19936122298240663,0.2977221834268938,0.0,48,48
washout_x1.25,real,binary+shuffle,0.19936122298240663,0.4370296016252152,0.0,48,48
washout_x1.25,shuffle_weights,cel_randN,0.19936122298240663,0.9999993456925967,0.0,48,48
washout_x1.25,shuffle_weights,er_randN,0.19936122298240663,0.9999999996197491,0.0,48,48
washout_x1.25,shuffle_weights,ws_p01_randN,0.19936122298240663,0.9999999998822012,0.0,48,48
washout_x1.25,shuffle_weights,conn_shuf,0.19936122298240663,0.4626491176755762,0.0,48,48
washout_x1.25,shuffle_weights,local_sign,0.19936122298240663,0.8515911161124141,0.0,48,48
washout_x1.25,shuffle_weights,conn_shuf_only,0.19936122298240663,0.4727792023601022,0.0,48,48
washout_x1.25,shuffle_weights,cel_sample,0.19936122298240663,0.3642351886992686,0.0,48,48
washout_x1.25,shuffle_weights,local_sign+flat,0.19936122298240663,0.7918779162141012,0.0,48,48
washout_x1.25,shuffle_weights,local_sign+sample,0.19936122298240663,0.34616659327680255,0.0,48,48
washout_x1.25,shuffle_weights,local_sign+binary,0.19936122298240663,0.8572891046172244,0.0,48,48
washout_x1.25,shuffle_weights,global_sign_pres,0.19936122298240663,0.7774102327770553,0.0,48,48
washout_x1.25,shuffle_weights,binary+shuffle,0.19936122298240663,0.8528885420547201,0.0,48,48
washout_x1.25,cel_randN,er_randN,0.19936122298240663,0.9392270122712638,0.0,48,48
washout_x1.25,cel_randN,ws_p01_randN,0.19936122298240663,0.9818829919118168,0.0,48,48
washout_x1.25,cel_randN,conn_shuf,0.19936122298240663,0.9999997371136572,0.0,48,48
washout_x1.25,cel_randN,local_sign,0.19936122298240663,0.9999999838138542,0.0,48,48
washout_x1.25,cel_randN,conn_shuf_only,0.19936122298240663,0.999998103582447,0.0,48,48
washout_x1.25,cel_randN,cel_sample,0.19936122298240663,0.9999993850847062,0.0,48,48
washout_x1.25,cel_randN,local_sign+flat,0.19936122298240663,0.9999999772424213,0.0,48,48
washout_x1.25,cel_randN,local_sign+sample,0.19936122298240663,0.9999994858214203,0.0,48,48
washout_x1.25,cel_randN,local_sign+binary,0.19936122298240663,0.9999999885150429,0.0,48,48
washout_x1.25,cel_randN,global_sign_pres,0.19936122298240663,0.9999999764215263,0.0,48,48
washout_x1.25,cel_randN,binary+shuffle,0.19936122298240663,0.9999999839030712,0.0,48,48
washout_x1.25,er_randN,ws_p01_randN,0.19936122298240663,0.6707313563264596,0.0,48,48
washout_x1.25,er_randN,conn_shuf,0.19936122298240663,0.999999999847666,0.0,48,48
washout_x1.25,er_randN,local_sign,0.19936122298240663,0.9999999999904556,0.0,48,48
washout_x1.25,er_randN,conn_shuf_only,0.19936122298240663,0.9999999988484226,0.0,48,48
washout_x1.25,er_randN,cel_sample,0.19936122298240663,0.9999999996260678,0.0,48,48
washout_x1.25,er_randN,local_sign+flat,0.19936122298240663,0.9999999999871646,0.0,48,48
washout_x1.25,er_randN,local_sign+sample,0.19936122298240663,0.9999999997019895,0.0,48,48
washout_x1.25,er_randN,local_sign+binary,0.19936122298240663,0.9999999999935095,0.0,48,48
washout_x1.25,er_randN,global_sign_pres,0.19936122298240663,0.9999999999868893,0.0,48,48
washout_x1.25,er_randN,binary+shuffle,0.19936122298240663,0.9999999999904928,0.0,48,48
washout_x1.25,ws_p01_randN,conn_shuf,0.19936122298240663,0.999999999949638,0.0,48,48
washout_x1.25,ws_p01_randN,local_sign,0.19936122298240663,0.9999999999960656,0.0,48,48
washout_x1.25,ws_p01_randN,conn_shuf_only,0.19936122298240663,0.9999999996713581,0.0,48,48
washout_x1.25,ws_p01_randN,cel_sample,0.19936122298240663,0.9999999998853826,0.0,48,48
washout_x1.25,ws_p01_randN,local_sign+flat,0.19936122298240663,0.9999999999947524,0.0,48,48
washout_x1.25,ws_p01_randN,local_sign+sample,0.19936122298240663,0.9999999999060587,0.0,48,48
washout_x1.25,ws_p01_randN,local_sign+binary,0.19936122298240663,0.9999999999971687,0.0,48,48
washout_x1.25,ws_p01_randN,global_sign_pres,0.19936122298240663,0.9999999999946174,0.0,48,48
washout_x1.25,ws_p01_randN,binary+shuffle,0.19936122298240663,0.9999999999960822,0.0,48,48
washout_x1.25,conn_shuf,local_sign,0.19936122298240663,0.7315285619438536,0.0,48,48
washout_x1.25,conn_shuf,conn_shuf_only,0.19936122298240663,0.6295811049914508,0.0,48,48
washout_x1.25,conn_shuf,cel_sample,0.19936122298240663,0.4108812081011902,0.0,48,48
washout_x1.25,conn_shuf,local_sign+flat,0.19936122298240663,0.643736497323073,0.0,48,48
washout_x1.25,conn_shuf,local_sign+sample,0.19936122298240663,0.42027307646002265,0.0,48,48
washout_x1.25,conn_shuf,local_sign+binary,0.19936122298240663,0.7294926526943999,0.0,48,48
washout_x1.25,conn_shuf,global_sign_pres,0.19936122298240663,0.6222319487449117,0.0,48,48
washout_x1.25,conn_shuf,binary+shuffle,0.19936122298240663,0.7336253670008857,0.0,48,48
washout_x1.25,local_sign,conn_shuf_only,0.19936122298240663,0.9265965957656652,0.0,48,48
washout_x1.25,local_sign,cel_sample,0.19936122298240663,0.804413729690193,0.0,48,48
washout_x1.25,local_sign,local_sign+flat,0.19936122298240663,0.3839108189641819,0.0,48,48
washout_x1.25,local_sign,local_sign+sample,0.19936122298240663,0.8246836833107134,0.0,48,48
washout_x1.25,local_sign,local_sign+binary,0.19936122298240663,0.29037812858125644,0.0,48,48
washout_x1.25,local_sign,global_sign_pres,0.19936122298240663,0.4076896912347653,0.0,48,48
washout_x1.25,local_sign,binary+shuffle,0.19936122298240663,0.29054332458438564,0.0,48,48
washout_x1.25,conn_shuf_only,cel_sample,0.19936122298240663,0.5262894331119534,0.0,48,48
washout_x1.25,conn_shuf_only,local_sign+flat,0.19936122298240663,0.8930661125264937,0.0,48,48
washout_x1.25,conn_shuf_only,local_sign+sample,0.19936122298240663,0.514277748408212,0.0,48,48
washout_x1.25,conn_shuf_only,local_sign+binary,0.19936122298240663,0.9332722990852111,0.0,48,48
washout_x1.25,conn_shuf_only,global_sign_pres,0.19936122298240663,0.8852293354659386,0.0,48,48
washout_x1.25,conn_shuf_only,binary+shuffle,0.19936122298240663,0.9272677070299097,0.0,48,48
washout_x1.25,cel_sample,local_sign+flat,0.19936122298240663,0.7353507054321748,0.0,48,48
washout_x1.25,cel_sample,local_sign+sample,0.19936122298240663,0.3262616307975631,0.0,48,48
washout_x1.25,cel_sample,local_sign+binary,0.19936122298240663,0.8066114669457924,0.0,48,48
washout_x1.25,cel_sample,global_sign_pres,0.19936122298240663,0.7185656037617503,0.0,48,48
washout_x1.25,cel_sample,binary+shuffle,0.19936122298240663,0.8059957083592175,0.0,48,48
washout_x1.25,local_sign+flat,local_sign+sample,0.19936122298240663,0.757409492040318,0.0,48,48
washout_x1.25,local_sign+flat,local_sign+binary,0.19936122298240663,0.35165911951389794,0.0,48,48
washout_x1.25,local_sign+flat,global_sign_pres,0.19936122298240663,0.28927391678697606,0.0,48,48
washout_x1.25,local_sign+flat,binary+shuffle,0.19936122298240663,0.38726075133820564,0.0,48,48
washout_x1.25,local_sign+sample,local_sign+binary,0.19936122298240663,0.8290524443306263,0.0,48,48
washout_x1.25,local_sign+sample,global_sign_pres,0.19936122298240663,0.7410217584464738,0.0,48,48
washout_x1.25,local_sign+sample,binary+shuffle,0.19936122298240663,0.8261812553851869,0.0,48,48
washout_x1.25,local_sign+binary,global_sign_pres,0.19936122298240663,0.37613569456884544,0.0,48,48
washout_x1.25,local_sign+binary,binary+shuffle,0.19936122298240663,0.2936944537800267,0.0,48,48
washout_x1.25,global_sign_pres,binary+shuffle,0.19936122298240663,0.4111117755510526,0.0,48,48
t_train_x1.25,real,shuffle_weights,0.19473010897636414,0.3691179035722484,0.0,48,48
t_train_x1.25,real,cel_randN,0.19473010897636414,0.9999994312014787,0.0,48,48
t_train_x1.25,real,er_randN,0.19473010897636414,0.9999999999566611,0.0,48,48
t_train_x1.25,real,ws_p01_randN,0.19473010897636414,0.9999999999964669,0.0,48,48
t_train_x1.25,real,conn_shuf,0.19473010897636414,0.43238435004115755,0.0,48,48
t_train_x1.25,real,local_sign,0.19473010897636414,0.7136919207316317,0.0,48,48
t_train_x1.25,real,conn_shuf_only,0.19473010897636414,0.4533903994225147,0.0,48,48
t_train_x1.25,real,cel_sample,0.19473010897636414,0.6922781194663274,0.0,48,48
t_train_x1.25,real,local_sign+flat,0.19473010897636414,0.46587642886839453,0.0,48,48
t_train_x1.25,real,local_sign+sample,0.19473010897636414,0.35221588547987126,0.0,48,48
t_train_x1.25,real,local_sign+binary,0.19473010897636414,0.6186418882152427,0.0,48,48
t_train_x1.25,real,global_sign_pres,0.19473010897636414,0.6770895046921845,0.0,48,48
t_train_x1.25,real,binary+shuffle,0.19473010897636414,0.7122966742043104,0.0,48,48
t_train_x1.25,shuffle_weights,cel_randN,0.19473010897636414,0.9999988602110075,0.0,48,48
t_train_x1.25,shuffle_weights,er_randN,0.19473010897636414,0.9999999999009154,0.0,48,48
t_train_x1.25,shuffle_weights,ws_p01_randN,0.19473010897636414,0.9999999999921502,0.0,48,48
t_train_x1.25,shuffle_weights,conn_shuf,0.19473010897636414,0.3683792356174821,0.0,48,48
t_train_x1.25,shuffle_weights,local_sign,0.19473010897636414,0.7610105813787538,0.0,48,48
t_train_x1.25,shuffle_weights,conn_shuf_only,0.19473010897636414,0.38982638263734304,0.0,48,48
t_train_x1.25,shuffle_weights,cel_sample,0.19473010897636414,0.6194322451713326,0.0,48,48
t_train_x1.25,shuffle_weights,local_sign+flat,0.19473010897636414,0.5426567972590283,0.0,48,48
t_train_x1.25,shuffle_weights,local_sign+sample,0.19473010897636414,0.32480225856561545,0.0,48,48
t_train_x1.25,shuffle_weights,local_sign+binary,0.19473010897636414,0.6839135379936838,0.0,48,48
t_train_x1.25,shuffle_weights,global_sign_pres,0.19473010897636414,0.7315304260457809,0.0,48,48
t_train_x1.25,shuffle_weights,binary+shuffle,0.19473010897636414,0.7609051953692543,0.0,48,48
t_train_x1.25,cel_randN,er_randN,0.19473010897636414,0.9618708313534399,0.0,48,48
t_train_x1.25,cel_randN,ws_p01_randN,0.19473010897636414,0.9923955097112291,0.0,48,48
t_train_x1.25,cel_randN,conn_shuf,0.19473010897636414,0.9999984900417331,0.0,48,48
t_train_x1.25,cel_randN,local_sign,0.19473010897636414,0.9999999299924646,0.0,48,48
t_train_x1.25,cel_randN,conn_shuf_only,0.19473010897636414,0.9999979546341666,0.0,48,48
t_train_x1.25,cel_randN,cel_sample,0.19473010897636414,0.9999932101686041,0.0,48,48
t_train_x1.25,cel_randN,local_sign+flat,0.19473010897636414,0.9999997657335618,0.0,48,48
t_train_x1.25,cel_randN,local_sign+sample,0.19473010897636414,0.9999989983692353,0.0,48,48
t_train_x1.25,cel_randN,local_sign+binary,0.19473010897636414,0.9999999225347879,0.0,48,48
t_train_x1.25,cel_randN,global_sign_pres,0.19473010897636414,0.9999999292244341,0.0,48,48
t_train_x1.25,cel_randN,binary+shuffle,0.19473010897636414,0.9999999390133921,0.0,48,48
t_train_x1.25,er_randN,ws_p01_randN,0.19473010897636414,0.7075561983148415,0.0,48,48
t_train_x1.25,er_randN,conn_shuf,0.19473010897636414,0.9999999998683409,0.0,48,48
t_train_x1.25,er_randN,local_sign,0.19473010897636414,0.9999999999948495,0.0,48,48
t_train_x1.25,er_randN,conn_shuf_only,0.19473010897636414,0.9999999998051659,0.0,48,48
t_train_x1.25,er_randN,cel_sample,0.19473010897636414,0.9999999992916738,0.0,48,48
t_train_x1.25,er_randN,local_sign+flat,0.19473010897636414,0.9999999999826283,0.0,48,48
t_train_x1.25,er_randN,local_sign+sample,0.19473010897636414,0.9999999999148264,0.0,48,48
t_train_x1.25,er_randN,local_sign+binary,0.19473010897636414,0.9999999999949374,0.0,48,48
t_train_x1.25,er_randN,global_sign_pres,0.19473010897636414,0.9999999999950947,0.0,48,48
t_train_x1.25,er_randN,binary+shuffle,0.19473010897636414,0.9999999999957226,0.0,48,48
t_train_x1.25,ws_p01_randN,conn_shuf,0.19473010897636414,0.9999999999896936,0.0,48,48
t_train_x1.25,ws_p01_randN,local_sign,0.19473010897636414,0.9999999999995376,0.0,48,48
t_train_x1.25,ws_p01_randN,conn_shuf_only,0.19473010897636414,0.9999999999849003,0.0,48,48
t_train_x1.25,ws_p01_randN,cel_sample,0.19473010897636414,0.9999999999475511,0.0,48,48
t_train_x1.25,ws_p01_randN,local_sign+flat,0.19473010897636414,0.9999999999985258,0.0,48,48
t_train_x1.25,ws_p01_randN,local_sign+sample,0.19473010897636414,0.9999999999932179,0.0,48,48
t_train_x1.25,ws_p01_randN,local_sign+binary,0.19473010897636414,0.9999999999995459,0.0,48,48
t_train_x1.25,ws_p01_randN,global_sign_pres,0.19473010897636414,0.999999999999559,0.0,48,48
t_train_x1.25,ws_p01_randN,binary+shuffle,0.19473010897636414,0.999999999999613,0.0,48,48
t_train_x1.25,conn_shuf,local_sign,0.19473010897636414,0.8105193794875538,0.0,48,48
t_train_x1.25,conn_shuf,conn_shuf_only,0.19473010897636414,0.3326238873497678,0.0,48,48
t_train_x1.25,conn_shuf,cel_sample,0.19473010897636414,0.5616444521516701,0.0,48,48
t_train_x1.25,conn_shuf,local_sign+flat,0.19473010897636414,0.6082188547209622,0.0,48,48
t_train_x1.25,conn_shuf,local_sign+sample,0.19473010897636414,0.38202721101416637,0.0,48,48
t_train_x1.25,conn_shuf,local_sign+binary,0.19473010897636414,0.7465851558101744,0.0,48,48
t_train_x1.25,conn_shuf,global_sign_pres,0.19473010897636414,0.786672785186116,0.0,48,48
t_train_x1.25,conn_shuf,binary+shuffle,0.19473010897636414,0.8120684043988615,0.0,48,48
t_train_x1.25,local_sign,conn_shuf_only,0.19473010897636414,0.8119667908915392,0.0,48,48
t_train_x1.25,local_sign,cel_sample,0.19473010897636414,0.9321333924405285,0.0,48,48
t_train_x1.25,local_sign,local_sign+flat,0.19473010897636414,0.5378752554963464,0.0,48,48
t_train_x1.25,local_sign,local_sign+sample,0.19473010897636414,0.7504988860292421,0.0,48,48
t_train_x1.25,local_sign,local_sign+binary,0.19473010897636414,0.3874045217665131,0.0,48,48
t_train_x1.25,local_sign,global_sign_pres,0.19473010897636414,0.32897617550958097,0.0,48,48
t_train_x1.25,local_sign,binary+shuffle,0.19473010897636414,0.2938202908073876,0.0,48,48
t_train_x1.25,conn_shuf_only,cel_sample,0.19473010897636414,0.5429213482237673,0.0,48,48
t_train_x1.25,conn_shuf_only,local_sign+flat,0.19473010897636414,0.620756193808434,0.0,48,48
t_train_x1.25,conn_shuf_only,local_sign+sample,0.19473010897636414,0.40337013206354155,0.0,48,48
t_train_x1.25,conn_shuf_only,local_sign+binary,0.19473010897636414,0.7508759945800831,0.0,48,48
t_train_x1.25,conn_shuf_only,global_sign_pres,0.19473010897636414,0.7889838683117836,0.0,48,48
t_train_x1.25,conn_shuf_only,binary+shuffle,0.19473010897636414,0.8131220572528077,0.0,48,48
t_train_x1.25,cel_sample,local_sign+flat,0.19473010897636414,0.822399329761524,0.0,48,48
t_train_x1.25,cel_sample,local_sign+sample,0.19473010897636414,0.6346851830848451,0.0,48,48
t_train_x1.25,cel_sample,local_sign+binary,0.19473010897636414,0.9095173277371256,0.0,48,48
t_train_x1.25,cel_sample,global_sign_pres,0.19473010897636414,0.9243563094969683,0.0,48,48
t_train_x1.25,cel_sample,binary+shuffle,0.19473010897636414,0.9351114931660242,0.0,48,48
t_train_x1.25,local_sign+flat,local_sign+sample,0.19473010897636414,0.5266087310695324,0.0,48,48
t_train_x1.25,local_sign+flat,local_sign+binary,0.19473010897636414,0.4134687274379056,0.0,48,48
t_train_x1.25,local_sign+flat,global_sign_pres,0.19473010897636414,0.48658062765785703,0.0,48,48
t_train_x1.25,local_sign+flat,binary+shuffle,0.19473010897636414,0.5288957730043633,0.0,48,48
t_train_x1.25,local_sign+sample,local_sign+binary,0.19473010897636414,0.6699404873413484,0.0,48,48
t_train_x1.25,local_sign+sample,global_sign_pres,0.19473010897636414,0.7196146430020777,0.0,48,48
t_train_x1.25,local_sign+sample,binary+shuffle,0.19473010897636414,0.7501056038753868,0.0,48,48
t_train_x1.25,local_sign+binary,global_sign_pres,0.19473010897636414,0.3257965328923711,0.0,48,48
t_train_x1.25,local_sign+binary,binary+shuffle,0.19473010897636414,0.37116414492321415,0.0,48,48
t_train_x1.25,global_sign_pres,binary+shuffle,0.19473010897636414,0.31242756327777194,0.0,48,48
t_test_x1.25,real,shuffle_weights,0.20149950981140138,0.4214977940552306,0.0,48,48
t_test_x1.25,real,cel_randN,0.20149950981140138,0.9999998799673827,0.0,48,48
t_test_x1.25,real,er_randN,0.20149950981140138,0.9999999998637076,0.0,48,48
t_test_x1.25,real,ws_p01_randN,0.20149950981140138,0.9999999999760512,0.0,48,48
t_test_x1.25,real,conn_shuf,0.20149950981140138,0.5423364335551504,0.0,48,48
t_test_x1.25,real,local_sign,0.20149950981140138,0.5500425335408579,0.0,48,48
t_test_x1.25,real,conn_shuf_only,0.20149950981140138,0.4671231526568631,0.0,48,48
t_test_x1.25,real,cel_sample,0.20149950981140138,0.5750501352832298,0.0,48,48
t_test_x1.25,real,local_sign+flat,0.20149950981140138,0.2773576818434824,0.0,48,48
t_test_x1.25,real,local_sign+sample,0.20149950981140138,0.44630490177122994,0.0,48,48
t_test_x1.25,real,local_sign+binary,0.20149950981140138,0.4563943409323047,0.0,48,48
t_test_x1.25,real,global_sign_pres,0.20149950981140138,0.6377928852125122,0.0,48,48
t_test_x1.25,real,binary+shuffle,0.20149950981140138,0.6020276316540202,0.0,48,48
t_test_x1.25,shuffle_weights,cel_randN,0.20149950981140138,0.99999964034321,0.0,48,48
t_test_x1.25,shuffle_weights,er_randN,0.20149950981140138,0.999999999574807,0.0,48,48
t_test_x1.25,shuffle_weights,ws_p01_randN,0.20149950981140138,0.9999999999309251,0.0,48,48
t_test_x1.25,shuffle_weights,conn_shuf,0.20149950981140138,0.41061925262392074,0.0,48,48
t_test_x1.25,shuffle_weights,local_sign,0.20149950981140138,0.6751401891116979,0.0,48,48
t_test_x1.25,shuffle_weights,conn_shuf_only,0.20149950981140138,0.34967286364816114,0.0,48,48
t_test_x1.25,shuffle_weights,cel_sample,0.20149950981140138,0.4517808358776788,0.0,48,48
t_test_x1.25,shuffle_weights,local_sign+flat,0.20149950981140138,0.41980410982589933,0.0,48,48
t_test_x1.25,shuffle_weights,local_sign+sample,0.20149950981140138,0.3285123118653973,0.0,48,48
t_test_x1.25,shuffle_weights,local_sign+binary,0.20149950981140138,0.5984489616812607,0.0,48,48
t_test_x1.25,shuffle_weights,global_sign_pres,0.20149950981140138,0.7496595039154795,0.0,48,48
t_test_x1.25,shuffle_weights,binary+shuffle,0.20149950981140138,0.7189447725275524,0.0,48,48
t_test_x1.25,cel_randN,er_randN,0.20149950981140138,0.9231566449054946,0.0,48,48
t_test_x1.25,cel_randN,ws_p01_randN,0.20149950981140138,0.9802973981617136,0.0,48,48
t_test_x1.25,cel_randN,conn_shuf,0.20149950981140138,0.9999994978023864,0.0,48,48
t_test_x1.25,cel_randN,local_sign,0.20149950981140138,0.9999999748158995,0.0,48,48
t_test_x1.25,cel_randN,conn_shuf_only,0.20149950981140138,0.9999995399523817,0.0,48,48
t_test_x1.25,cel_randN,cel_sample,0.20149950981140138,0.9999990123937303,0.0,48,48
t_test_x1.25,cel_randN,local_sign+flat,0.20149950981140138,0.9999999046989504,0.0,48,48
t_test_x1.25,cel_randN,local_sign+sample,0.20149950981140138,0.9999996513415833,0.0,48,48
t_test_x1.25,cel_randN,local_sign+binary,0.20149950981140138,0.9999999674964736,0.0,48,48
t_test_x1.25,cel_randN,global_sign_pres,0.20149950981140138,0.9999999869049917,0.0,48,48
t_test_x1.25,cel_randN,binary+shuffle,0.20149950981140138,0.9999999818363104,0.0,48,48
t_test_x1.25,er_randN,ws_p01_randN,0.20149950981140138,0.6959759698410257,0.0,48,48
t_test_x1.25,er_randN,conn_shuf,0.20149950981140138,0.9999999994338092,0.0,48,48
t_test_x1.25,er_randN,local_sign,0.20149950981140138,0.9999999999705381,0.0,48,48
t_test_x1.25,er_randN,conn_shuf_only,0.20149950981140138,0.9999999994563954,0.0,48,48
t_test_x1.25,er_randN,cel_sample,0.20149950981140138,0.9999999987940363,0.0,48,48
t_test_x1.25,er_randN,local_sign+flat,0.20149950981140138,0.9999999998943396,0.0,48,48
t_test_x1.25,er_randN,local_sign+sample,0.20149950981140138,0.9999999995984308,0.0,48,48
t_test_x1.25,er_randN,local_sign+binary,0.20149950981140138,0.9999999999632357,0.0,48,48
t_test_x1.25,er_randN,global_sign_pres,0.20149950981140138,0.9999999999846221,0.0,48,48
t_test_x1.25,er_randN,binary+shuffle,0.20149950981140138,0.9999999999786201,0.0,48,48
t_test_x1.25,ws_p01_randN,conn_shuf,0.20149950981140138,0.9999999999089783,0.0,48,48
t_test_x1.25,ws_p01_randN,local_sign,0.20149950981140138,0.9999999999942614,0.0,48,48
t_test_x1.25,ws_p01_randN,conn_shuf_only,0.20149950981140138,0.9999999999129489,0.0,48,48
t_test_x1.25,ws_p01_randN,cel_sample,0.20149950981140138,0.9999999998159984,0.0,48,48
t_test_x1.25,ws_p01_randN,local_sign+flat,0.20149950981140138,0.9999999999810122,0.0,48,48
t_test_x1.25,ws_p01_randN,local_sign+sample,0.20149950981140138,0.9999999999342948,0.0,48,48
t_test_x1.25,ws_p01_randN,local_sign+binary,0.20149950981140138,0.9999999999928948,0.0,48,48
t_test_x1.25,ws_p01_randN,global_sign_pres,0.20149950981140138,0.9999999999968481,0.0,48,48
t_test_x1.25,ws_p01_randN,binary+shuffle,0.20149950981140138,0.9999999999957371,0.0,48,48
t_test_x1.25,conn_shuf,local_sign,0.20149950981140138,0.7896690859465383,0.0,48,48
t_test_x1.25,conn_shuf,conn_shuf_only,0.20149950981140138,0.36724435682709,0.0,48,48
t_test_x1.25,conn_shuf,cel_sample,0.20149950981140138,0.3408588918013908,0.0,48,48
t_test_x1.25,conn_shuf,local_sign+flat,0.20149950981140138,0.5455788414230474,0.0,48,48
t_test_x1.25,conn_shuf,local_sign+sample,0.20149950981140138,0.38149691698448385,0.0,48,48
t_test_x1.25,conn_shuf,local_sign+binary,0.20149950981140138,0.7266334963419527,0.0,48,48
t_test_x1.25,conn_shuf,global_sign_pres,0.20149950981140138,0.8538871601277956,0.0,48,48
t_test_x1.25,conn_shuf,binary+shuffle,0.20149950981140138,0.8270101539836638,0.0,48,48
t_test_x1.25,local_sign,conn_shuf_only,0.20149950981140138,0.7161653527615768,0.0,48,48
t_test_x1.25,local_sign,cel_sample,0.20149950981140138,0.7950701791579198,0.0,48,48
t_test_x1.25,local_sign,local_sign+flat,0.20149950981140138,0.5509650672531118,0.0,48,48
t_test_x1.25,local_sign,local_sign+sample,0.20149950981140138,0.7057954005976639,0.0,48,48
t_test_x1.25,local_sign,local_sign+binary,0.20149950981140138,0.3515992247627792,0.0,48,48
t_test_x1.25,local_sign,global_sign_pres,0.20149950981140138,0.3442048056456395,0.0,48,48
t_test_x1.25,local_sign,binary+shuffle,0.20149950981140138,0.3174728080487148,0.0,48,48
t_test_x1.25,conn_shuf_only,cel_sample,0.20149950981140138,0.410742164035524,0.0,48,48
t_test_x1.25,conn_shuf_only,local_sign+flat,0.20149950981140138,0.4671800132833374,0.0,48,48
t_test_x1.25,conn_shuf_only,local_sign+sample,0.20149950981140138,0.32201386519412206,0.0,48,48
t_test_x1.25,conn_shuf_only,local_sign+binary,0.20149950981140138,0.6447539076665405,0.0,48,48
t_test_x1.25,conn_shuf_only,global_sign_pres,0.20149950981140138,0.7865071023682254,0.0,48,48
t_test_x1.25,conn_shuf_only,binary+shuffle,0.20149950981140138,0.7573873490494618,0.0,48,48
t_test_x1.25,cel_sample,local_sign+flat,0.20149950981140138,0.578951320887651,0.0,48,48
t_test_x1.25,cel_sample,local_sign+sample,0.20149950981140138,0.42577281182101767,0.0,48,48
t_test_x1.25,cel_sample,local_sign+binary,0.20149950981140138,0.7388185282374894,0.0,48,48
t_test_x1.25,cel_sample,global_sign_pres,0.20149950981140138,0.85199322814771,0.0,48,48
t_test_x1.25,cel_sample,binary+shuffle,0.20149950981140138,0.8283229011426261,0.0,48,48
t_test_x1.25,local_sign+flat,local_sign+sample,0.20149950981140138,0.4454570665180646,0.0,48,48
t_test_x1.25,local_sign+flat,local_sign+binary,0.20149950981140138,0.45256884782159323,0.0,48,48
t_test_x1.25,local_sign+flat,global_sign_pres,0.20149950981140138,0.6432718181871129,0.0,48,48
t_test_x1.25,local_sign+flat,binary+shuffle,0.20149950981140138,0.605494179279788,0.0,48,48
t_test_x1.25,local_sign+sample,local_sign+binary,0.20149950981140138,0.6303136352036185,0.0,48,48
t_test_x1.25,local_sign+sample,global_sign_pres,0.20149950981140138,0.7800404685456483,0.0,48,48
t_test_x1.25,local_sign+sample,binary+shuffle,0.20149950981140138,0.7492542861006879,0.0,48,48
t_test_x1.25,local_sign+binary,global_sign_pres,0.20149950981140138,0.4364541129034394,0.0,48,48
t_test_x1.25,local_sign+binary,binary+shuffle,0.20149950981140138,0.40332385039690555,0.0,48,48
t_test_x1.25,global_sign_pres,binary+shuffle,0.20149950981140138,0.29185502915900197,0.0,48,48
