ep,ret,len,avg100_ret,avg100_|delta|,td_mean,td_std,v_grad_norm,actor_grad_norm,feat_norm_mean,z_norm_mean,act_mean,act_std,logstd_mean,logstd_min,logstd_max,entropy_approx,eval_ret
1,20.598816319738035,1000,20.598816319738035,0.26169417355280505,0.0162103999619328,0.36195713825832604,5.343788675366334,11.241757071163763,19.82293273329735,19.796368483543397,-0.11179085820913315,0.4945606291294098,-0.5056065917015076,-0.516148030757904,-0.4950651526451111,1.8266638830063302,nan
2,33.79705697518281,1000,27.197936647460423,0.21012005016023794,0.026312896333434387,0.28328146200945203,3.0933753660381282,6.6875426309265995,19.396358292579652,19.370355438232423,0.3266332745552063,0.5206887722015381,-0.5199576020240784,-0.5323277115821838,-0.5075874924659729,1.7979618623611886,nan
3,34.73001883247206,1000,29.708630709130972,0.17373340935715334,0.026566288383826953,0.1657549588109659,1.8946217264918244,4.266971198552272,19.647257415533065,19.621608400583266,-0.4080769419670105,0.550537109375,-0.5352213978767395,-0.5490708947181702,-0.5213719010353088,1.7674342706558663,nan
4,30.35477225270965,1000,29.870166095025642,0.15034675428664548,0.02450317839159302,0.14577783959649104,1.4884842000727176,3.4280494783288264,19.01565748977661,18.98886868739128,0.41758570075035095,0.5789909362792969,-0.5467817783355713,-0.5642585158348083,-0.529305100440979,1.7443135097382028,nan
5,27.720665549647627,1000,29.440265985950038,0.1333822984781141,0.023029022630269323,0.12747822254936791,1.2063748718068164,2.6098681022466894,19.371741011857985,19.345708192110063,-0.4522731304168701,0.5785952210426331,-0.5507943630218506,-0.5642942786216736,-0.5372943878173828,1.7362883403656442,nan
6,34.25667536937155,1000,30.243000883186955,0.12412869017321344,0.02923291899925668,0.1650669675511499,1.3783728586705455,3.19565041745956,18.84904424357414,18.822200958251955,0.4451107680797577,0.5996923446655273,-0.554047703742981,-0.5635762810707092,-0.5445190668106079,1.7297816589233834,nan
7,32.23560076779158,1000,30.527658009559048,0.11520578196905029,0.02465107083014622,0.12082319901955565,1.096700800708092,2.3831532770651926,19.21017157804966,19.183740102410315,-0.4622074067592621,0.5954921841621399,-0.5595030784606934,-0.5679631233215332,-0.5510429739952087,1.7188709094879586,nan
8,31.833809763953607,1000,30.690926978858364,0.11016652682851957,0.026824026831406736,0.1568398531057758,1.3267610952746334,2.9615790310555408,18.815233343839644,18.78840524816513,0.46313634514808655,0.6068920493125916,-0.5611485242843628,-0.5708728432655334,-0.5514242649078369,1.7155800178406198,nan
9,30.492469689183363,1000,30.66887616889447,0.10596637823154048,0.02577135476670204,0.13212457784258466,1.3239229490254414,2.891602827209789,19.115360108375548,19.088938464641572,-0.4686182141304016,0.6041795611381531,-0.5664489269256592,-0.5718972682952881,-0.561000645160675,1.704979212558027,nan
10,39.45300259135404,1000,31.54728881114043,0.10287645060991676,0.027191166312091203,0.15951294740330094,1.3160771093859047,3.137860049315045,18.76465443444252,18.73768843340874,-0.46837833523750305,0.6138801574707031,-0.5671817064285278,-0.5676114559173584,-0.5667519569396973,1.7035136535522897,nan
11,24.89638438189784,1000,30.942661135754744,0.10001841606594569,0.021652642999746875,0.14965519539723404,1.1996374203326987,2.8084964447201393,19.124660439014434,19.098374356508256,0.4842255711555481,0.6112204790115356,-0.569114625453949,-0.5694550275802612,-0.5687742233276367,1.6996478155014474,nan
12,39.05588093158054,1000,31.61876278540689,0.09846793984358578,0.033488137529509215,0.15251434675722753,1.4078281238906125,3.2349362341957337,18.42019181895256,18.39254590964317,-0.44877734780311584,0.6199092864990234,-0.573983907699585,-0.5787697434425354,-0.5691980123519897,1.6899092510101754,nan
13,29.024545392860166,1000,31.419207601364835,0.09829820342295613,0.027188000282899458,0.19657041969133343,1.6663045125587548,3.8268758137771846,18.867959898233412,18.84117023038864,0.4730576276779175,0.6156082153320312,-0.5719349384307861,-0.5746418237686157,-0.5692280530929565,1.694007189547773,nan
14,27.375163386251064,1000,31.13034730028528,0.09716989173395973,0.02464692535173078,0.21907205812906944,1.2755968962232078,2.922914149103098,18.741766998052597,18.714854199647903,-0.4758235514163971,0.6163083910942078,-0.5754489898681641,-0.5773423314094543,-0.573555588722229,1.6869790866730172,nan
15,24.271666683368387,1000,30.673101925824152,0.09503536472489144,0.02222080709010486,0.12918983341237994,1.0793055861474907,2.558483803366539,19.155783265829086,19.129468706130982,0.48337727785110474,0.6186673045158386,-0.5742921829223633,-0.5761905312538147,-0.5723938941955566,1.6892927005646188,nan
16,20.34862495379421,1000,30.027822115072283,0.09462146979872,0.014527908053200358,0.21099295614230976,1.5283300065373269,3.793378114628817,18.928700815677644,18.902095561981202,0.4698669910430908,0.6144990921020508,-0.5815507769584656,-0.5836896300315857,-0.5794119238853455,1.6747755124924142,nan
17,21.680332513104247,1000,29.536793314956515,0.09487912871804817,0.014567987861053098,0.25409580446664065,1.6312166036966274,4.163182587744824,18.586417109966277,18.559292011260986,0.4739307463169098,0.6208580732345581,-0.582599401473999,-0.5833326578140259,-0.5818660855293274,1.6726782634613473,nan
18,30.186025376641485,1000,29.572861762827902,0.09397997908395417,0.027872267707286222,0.14461677049273292,1.4437997534677196,3.460097136430897,19.063888676881792,19.03735879278183,-0.47743943333625793,0.6208478808403015,-0.5849323272705078,-0.586136519908905,-0.5837280750274658,1.6680124118683297,nan
19,29.427880718648463,1000,29.565231181555298,0.09306299883508976,0.017800525529117792,0.15217853493977632,1.3556318136149481,3.2345607370567735,19.046970170497893,19.020287185192107,-0.4678921103477478,0.6143643856048584,-0.591013491153717,-0.5976693034172058,-0.5843576788902283,1.6558500841019113,nan
20,35.2299398665488,1000,29.848466615804973,0.09407989267314343,0.03611543049795635,0.1869581779618462,1.9459772040196963,4.861648794136767,18.116125958204268,18.087884938955305,0.4614972472190857,0.6317511796951294,-0.5844523906707764,-0.5870499014854431,-0.5818549394607544,1.6689722850677926,nan
21,31.70654194494236,1000,29.936946393382943,0.09471116947980326,0.022219539924801742,0.20104613462832124,1.8076528988720597,4.3660630669746645,18.332327444076537,18.304885409355162,0.4753468930721283,0.6216192841529846,-0.5862687826156616,-0.5956584811210632,-0.5768790245056152,1.665339501178022,nan
22,35.147282592698296,1000,30.173779856988187,0.09429819663465912,0.03238761090373232,0.163420082631205,1.4588307161859166,3.4987199977590313,18.95743230843544,18.930894959688185,-0.48055553436279297,0.6246738433837891,-0.5861207246780396,-0.5954512357711792,-0.5767902731895447,1.6656356170532662,nan
23,35.250818952443716,1000,30.394520687225384,0.0942017399644418,0.03493897690335818,0.14393636985824496,1.4763402319877168,3.5085259547330323,18.32078154850006,18.29331007003784,0.4789693057537079,0.6201241612434387,-0.5886354446411133,-0.5984583497047424,-0.5788124799728394,1.6606061771271188,nan
24,28.96301851881367,1000,30.334874763541563,0.09360070566399227,0.02359719682033512,0.15264127303491057,1.3648927580442092,2.95085466616084,19.152365013599397,19.12606621336937,-0.48136284947395325,0.6135789752006531,-0.5953625440597534,-0.6087300181388855,-0.5819951295852661,1.6471519782898385,nan
25,30.896426944075408,1000,30.357336850762916,0.0936093464253611,0.033204918179814046,0.15862843670487659,1.6164149227160522,4.0212204522754025,18.349682718515396,18.322203387975694,0.47935181856155396,0.6218770742416382,-0.5930534601211548,-0.6053013205528259,-0.5808056592941284,1.6517701461670358,nan
26,26.337074738588214,1000,30.202711384910042,0.09281012006576123,0.021989034978304824,0.14152979597687135,1.3101454353940514,3.195109863950693,19.140504708766937,19.11417824792862,-0.48143526911735535,0.6155971884727478,-0.5926856398582458,-0.6055633425712585,-0.5798079371452332,1.6525057866928536,nan
27,30.91567471280987,1000,30.229117434091517,0.09313362257750904,0.033804878800981646,0.20836086277310248,1.6452905091946164,3.75617328978514,18.237050030946733,18.20928489279747,0.48117968440055847,0.6220371127128601,-0.5910549163818359,-0.6023814678192139,-0.579728364944458,1.6557672336456735,nan
28,36.81416063552025,1000,30.464297548428256,0.09345481942328131,0.026754349275535185,0.222650066219597,1.596979380498346,3.8689607688844805,18.257942851066588,18.23036252999306,0.47841641306877136,0.6173414587974548,-0.6005493402481079,-0.6195248365402222,-0.5815738439559937,1.6367783859131295,nan
29,22.151127185621892,1000,30.177636501434936,0.09345609545782026,0.014366433441787374,0.21812023477042033,1.5544975900326325,4.048706879106104,18.28337087726593,18.255839423656465,0.4801170527935028,0.6175990700721741,-0.6100183725357056,-0.6414214372634888,-0.5786153674125671,1.6178403213379342,nan
30,27.982776940660465,1000,30.104474516075786,0.0930135058867563,0.028463250123696576,0.14708460965956288,1.349419929598999,3.0040883488676755,19.320724794864656,19.29472416639328,-0.48676133155822754,0.6221560835838318,-0.6123020648956299,-0.644151508808136,-0.580452561378479,1.6132729366180856,nan
31,16.473039236427763,1000,29.66475079737746,0.09220093060905749,0.01405173007793128,0.17579220820264618,1.20805025304353,3.0218401083325457,19.77862630367279,19.75308394885063,-0.7112122774124146,0.40424078702926636,-0.6206341981887817,-0.6512047648429871,-0.5900636911392212,1.5966086700317819,nan
32,25.480663691642892,1000,29.53399807532326,0.09669090791118218,0.021547422851014682,0.35565832756752286,4.2950026591441,10.820487367573252,19.211265169620514,19.185074565410613,0.5795921683311462,0.5379825830459595,-0.6072356700897217,-0.6283761262893677,-0.5860952138900757,1.623405726229902,nan
33,37.9389999796064,1000,29.78869510272578,0.097338892532107,0.03479586185305271,0.22768539485288386,2.1307256325609236,4.903600604811967,18.824448622226715,18.797628972530365,-0.4787534475326538,0.6214555501937866,-0.610765814781189,-0.6304154396057129,-0.591116189956665,1.6163454368469674,nan
34,24.831313324583846,1000,29.64288975630984,0.09735251942948822,0.02890348528926176,0.20614815985606433,1.6069159045740646,3.966913594476655,18.117258885622025,18.089428885936737,0.47861987352371216,0.6215454339981079,-0.611822247505188,-0.6266912817955017,-0.596953272819519,1.6142325713989694,nan
35,32.65678489631791,1000,29.729001046024358,0.09707578185838857,0.021572219031871533,0.18213519015065038,1.4154722721690838,3.41481105155791,18.168950980186462,18.141181344985963,0.4756726324558258,0.62511146068573,-0.6206951141357422,-0.6390649080276489,-0.6023253202438354,1.596486838137861,nan
36,22.332098144407308,1000,29.523531520979443,0.09684282924512508,0.0257210031128456,0.23109654469361518,1.2886667668288754,2.954688387715922,19.19812935447693,19.17197537994385,-0.49328505992889404,0.6246404051780701,-0.6149119138717651,-0.632533848285675,-0.5972899794578552,1.608053238665815,nan
37,32.94078911841739,1000,29.61588983442371,0.09649032069154372,0.02254839154734808,0.1668063547602506,1.3942398692723454,3.252223343610702,19.120168962240218,19.09381220340729,-0.4893498122692108,0.6252735257148743,-0.6245696544647217,-0.6482530236244202,-0.6008862257003784,1.588737757479902,nan
38,28.83012836484098,1000,29.595211901013638,0.09711205828086988,0.034844156582624165,0.23958066024594862,1.8889946571416514,4.548091700399169,17.949489573478697,17.9214513566494,0.48287132382392883,0.6280112266540527,-0.6277762651443481,-0.645964503288269,-0.609588086605072,1.582324536120649,nan
39,21.708606998011298,1000,29.392991262475114,0.09687918243072603,0.015985948650842827,0.19304083487560794,1.4776317980710658,3.8179756630888884,18.119540350437163,18.09174456977844,0.4802401661872864,0.6240457892417908,-0.6324359178543091,-0.654216468334198,-0.6106553077697754,1.5730052307007272,nan
40,22.68919921872234,1000,29.225396461381298,0.09616286379347898,0.022979300754745816,0.15040336801609475,1.1782490870580633,2.606509323161216,19.33334431052208,19.307231421232224,-0.49922096729278564,0.6072370409965515,-0.6354037523269653,-0.6543896794319153,-0.6164178252220154,1.5670695617554147,nan
41,29.64427698532768,1000,29.23561305952633,0.09543888893376282,0.021048350248078985,0.16034462582604786,1.0461043590696317,2.3557379489867936,19.253932188987733,19.227772573471068,-0.49089527130126953,0.6231533885002136,-0.6388970613479614,-0.6643761992454529,-0.6134179830551147,1.5600829437134225,nan
42,28.552535932454845,1000,29.219349318405584,0.0947469407334087,0.018989731218256863,0.15684595049250383,1.1419097606468647,2.7760176756469948,19.26732082724571,19.241102930307388,-0.51584792137146,0.5833223462104797,-0.6405751705169678,-0.6665332317352295,-0.6146171689033508,1.5567267253754098,nan
43,29.765628274894947,1000,29.232053480184405,0.09474903556823211,0.03254094796289849,0.15675384457591307,1.5832678431083262,3.9904099999079605,18.127406425476075,18.099580005645752,0.48634329438209534,0.6276699304580688,-0.6456928253173828,-0.6696813106536865,-0.6217043995857239,1.5464914157745797,nan
44,21.948569790294783,1000,29.066519759959643,0.09425142293113818,0.019882343022351215,0.1771491086574271,1.2438131181506038,3.0650182936160104,19.059359493255617,19.03292018890381,-0.49920856952667236,0.6104674935340881,-0.652184009552002,-0.6757070422172546,-0.6286609768867493,1.5335090473053414,nan
45,35.08853135568404,1000,29.200342239864625,0.09450581868238764,0.03440093816898615,0.16728940706595435,1.7806004759549074,4.548929980796234,18.26340376830101,18.235806285619734,0.4875720739364624,0.6320269107818604,-0.6555235385894775,-0.6822649836540222,-0.6287820339202881,1.5268299892303903,nan
46,31.58167628214161,1000,29.252110371218475,0.09418685196471911,0.026677926936725792,0.18931899851952813,1.3741999775867146,3.364569275726638,18.824765006780623,18.797916601657867,-0.48747608065605164,0.6233009696006775,-0.660774827003479,-0.6926583647727966,-0.6288912296295166,1.5163274124023873,nan
47,21.94064595129089,1000,29.09654729845406,0.09396117836546768,0.02385168198212962,0.1957478752182554,1.2826300336915184,3.152953661550088,18.430601578235628,18.403339334487914,0.4892513155937195,0.6183223724365234,-0.6631377935409546,-0.6949427723884583,-0.6313328742980957,1.5116014793274362,nan
48,26.436866876682025,1000,29.041137289667137,0.09370594361814093,0.018092253435508982,0.18280833722824857,1.2418063739478211,3.1877048275937394,18.359207614898683,18.33182499909401,0.4915350675582886,0.6310291290283203,-0.6642206907272339,-0.7011594176292419,-0.6272820234298706,1.5094356849548776,nan
49,26.110125066745184,1000,28.98132071368914,0.09343607668490805,0.02658835354117338,0.2003775019393617,1.3942096600184692,3.449238555029139,18.95805119276047,18.93142096376419,-0.489531546831131,0.620193600654602,-0.6634559631347656,-0.6946134567260742,-0.6322985291481018,1.510965140139814,nan
50,15.097106708621032,1000,28.703636433587782,0.09323499449996282,0.02041781648925257,0.19945316725857692,1.3111400981454295,3.556483128903946,18.353554758548736,18.32616697883606,0.4876305162906647,0.6274793744087219,-0.6638769507408142,-0.6921754479408264,-0.635578453540802,1.510123164927717,6.507970591078886
51,31.735405049920615,1000,28.76308287704529,0.09283103817488349,0.021172530764289564,0.14804003533913984,1.2483147762804507,3.1970780757879114,18.28252378487587,18.254860874652863,0.48615360260009766,0.6275179982185364,-0.6715284585952759,-0.7051433324813843,-0.6379135847091675,1.4948201492187936,nan
52,26.499550544748033,1000,28.719553409116493,0.0923638414737804,0.026128232804504072,0.14195353554544626,1.0264201064295528,2.524595970607493,19.058915167808532,19.03254966878891,-0.49730342626571655,0.6230342984199524,-0.6716666221618652,-0.7076503038406372,-0.6356828808784485,1.4945438220856149,nan
53,24.80317198924191,1000,28.64565942006226,0.09153334378743325,0.01570920214525827,0.1668464077131728,0.8086175324453229,2.1912983497997307,19.59358792066574,19.56785519337654,-0.664132833480835,0.429195761680603,-0.6763450503349304,-0.7136296629905701,-0.6390604376792908,1.4851869657394845,nan
54,21.411564139452665,1000,28.51169469264356,0.09042054341114918,0.01604478711399151,0.1426496953141619,0.381077527751119,0.8795541669101831,19.729295906543733,19.70378741979599,-0.782953143119812,0.3065926432609558,-0.6788016557693481,-0.7158548831939697,-0.6417483687400818,1.480273754870649,nan
55,34.205492532804534,1000,28.615218289737395,0.09241562442221214,0.04143373283063479,0.29350406249682465,3.5424770361792346,9.496210290443384,18.612930157899857,18.585864179611207,0.4928232729434967,0.6233057379722595,-0.6850022077560425,-0.7202500104904175,-0.6497544646263123,1.4678726508972604,nan
56,33.02935815829148,1000,28.69404221596157,0.09236219525387293,0.02672886480695803,0.2011952189032293,1.431632653439391,3.958032706091315,18.1140423746109,18.08621966958046,0.48164790868759155,0.6309813261032104,-0.6915158033370972,-0.7299581170082092,-0.6530734300613403,1.454845459735151,nan
57,24.45804484237036,1000,28.619726472565233,0.09196299343947052,0.015361959951427367,0.14726228536425662,1.0010905655699391,2.7626453837400047,18.295742914676666,18.26826717066765,0.49648597836494446,0.6249654293060303,-0.6973600387573242,-0.7435447573661804,-0.6511753797531128,1.443156988894697,nan
58,-2.291510683467044,1000,28.086774107806058,0.09128176340862738,0.015529227661321532,0.20441724363289684,0.8109844928972662,2.2413225576620857,19.62407761144638,19.598420212745665,-0.7998454570770264,0.30621376633644104,-0.699741005897522,-0.7497498393058777,-0.649732232093811,1.4383950546143014,nan
59,22.01424879113506,1000,27.983849949896378,0.09025241519531338,0.014860769198185816,0.14512824187668336,0.3609650452407186,0.8479875878292934,19.912914944171906,19.887704384803772,-0.817234992980957,0.26783767342567444,-0.6994224190711975,-0.7461159825325012,-0.6527288556098938,1.4390322282669503,nan
60,11.637335391124688,1000,27.711408040583517,0.08932881497250941,0.008877479901095836,0.1729886498626438,0.4847532720031927,1.2120114190021407,19.64119808101654,19.61559638643265,-0.8286944627761841,0.2705360949039459,-0.7018238306045532,-0.7511517405509949,-0.6524959802627563,1.434229405200239,nan
61,22.823376599896896,1000,27.63127637762144,0.09031646391102514,0.017143020067670423,0.2434251424738743,2.6665717864366534,7.448360733493671,19.37145799255371,19.34547863149643,0.6071658134460449,0.5235639810562134,-0.6917244791984558,-0.7236698865890503,-0.6597790718078613,1.4544281080124337,nan
62,31.73181329991725,1000,27.697414069916537,0.08988764718838713,0.016318028902002152,0.14439910779260326,1.07073516756526,3.0649784027035536,18.337190952777863,18.309699481010437,0.48823678493499756,0.6285655498504639,-0.6952446699142456,-0.7334397435188293,-0.6570495367050171,1.4473877265808541,nan
63,36.5138161740316,1000,27.83735696045804,0.08977014911120557,0.03220127724524436,0.16965831141351997,1.2400166813859557,3.051004367275129,18.778167612791062,18.75134884262085,-0.49395135045051575,0.6267469525337219,-0.697715163230896,-0.7374592423439026,-0.6579710245132446,1.4424467399475533,nan
64,29.297433164393,1000,27.860170651144532,0.0895876836765619,0.03174232501161984,0.14862459518861076,1.151977183887179,3.354067555012534,17.95718963766098,17.929161111354826,0.4920155107975006,0.6290311813354492,-0.6933428049087524,-0.729526698589325,-0.6571588516235352,1.4511914565918405,nan
65,21.176627570231517,1000,27.757346911438177,0.08954472695853141,0.019271594792345723,0.21881889718466116,1.207826221658375,3.188257219135405,17.906242300510407,17.878177523612976,0.4923340082168579,0.6315847635269165,-0.6956526041030884,-0.7347276210784912,-0.6565775275230408,1.4465718582031686,nan
66,25.866707494945988,1000,27.728700859673143,0.08927867476327953,0.017136030965560586,0.1940412761547287,0.9964190418077685,2.622174560631848,17.81945208835602,17.79119277191162,0.4915640354156494,0.6300888061523438,-0.6981523036956787,-0.738963782787323,-0.6573408246040344,1.441572459017988,nan
67,29.818786473155196,1000,27.759896167337054,0.08906630271699838,0.019060445761711176,0.16059281731110706,1.1614538294690628,3.2550857661166486,17.608276701450347,17.579681624174118,0.4896130859851837,0.6322429776191711,-0.6946275234222412,-0.7428162693977356,-0.6464388370513916,1.448622019564863,nan
68,25.55414222647308,1000,27.72745860938317,0.08879975291461321,0.024712180846166745,0.17617230064416084,1.160817976745002,3.0659479815863073,19.61984822511673,19.59412630677223,-0.6559568047523499,0.4651241600513458,-0.695588231086731,-0.7438133358955383,-0.6473631262779236,1.4467006042358834,nan
69,21.002163294913792,1000,27.62999056134738,0.08792882563243783,0.015480934504146317,0.1634511414072097,0.3081378924654799,0.7565198509756924,19.90083265900612,19.875537719011305,-0.8448536396026611,0.23630622029304504,-0.6988577842712402,-0.7460287809371948,-0.6516867876052856,1.4401614978668649,nan
70,31.341968848566573,1000,27.683018822593368,0.08982167957175907,0.02916595118537919,0.3150759712931322,3.9706539565266104,10.377377820448228,18.675680757761,18.648659395694732,0.5161709189414978,0.6023300290107727,-0.6840317249298096,-0.7241437435150146,-0.6439196467399597,1.4698136165497262,nan
71,32.45121602487408,1000,27.750176529667748,0.08941974105534256,0.023556808677268837,0.13339354582422538,0.8474209969280562,2.2442213024035933,17.746258877038954,17.717895170211793,0.4944591820240021,0.6304835081100464,-0.6850950717926025,-0.7281971573829651,-0.64199298620224,1.4676869228241403,nan
72,25.411904185088588,1000,27.717700524881927,0.08942494577913956,0.0248978482164995,0.19720477071734432,1.4171115909768819,3.6219895206844246,19.17855304479599,19.152308041095733,-0.5191617608070374,0.5924239158630371,-0.6863117218017578,-0.7261063456535339,-0.6465170979499817,1.4652536228058297,nan
73,25.23005162357433,1000,27.683623142672236,0.09013771883324993,0.03263908371831603,0.25029072962832477,2.5024726423332013,6.593513178383181,17.59426395750046,17.565476058006286,0.48188233375549316,0.6326707005500793,-0.6778292059898376,-0.7100427746772766,-0.6456156373023987,1.48221865442967,nan
74,19.492798725769838,1000,27.57293632622761,0.08996920367147197,0.020210032461665483,0.203951198659575,1.2080383082097577,3.3817392819924,17.50800501012802,17.479235028743744,0.49053266644477844,0.6359547972679138,-0.6756644248962402,-0.7039000988006592,-0.6474287509918213,1.4865482166168649,nan
75,12.059695398928381,1000,27.36609311386362,0.08981145506158597,0.020150594268785554,0.19089408952072426,1.270006774617448,3.311208836735176,19.70689211368561,19.681394558906554,-0.7358438968658447,0.3843526542186737,-0.6833962202072144,-0.7185686826705933,-0.6482237577438354,1.4710846259949166,nan
76,22.021087175871894,1000,27.29576408836373,0.09094602046150806,0.015084886091278107,0.2693586606725921,3.1602417499346362,8.61570777603076,18.784157541513444,18.75732355284691,0.5492453575134277,0.5732074975967407,-0.6810840368270874,-0.7086033225059509,-0.6535646915435791,1.4757089927551705,nan
77,28.877659973680856,1000,27.316308190770442,0.09067925856348107,0.026462588460910666,0.1584396085243871,1.0075677686533249,2.478430622478212,19.16857449388504,19.1423339138031,-0.4981432259082794,0.619106650352478,-0.6840670108795166,-0.7141212821006775,-0.6540126800537109,1.4697430446503121,nan
78,23.25933860324238,1000,27.264295760161104,0.09007836847123465,0.014956934510543089,0.13968958268418583,0.5401643457188258,1.6067773438297706,19.74986645913124,19.724398926258086,-0.73959881067276,0.3785170018672943,-0.6834498047828674,-0.720049262046814,-0.6468503475189209,1.4709774568436105,nan
79,26.742604689654257,1000,27.25769207572431,0.0892935457450197,0.01709506572356474,0.13731041645662126,0.33379636008659674,0.8844724031072526,19.922821741104126,19.89742238497734,-0.8160237073898315,0.28180891275405884,-0.6814867854118347,-0.7169872522354126,-0.6459863185882568,1.474903495585676,nan
80,13.824256744723359,1000,27.0897741340868,0.08859785152681413,0.010358809412162369,0.17450865192838605,0.5631394130699959,1.6492917253924713,19.661805635929106,19.636186991214753,-0.8605713844299316,0.24864087998867035,-0.6881924271583557,-0.7257001399993896,-0.6506847143173218,1.461492212092634,nan
81,24.418395488554943,1000,27.056794150808624,0.08783496615048568,0.01566330216824483,0.139500601167795,0.22345302893202384,0.5454960002989304,19.90244789457321,19.877217913150787,-0.8592026233673096,0.23788779973983765,-0.6905909776687622,-0.7305461168289185,-0.6506357789039612,1.456695111071821,nan
82,27.69747585658727,1000,27.06460734234251,0.08938179776415331,0.019973398245790003,0.3197899595399417,3.919128831065855,10.800412746459639,18.973032307386397,18.946452304363252,0.5412847399711609,0.5745493173599243,-0.6764870882034302,-0.715054988861084,-0.6379191875457764,1.484902890002485,nan
83,31.99058930434324,1000,27.12395652260758,0.08911883333236613,0.017773418013739054,0.1497228891121832,0.9015563853728844,2.4171900314434254,17.837308727025984,17.809071403264998,0.49586111307144165,0.6298831701278687,-0.6817321181297302,-0.7294365763664246,-0.6340276598930359,1.474412830149885,nan
84,20.58765918955379,1000,27.046143459118845,0.08861374127946171,0.02037514170649169,0.17633996117174872,0.6639365414258178,1.892753393647199,19.518563059329985,19.49279315471649,-0.6843289136886597,0.42125049233436584,-0.6853675842285156,-0.7290759682655334,-0.6416592001914978,1.467141897952314,nan
85,27.282926808949625,1000,27.04892914558744,0.08813020197582984,0.01661375658140523,0.15708460002913766,0.7417113052936426,2.000769986091899,19.525253056526186,19.49941027593613,-0.6675323247909546,0.44287607073783875,-0.6831196546554565,-0.7285499572753906,-0.6376893520355225,1.4716377570984323,nan
86,29.888415655820367,1000,27.081946430590147,0.08820433592924788,0.03255666364489421,0.16831286771019693,1.5350753648159667,4.161398783099618,17.65242584347725,17.62382730793953,0.49210798740386963,0.6323639154434204,-0.6770209074020386,-0.7160874605178833,-0.6379543542861938,1.4838352516052682,nan
87,29.079138896416165,1000,27.104902665829528,0.0880032651299906,0.026351897571247868,0.1481530004231336,1.016703419133605,2.7001607993878745,17.561589586734772,17.532907055616377,0.49467235803604126,0.629257321357727,-0.6757817268371582,-0.7147188186645508,-0.6368446946144104,1.486313612735029,nan
88,25.146638799584593,1000,27.082649667349475,0.08799247940375936,0.02237226676232549,0.18771631472267833,1.3026078529647733,3.308739014432936,17.44909228658676,17.420214971542357,0.4900074303150177,0.6333519816398621,-0.6804211139678955,-0.7174603939056396,-0.6433817744255066,1.4770348384735543,nan
89,23.724117207002,1000,27.044913347570294,0.0878655346927984,0.020196278330251647,0.15431522150663582,1.2407862758694816,3.2653445857529713,17.357917100429535,17.328860424518584,0.4897828996181488,0.6303103566169739,-0.6805015206336975,-0.7156971096992493,-0.6453059315681458,1.4768740251419503,nan
90,31.587573957143768,1000,27.095387354343334,0.08787081445414341,0.02439181499614346,0.19587956318802063,1.4172258857101803,3.7265301018085313,19.423314643859865,19.39738240432739,-0.6361874938011169,0.49185964465141296,-0.6840449571609497,-0.7255833745002747,-0.6425065398216248,1.469787152087446,nan
91,5.122108329819098,1000,26.853922749678233,0.08817839536754003,0.011909835895677625,0.2769017764014537,1.8664788718378005,5.300766306160636,18.40548987007141,18.378106296539308,0.5353593826293945,0.5851795077323914,-0.6837801337242126,-0.7155110836029053,-0.65204918384552,1.47031679896092,nan
92,23.337392471829304,1000,26.815699594484222,0.08770106818766368,0.019117680325075333,0.17035092863693063,0.7174582502468052,1.7358466278703089,19.681753385543825,19.656167968511582,-0.7490200400352478,0.3595035672187805,-0.6842818260192871,-0.7208326458930969,-0.6477310061454773,1.4693134143707711,nan
93,-7.677294275001274,1000,26.444807187285456,0.08715557362022168,0.0068722739081228034,0.2089541282017554,0.46629258395479856,1.2500622095386154,19.447458028316497,19.421612832546234,-0.9389334917068481,0.1567598134279251,-0.6822101473808289,-0.7204623818397522,-0.6439579129219055,1.4734567716476876,nan
94,20.038353227283075,1000,26.376653421753513,0.08654671351128229,0.01516494013613014,0.16059927615492864,0.3015898195423421,0.5340317830252294,19.776262670516967,19.750865002155304,-0.9293339252471924,0.15921258926391602,-0.6818088293075562,-0.7203370332717896,-0.643280565738678,1.474259407794233,nan
95,17.41401660697872,1000,26.282309876334832,0.08592850316300303,0.013071631516091146,0.1683862282232206,0.25829525006556686,0.3904682555757329,19.696185134410857,19.670669147968294,-0.9470770359039307,0.1388794630765915,-0.6806045770645142,-0.7194526195526123,-0.641756534576416,1.476667912280317,nan
96,-12.078584531034778,1000,25.882717226258062,0.08537290061018286,0.0069264075048719965,0.18836068033315698,0.3728346091988975,0.9439015531375401,19.39387117600441,19.367944558620454,-0.9758984446525574,0.10132812708616257,-0.6803404092788696,-0.7187179327011108,-0.6419629454612732,1.477196247851606,nan
97,18.810718011288444,1000,25.80981001785631,0.0848058581049464,0.015038146389843757,0.18393803472383904,0.36599547740754423,1.040395418884265,19.61288285326958,19.587216472148896,-0.963560938835144,0.1383642554283142,-0.6807701587677002,-0.7216264009475708,-0.6399139761924744,1.476336748873945,nan
98,-18.393895017375282,1000,25.358751803211092,0.08436588915854645,0.0032574455757243452,0.2580209496674846,0.4594475656638979,1.3098828484587794,19.168628571033477,19.142400317192077,-0.9767972230911255,0.10930584371089935,-0.6861149072647095,-0.7297499179840088,-0.6424799561500549,1.4656472518799264,nan
99,33.64360359752472,1000,25.44243717487083,0.08624019538416136,0.02442508482055188,0.44173605095669644,5.100891725942798,13.549920206739925,19.97392292523384,19.948734382867812,0.6557912826538086,0.4828234910964966,-0.6782829761505127,-0.7158705592155457,-0.6406953930854797,1.48131111410832,nan
100,20.967516377970952,1000,25.39768796690183,0.08602332491546313,0.02219951872001274,0.1988437328812602,0.992521569864996,2.7766708011926537,19.032593413114547,19.00598904156685,-0.5940648317337036,0.5062582492828369,-0.6819705963134766,-0.7225882411003113,-0.6413529515266418,1.4739358737823922,0.04592908803563227
101,15.267815266276967,1000,25.34437795636722,0.08441997668973068,0.021139706255316058,0.27318046281932346,1.467374731441998,4.11388199538497,18.06688662290573,18.039005569934844,0.4944530427455902,0.6217738389968872,-0.6781105995178223,-0.7116428017616272,-0.6445783972740173,1.4816558673737008,nan
102,32.29266623712845,1000,25.329334048986674,0.08375633480143035,0.024363658516810372,0.2033409375680172,1.4353756240537352,3.463497935080456,18.856769063472747,18.83007499861717,-0.5242892503738403,0.5830855369567871,-0.6830623149871826,-0.7218737006187439,-0.6442508697509766,1.47175243643498,nan
103,24.118531874912602,1000,25.223219179411082,0.08376655474910656,0.027030963819679614,0.1922183206803843,1.5342986062546093,4.161971716712186,17.772264704227446,17.743911031484604,0.4972599446773529,0.6212174296379089,-0.6801324486732483,-0.7174069285392761,-0.6428579688072205,1.4776121690628488,nan
104,17.694607012191742,1000,25.096617527005897,0.08374389011305769,0.019855633036462973,0.19228566597031746,1.0996890505152397,2.989150996978496,17.72517744398117,17.696794373989107,0.4952303469181061,0.6258280873298645,-0.6776732206344604,-0.713420033454895,-0.6419263482093811,1.4825306251404244,nan
105,-16.04650753139299,1000,24.658945796195486,0.08348925587710461,0.005121099609744154,0.20780363601108856,0.565993887157726,1.387007591629964,19.271283776283266,19.245137556314468,-0.887596845626831,0.19586865603923798,-0.6809113621711731,-0.7163841724395752,-0.645438551902771,1.4760543420669991,nan
106,33.63141411152775,1000,24.652693183617053,0.08449150033899228,0.029547241602201173,0.2930180972537293,3.0645552765962956,7.941417484254713,17.944519750118257,17.91639354801178,0.49264389276504517,0.6266974806785583,-0.6831243634223938,-0.7174907922744751,-0.6487579345703125,1.4716283395645577,nan
107,18.123726253225,1000,24.511574438471385,0.08476829318289707,0.021236838849245224,0.1920135599776801,1.3778288851391214,3.828697847354206,17.7765552983284,17.74824517726898,0.493019163608551,0.6243464946746826,-0.6863445043563843,-0.7250995635986328,-0.647589385509491,1.4651880576965768,nan
108,7.774234565103182,1000,24.27097868648288,0.08475886308514362,0.012797451235947898,0.21182918169870343,1.1103656713453798,3.1156039389790124,17.92007130241394,17.89200817298889,0.4956401288509369,0.6148356199264526,-0.6862800121307373,-0.7243083119392395,-0.6482517123222351,1.4653170421478707,nan
109,0.22966728509547782,1000,23.968350662442003,0.08451879074120999,0.009208281105432247,0.23941032017877062,0.784661773033861,2.452112702008132,19.44424334335327,19.418362452983857,-0.8484606742858887,0.25649121403694153,-0.693474531173706,-0.733116865158081,-0.6538322567939758,1.4509280040619332,nan
110,10.698068204664937,1000,23.680801318575114,0.08482184229118857,0.012714084953133335,0.2188137490302181,1.7275751947666145,4.567173944774898,18.455179701328277,18.427908668518068,0.5334591269493103,0.583852231502533,-0.6930217146873474,-0.7307934761047363,-0.6552499532699585,1.4518336370346505,nan
111,27.775052094558657,1000,23.709587995701728,0.08502046530556528,0.022592509254422792,0.1787715235638861,1.5141018344277897,4.223459902513037,17.659968052864073,17.631384350061417,0.49329888820648193,0.626184344291687,-0.6976661682128906,-0.73994380235672,-0.6553884744644165,1.442544729983564,nan
112,20.823660639824492,1000,23.527265792784164,0.08494055030331786,0.019472529397428412,0.16036404172117436,1.0654283579089372,2.994529152778932,17.726905457496642,17.698508591651915,0.49660155177116394,0.6166559457778931,-0.6966354846954346,-0.7380768656730652,-0.6551940441131592,1.4446060970184762,nan
113,26.943904333162543,1000,23.50645938218719,0.08463909910964902,0.022056673828475357,0.17315293770867016,0.9770540806180378,2.5216509191267495,19.27420032286644,19.2480662651062,-0.5864889025688171,0.5181525945663452,-0.694146990776062,-0.7348896861076355,-0.6534042954444885,1.4495830848572213,nan
114,24.44788495431231,1000,23.477186597867803,0.0842113659514553,0.014982855462679115,0.16128101351688495,0.4745611208252405,1.4955216512500102,19.660089730739593,19.634536091804506,-0.7345027923583984,0.36252227425575256,-0.698798418045044,-0.7394964694976807,-0.658100426197052,1.4402802303192574,nan
115,14.552181213688932,1000,23.37999174317101,0.0845621405926334,0.01568999250615825,0.21064874317370405,1.6470046840953512,4.606954441208207,18.417542798042298,18.39010250854492,0.5358123183250427,0.5846584439277649,-0.7002744674682617,-0.7369093298912048,-0.6636395454406738,1.437328131472822,nan
116,17.37020465212821,1000,23.350207540154347,0.08409464099661951,0.016007913067293718,0.17637172279613186,0.5023654708597908,1.5416327997170756,19.551697472572325,19.526004450321196,-0.7185652852058411,0.36753854155540466,-0.6999186277389526,-0.7395309805870056,-0.6603062152862549,1.43803981093144,nan
117,20.853177767602286,1000,23.341935992699327,0.08355724069531303,0.0152928022342376,0.20019224028477955,0.5220440072267306,1.3771641666600973,19.552855947256088,19.52705500841141,-0.7338036894798279,0.38188686966896057,-0.6944365501403809,-0.7341099977493286,-0.6547630429267883,1.4490039661285836,nan
118,16.55212368852646,1000,23.20559697581817,0.08314412186047342,0.012597269607178878,0.17005432528588385,0.4523411284531442,1.0363079288354047,19.517486347436904,19.49172823405266,-0.7713376879692078,0.31882089376449585,-0.6964737176895142,-0.7390326857566833,-0.653914749622345,1.444929631030317,nan
119,21.920872985060885,1000,23.130526898482294,0.08349477151678379,0.025085418988288463,0.22977281241832484,1.8736032227762898,4.849681430812876,18.161815616607665,18.134119313716887,0.4957115352153778,0.6174666881561279,-0.6948744058609009,-0.7383167743682861,-0.6514320969581604,1.4481282546875436,nan
120,26.493912436577478,1000,23.043166624182582,0.08298593442282282,0.022322114436673132,0.1748821966300204,0.8595156498775882,2.352117727891882,18.01003983592987,17.982114062786103,0.49204468727111816,0.61942458152771,-0.6935864686965942,-0.7383265495300293,-0.648846447467804,1.4507041290161569,nan
121,27.74848792278754,1000,23.00358608396104,0.0825137419368391,0.02105582132471276,0.17805457016637083,0.9519617716299273,2.425778137585472,17.910114029884337,17.881905229091643,0.4917822778224945,0.622367262840271,-0.6931980848312378,-0.7378098368644714,-0.6485862731933594,1.4514808967468698,nan
122,26.684999329251394,1000,22.918963251326563,0.0823239799600799,0.02133002273876163,0.16268941379384963,0.9212913612432518,2.206745873681046,18.907538046598436,18.880901661634446,-0.5090802907943726,0.6000449061393738,-0.695812463760376,-0.7447181344032288,-0.6469067335128784,1.4462521388885934,nan
123,30.89518346016924,1000,22.875406896403824,0.08215203048472604,0.029119380339262875,0.16657917703368336,1.0942009671350883,2.880799783745727,17.766064639806746,17.73769252181053,0.4924710690975189,0.6225672364234924,-0.7012919187545776,-0.7461158037185669,-0.6564679741859436,1.43529322890019,nan
124,33.9785760792057,1000,22.925562472007744,0.08197103654302626,0.024334767689354206,0.17470576758645037,0.8615221040933286,2.3389467468762164,17.755901324033736,17.727531774759292,0.49346083402633667,0.6180251836776733,-0.7006164789199829,-0.7467343807220459,-0.6544985771179199,1.4366441085693795,nan
125,28.64191059700298,1000,22.90301730853702,0.08161865041163305,0.019244048831608334,0.15527055369812776,0.9350614884116683,2.520484434623599,17.74536967372894,17.716931233644484,0.4871542155742645,0.618427038192749,-0.7008545398712158,-0.7479773759841919,-0.6537317633628845,1.4361679866669137,nan
126,29.24793236768015,1000,22.932125884827943,0.08153052333308045,0.02065215349362545,0.17687953241457027,0.9060477271168943,2.236134841560665,17.70840495586395,17.679940145254136,0.48935291171073914,0.6217366456985474,-0.7063530683517456,-0.7564263939857483,-0.6562798023223877,1.4251709297058541,nan
127,28.274306761663336,1000,22.905712205316476,0.08107143155844934,0.018793639206994273,0.13672618838199566,0.6735891107197834,1.9372610514651705,17.679941846847534,17.651482039928435,0.4953228533267975,0.6169953942298889,-0.7079314589500427,-0.7619771361351013,-0.6538857817649841,1.42201414850926,nan
128,-10.050781903398462,1000,22.437062779927288,0.08045202668825045,0.009455443160216088,0.21681273728057557,0.5062070731366605,1.1818232205533608,19.561294006347655,19.535597928524016,-0.8795076608657837,0.19297358393669128,-0.7085572481155396,-0.7663469910621643,-0.6507675051689148,1.4207625701782662,nan
129,-4.428232050386594,1000,22.171269187567205,0.07980802598843438,0.00965930440590035,0.18922781801224625,0.29811223405619225,0.9804829523267492,19.576578310728074,19.55089057302475,-0.954558253288269,0.11198146641254425,-0.7109007239341736,-0.7660921216011047,-0.6557093262672424,1.4160756185409982,nan
130,28.668075936792185,1000,22.178122177528525,0.08046798904374634,0.024230577825842484,0.24461179321739018,2.4405147982394837,7.134231474803269,18.074579220056535,18.046686667442323,0.5012251138687134,0.6200180053710938,-0.7067369222640991,-0.758796751499176,-0.6546770334243774,1.424403221881147,nan
131,4.5152893624297805,1000,22.058544678788543,0.08025222497827893,0.010293610568328906,0.21182045023173485,0.6497389524047337,2.2443498944152993,19.548940667152404,19.523222054719923,-0.7730949521064758,0.3163660168647766,-0.7127282619476318,-0.7768858075141907,-0.648570716381073,1.4124205425140817,nan
132,25.441480377321795,1000,22.058152845645328,0.07873570839034257,0.023710827437546746,0.18432069746087065,1.4230774124982295,3.779850449493885,18.021538742542266,17.99359106874466,0.49097105860710144,0.6160575747489929,-0.7122337818145752,-0.7739763855934143,-0.6504911780357361,1.413409502780195,nan
133,28.05942909780276,1000,21.959357136827297,0.07833585086298694,0.02202545727738001,0.2052784624375818,1.1157270656424167,2.7630118966675545,18.994754214048385,18.96824885392189,-0.5009493827819824,0.599264919757843,-0.7163968086242676,-0.7846879959106445,-0.6481056213378906,1.4050834491608102,nan
134,35.37271914406566,1000,22.064771195022118,0.07823343513696969,0.02278990516350963,0.17674410886626163,1.35334875760469,3.6356037890516335,19.02665857601166,19.000244711875915,-0.49685198068618774,0.6008217930793762,-0.7240831851959229,-0.8017457127571106,-0.6464205980300903,1.3897106960174996,nan
135,32.30019635538575,1000,22.061205309612788,0.07810655109788443,0.02836069109258244,0.14883090692611892,1.0459977045697182,2.9724266563292883,17.622873893260955,17.594241481542586,0.49409303069114685,0.6249775290489197,-0.7239887714385986,-0.8003423810005188,-0.6476351022720337,1.389899523532148,nan
136,18.92240946093367,1000,22.027108422778053,0.07780076896937443,0.01586178884172259,0.17566542759892917,0.7565530939025272,2.1724902542245603,18.028022918701172,18.000136274814604,0.49426478147506714,0.6097050905227661,-0.7239968180656433,-0.8041720390319824,-0.6438215970993042,1.3898834302780587,nan
137,30.881600497852084,1000,22.0065165365724,0.07754437136766607,0.020414408279595817,0.14949009391448714,0.741805152316292,2.0017000700074172,17.804146231889725,17.775858167886735,0.4934827387332916,0.6159383058547974,-0.7269209027290344,-0.809492826461792,-0.6443489789962769,1.3840352609512765,nan
138,28.21228464876042,1000,22.000338099411593,0.07689024020768326,0.019325537365114286,0.17318397831621068,0.6985473344314188,2.0490176009646976,17.757265127897263,17.728830825805662,0.4962957799434662,0.620453953742981,-0.7324604392051697,-0.8175179362297058,-0.6474029421806335,1.372956187999006,nan
139,25.376583229789333,1000,22.037017861729375,0.07652195972482169,0.01642349026504898,0.1495923300540709,0.6722503514262863,1.9658247382769607,17.818309011936186,17.790005334377287,0.494132399559021,0.6208160519599915,-0.7354053258895874,-0.8225812315940857,-0.6482294797897339,1.3670664146301705,nan
140,23.9169672344406,1000,22.049295541886558,0.07643309081148787,0.017549887634287258,0.1792752858207828,0.6912759527126876,2.065755252478725,17.635414038181306,17.60689037847519,0.49426883459091187,0.6189388632774353,-0.7387019395828247,-0.8299319744110107,-0.6474719047546387,1.360473187243696,nan
141,-0.8759677391687418,1000,21.744093094641595,0.07609214516001642,0.011037338173482396,0.20428758096694982,0.32890280366165403,1.1540484440121503,19.69172442817688,19.666155726909636,-0.8665621876716614,0.20090609788894653,-0.7405290603637695,-0.8375895619392395,-0.6434684991836548,1.3568189456818063,nan
142,-11.912888564079509,1000,21.339438849676252,0.07581759299732072,0.00511619797689516,0.2544779955717209,0.42468640511893263,1.1341129903580267,19.56294295024872,19.537138679981233,-0.9602578282356262,0.12078694999217987,-0.742527425289154,-0.8368620872497559,-0.6481927633285522,1.3528222158310372,nan
143,31.890246463960356,1000,21.360685031566906,0.07602965467207891,0.02351555095398433,0.2009451276690032,1.8762022657574917,5.352722532502067,18.00349579381943,17.97549903178215,0.4957069456577301,0.6160305738449097,-0.7367380857467651,-0.834404706954956,-0.6390714049339294,1.364400894915815,nan
144,18.60830098882305,1000,21.327282343552188,0.0758390066081833,0.014954810721297767,0.21191970461182402,0.7456644400028036,1.9440877163659767,19.443620927333832,19.417738503932952,-0.6216734051704407,0.47069382667541504,-0.7360389232635498,-0.8358935117721558,-0.6361843943595886,1.3657992198822457,nan
145,2.6166203781040753,1000,21.00256323377638,0.07511311066852278,0.009741641203966957,0.20587056279661609,0.39072952391886806,1.207617083003476,19.611354727745056,19.585725759506225,-0.9010419249534607,0.17188549041748047,-0.736865758895874,-0.8396782875061035,-0.6340532302856445,1.3641455486175973,nan
146,18.01449626874122,1000,20.86689143364238,0.07462605714105165,0.01418947545934882,0.21425044737110527,0.3078611923646212,0.8987457885355841,19.77669277882576,19.75124484539032,-0.8665847182273865,0.19785399734973907,-0.739402711391449,-0.8453174829483032,-0.6334879398345947,1.3590716436264474,nan
147,32.27099214334811,1000,20.97019489556295,0.07513687852549862,0.028709551594795824,0.22934697608432655,2.1689575517251285,6.07042283930693,18.027698754787444,17.999728452682493,0.4961898922920227,0.606168270111084,-0.7444788217544556,-0.8529033660888672,-0.6360543370246887,1.3489194229004342,nan
148,-17.699145032565784,1000,20.52883477647047,0.07469015241030968,0.007010862129379344,0.22801823171604596,0.4080536888639557,1.2670702830754432,19.489668079853057,19.4638787651062,-0.9318945407867432,0.12462690472602844,-0.7483119964599609,-0.8560886979103088,-0.640535295009613,1.3412530734894235,nan
149,36.854305851002266,1000,20.636276584313045,0.07470067805393693,0.027341815161624646,0.1700908240841846,1.1535834980584252,3.3240812788013208,19.012016964435578,18.985578303337096,-0.500952959060669,0.6013855338096619,-0.7551606893539429,-0.8704925179481506,-0.6398289203643799,1.3275556877014596,nan
150,18.96462028734644,1000,20.6749517201003,0.07490162708703865,0.02728227564001715,0.21067290617888887,1.5455052396706408,4.413380264577371,17.644646013736725,17.616090230941772,0.49637043476104736,0.6075886487960815,-0.7525725364685059,-0.8643651008605957,-0.6407800316810608,1.3327319934723336,18.348813477833843
151,29.54811465247609,1000,20.653078816125852,0.07498527989723769,0.02837275773278739,0.20260703609159997,1.374836980544029,4.699237360678233,17.491239144802094,17.462360244750975,0.4878402054309845,0.6169244050979614,-0.7477477788925171,-0.8619798421859741,-0.6335157155990601,1.3423815086243112,nan
152,30.2093414544381,1000,20.690176725222756,0.07501222253811143,0.026430841534859178,0.15236016937038072,1.040096946229739,3.314934804560263,17.54662223482132,17.517903354167938,0.4928399622440338,0.6151741147041321,-0.740767240524292,-0.8520028591156006,-0.6295315623283386,1.3563425853607614,nan
153,22.534681191474974,1000,20.667491817245086,0.07506946069656534,0.016142939803635303,0.19854537520210866,0.789751523025442,2.037023148147002,19.538849620342255,19.513019773244856,-0.6974174380302429,0.3920079469680786,-0.7470927238464355,-0.8604182004928589,-0.633767306804657,1.3436916187164742,nan
154,35.257029591229546,1000,20.805946471762855,0.07574126614093701,0.02922837480563096,0.1975943871504103,1.5938147456164935,4.721990502684025,17.690911029815673,17.662408505916595,0.4924294650554657,0.6149463653564453,-0.7459161877632141,-0.8596873879432678,-0.6321449875831604,1.3460446908829171,nan
155,23.882125049470844,1000,20.702712796929518,0.07436494807852538,0.020892219535335783,0.18082655232389652,0.7920658054088973,2.2140688084373985,17.634239767074586,17.605704621315002,0.49739575386047363,0.6105647087097168,-0.7480372190475464,-0.8634045720100403,-0.6326699256896973,1.3418026283142526,nan
156,-28.33442193597182,1000,20.089074995986884,0.07391361446518853,-0.001088842934738805,0.2917865700269202,0.5339011804917619,1.432122744691119,19.38830774760246,19.362314064264297,-0.9498160481452942,0.11355508118867874,-0.7494065165519714,-0.8698658347129822,-0.6289471983909607,1.3390640333054025,nan
157,4.519815530233318,1000,19.889692702865517,0.07355468090062972,0.0070148058738338254,0.21013852774922365,0.4164718282858525,0.9486714057861555,19.569679261922836,19.54392241334915,-0.9198624491691589,0.15669943392276764,-0.7497729063034058,-0.8690659999847412,-0.6304798126220703,1.3383312538025338,nan
158,-22.85868326654216,1000,19.684020977034763,0.0734201229252543,-9.985878100173618e-05,0.25591076613303476,0.42672754474408187,1.2062538806476957,19.311976230621337,19.28594891500473,-0.9847674369812012,0.08030865341424942,-0.7520318031311035,-0.8719524145126343,-0.6321111917495728,1.3338134601471383,nan
159,34.18213946695649,1000,19.805699883792975,0.07463264840386938,0.02931469896883679,0.2510270726716889,2.6300479641830674,7.457844516216267,17.95945182132721,17.93139349269867,0.4945279657840729,0.6097959876060486,-0.7520637512207031,-0.8688283562660217,-0.6352991461753845,1.333749563967939,nan
160,25.591587745708342,1000,19.94524240733881,0.0748954547089858,0.01991840155610927,0.16662774635496674,0.8974598080391596,2.7146761164356046,17.792053368091583,17.763741587162016,0.4918788969516754,0.6028344035148621,-0.7524257898330688,-0.8706695437431335,-0.6341820359230042,1.3330254867432076,nan
161,23.15621242257953,1000,19.948570765565638,0.07415260669487565,0.0219131639978006,0.20810442353577813,1.0724470473958256,3.1917677647123863,17.678963430643083,17.650452555418013,0.4965135455131531,0.6038366556167603,-0.7500259876251221,-0.8656331300735474,-0.6344188451766968,1.3378250911591012,nan
162,29.663453174999397,1000,19.92788716431646,0.07427774179372944,0.02445670586150398,0.1823533445748659,1.106359812183117,3.484564484598072,17.382034494876862,17.353049630641937,0.492941677570343,0.6111767292022705,-0.7487229108810425,-0.8606353998184204,-0.6368103623390198,1.3404312446472604,nan
163,12.693152535675619,1000,19.6896805279329,0.07398217322457988,0.012173061072004224,0.22533956821038914,0.6587723487351949,1.9305882938575565,19.65544558262825,19.629815554380418,-0.7453526854515076,0.34039291739463806,-0.750910222530365,-0.8683891892433167,-0.6334312558174133,1.3360566213486154,nan
164,21.086456547319038,1000,19.60757076176216,0.07367265510099241,0.01356307938717373,0.19496586627891505,0.5515718925115037,1.8343632591946848,19.71395277714729,19.688407644033433,-0.697504997253418,0.40293940901756287,-0.750084400177002,-0.8645002841949463,-0.6356685757637024,1.3377082660553414,nan
165,-24.17245616997039,1000,19.154079924360143,0.07318625771394227,-0.0018703296587840494,0.2575199955637464,0.4264481600962609,1.1783276025308647,19.39834286880493,19.372427346229554,-0.9693775773048401,0.08639759570360184,-0.7478961944580078,-0.8671167492866516,-0.628675639629364,1.3420846774933297,nan
166,28.75856844766942,1000,19.18299853388738,0.07361600991990815,0.027450726229659637,0.20645071755007396,1.7959800186164556,5.070883360577745,17.756278218269347,17.727909655094148,0.49859583377838135,0.5990051031112671,-0.7461017370223999,-0.8634620904922485,-0.6287413239479065,1.3456735923645455,nan
167,-19.886831386967117,1000,18.685942355286155,0.07327817866107174,0.004416641552017513,0.26024826436774684,0.4280993408713836,1.4023592895965604,19.464632295131683,19.43876769566536,-0.9467051029205322,0.1094997376203537,-0.7484375238418579,-0.87172931432724,-0.6251457929611206,1.3410020187256295,nan
168,2.184871939521944,1000,18.452249652416647,0.07293389807694498,0.009619098118123339,0.24411192394698303,0.3250141440326905,1.1448393464217932,19.60875474858284,19.58311950159073,-0.9306413531303406,0.1157134473323822,-0.7524679899215698,-0.8769482374191284,-0.6279876828193665,1.3329410865662057,nan
169,27.310410323960458,1000,18.51533212270711,0.07396333126756989,0.025268141824660327,0.23207800980060575,2.150718310812553,6.159967914018264,17.969245934009553,17.941181221723557,0.49590563774108887,0.5978626608848572,-0.7550565600395203,-0.8796848654747009,-0.6304282546043396,1.3277639463303048,nan
170,12.287052963543685,1000,18.324782963856883,0.07237713750250667,0.016331218473522438,0.17504272790458936,0.908131627183831,2.526780876718983,18.068292920589446,18.04043145942688,0.4975822865962982,0.5922877192497253,-0.7550389766693115,-0.8784166574478149,-0.6316612958908081,1.3277991130707223,nan
171,35.34646161660444,1000,18.353735419774186,0.07260789450213603,0.024312607641504214,0.2301401794245735,1.264079738564449,3.8259479879772056,17.7209913482666,17.69255142068863,0.49102920293807983,0.6029212474822998,-0.7641466856002808,-0.8955691456794739,-0.6327242255210876,1.3095836952087838,nan
172,35.300545151247064,1000,18.45262182943577,0.07265783622710624,0.02397200748199885,0.2092459235247191,1.4368006746071422,4.407007449123667,17.526167021751405,17.497317353248597,0.49073946475982666,0.602134644985199,-0.7689458131790161,-0.904585599899292,-0.633306086063385,1.2999854400513131,nan
173,31.829165988022456,1000,18.518612973080252,0.07239528020987407,0.024899806294956278,0.252001964022288,1.9805193773372511,5.424650611098539,17.39724281001091,17.368169775009154,0.48359766602516174,0.6029400825500488,-0.7769243717193604,-0.9148887395858765,-0.6389600038528442,1.2840283229706246,nan
174,-28.933851271443,1000,18.034346473108123,0.07200075285927221,-0.0005565864017082906,0.25177084320898857,0.47494696277249765,1.0795242630300337,19.40751741218567,19.381515857696535,-0.9664570689201355,0.10459597408771515,-0.7753309011459351,-0.9170733690261841,-0.6335883736610413,1.2872152641174752,nan
175,24.945949964935856,1000,18.163209018768196,0.07212473477774116,0.022845988495026694,0.23786020097654745,1.281174774420821,3.7482046033705405,17.828125256538392,17.799867225170136,0.49456074833869934,0.5916292071342468,-0.7784660458564758,-0.9200175404548645,-0.6369145512580872,1.2809449746963937,nan
176,33.13772552090307,1000,18.27437540221851,0.07141793659147695,0.025636407171960095,0.23054326068098946,1.5371458128963555,4.6489712534818945,17.360787534952163,17.33169912981987,0.491371214389801,0.600370466709137,-0.7840497493743896,-0.9317154288291931,-0.6363840103149414,1.269777567660566,nan
177,-6.615695086718766,1000,17.919441851614515,0.07135343368878541,0.00832091913029437,0.2433622084162694,0.9200753598014597,2.7375659929872276,19.229443867444992,19.203288317680357,0.7225609421730042,0.37435242533683777,-0.788439154624939,-0.9382248520851135,-0.6386534571647644,1.2609987571594674,nan
178,17.655990495056262,1000,17.863408370532657,0.07195169455906787,0.014849250549345371,0.24364301647926379,1.661500479415253,4.886562327670977,18.258646919727326,18.231078478336336,0.5110445022583008,0.5751733183860779,-0.7872408032417297,-0.9373373985290527,-0.6371442079544067,1.2633954599258859,nan
179,36.322260910728794,1000,17.9592049327434,0.07260860905250943,0.02745447340061822,0.18400200838674785,1.4180940535842315,4.12591705666343,19.09009216928482,19.063720677375795,-0.49828243255615234,0.5851750373840332,-0.7917672395706177,-0.9457871913909912,-0.6377473473548889,1.25434258726811,nan
180,37.00704422064265,1000,18.191032807502594,0.07301387405718816,0.032178398441822624,0.1723494402713486,1.0492422659984515,3.4016443529096434,17.647438349723817,17.61888044500351,0.49456173181533813,0.5985798835754395,-0.7907156944274902,-0.9468948841094971,-0.6345364451408386,1.2564456775543649,nan
181,2.0896369084660487,1000,17.9677452217017,0.07307034327886537,0.010718042840579579,0.22473572761683439,0.2703477522341417,0.75170020172218,19.74620913219452,19.72074735569954,-0.8971599340438843,0.14972911775112152,-0.7889403104782104,-0.9474624395370483,-0.6304181814193726,1.2599964454529244,nan
182,30.60210566298251,1000,17.996791519765654,0.07169006619191452,0.02098997800484839,0.16550544940108014,1.0711836529364156,3.2255461980600986,19.143127228498457,19.116794125318528,-0.5019960999488831,0.5819936990737915,-0.7913831472396851,-0.953589677810669,-0.629176676273346,1.2551107719299752,nan
183,31.6209165190295,1000,17.99309479191252,0.07189762108998721,0.021384464536058453,0.19159482173350587,1.2877801683359476,3.803595438396742,19.038655066490172,19.012245729923247,-0.5010086297988892,0.5889295339584351,-0.7933931946754456,-0.9592293500900269,-0.6275570392608643,1.2510906770584542,nan
184,30.319542690840642,1000,18.090413626925386,0.07214425215115648,0.018899623365365263,0.16711598741957423,0.9530645533790542,2.850492695598591,19.083727883815765,19.05735716199875,-0.5022624135017395,0.5848264694213867,-0.7964826822280884,-0.9664418697357178,-0.6265234351158142,1.2449117019531686,nan
185,-27.36650826937117,1000,17.543919276142176,0.07213326784924902,0.002768362922905278,0.3052695662113267,0.5145581918441682,1.569588262883757,19.44370253229141,19.417844541072846,-0.9745069742202759,0.09526591002941132,-0.7987617254257202,-0.964801013469696,-0.6327224373817444,1.240353615557905,nan
186,35.02195389561642,1000,17.595254658540135,0.0723222028473292,0.029500439875364985,0.30129308396389903,1.599256418506929,5.03943130489169,17.640141266822816,17.61156913423538,0.4933456778526306,0.6040897369384766,-0.8105987906455994,-0.9830940961837769,-0.6381034851074219,1.2166794851181466,nan
187,37.130095090595646,1000,17.67576422048193,0.0724693787986337,0.026301479159814362,0.1791941510239284,1.1559528420292553,3.5992980770656753,18.77090737628937,18.744119121551513,-0.5025394558906555,0.5978752374649048,-0.8131382465362549,-0.9900987148284912,-0.6361778378486633,1.2116005733368356,nan
188,26.015211342886595,1000,17.684449945914952,0.07226628811526573,0.016857049313634905,0.1788576913097038,0.8381604181723813,2.544904299469294,18.939349588155746,18.9127572350502,-0.5032831430435181,0.5876269936561584,-0.8157492876052856,-0.9946659207344055,-0.6368326544761658,1.206378491198774,nan
189,36.62688026771966,1000,17.81347757652213,0.07226523204112038,0.030224044471558277,0.1690440148048327,1.077116120014098,3.511019440338545,18.110574308633804,18.082726891994476,0.49672001600265503,0.6001279354095459,-0.8185536861419678,-1.0010982751846313,-0.6360090374946594,1.2007696941254098,nan
190,35.47362395323516,1000,17.852338076483043,0.07205327358652629,0.026070941697372417,0.17193152732441155,0.9045521481447774,2.673048878256714,18.496130464076995,18.46894978094101,0.49588727951049805,0.6001757979393005,-0.8247854709625244,-1.0145392417907715,-0.6350317597389221,1.1883061244842965,nan
191,35.6436460469831,1000,18.157553453654685,0.07148858367753537,0.0198251691167224,0.14435423208698228,0.7597017449259996,2.4559568783357983,18.720692331790925,18.693820075273514,0.49602654576301575,0.5968382954597473,-0.8315523862838745,-1.027828574180603,-0.6352761387825012,1.1747722938415963,nan
192,37.53670912238661,1000,18.299546620160257,0.07165084268918698,0.021171156453815117,0.15631440835484603,0.8122258172296412,2.6749971757342537,18.79042711400986,18.76362003016472,0.4936351180076599,0.5968824625015259,-0.8387660384178162,-1.0416748523712158,-0.6358572244644165,1.160344989573713,nan
193,40.476365911633,1000,18.7810832220266,0.07195600588146331,0.022821365968555343,0.19315827054411547,0.9100486562581325,3.0727169374171215,18.661397166967394,18.634376082897187,0.4919321835041046,0.6010485887527466,-0.8420301079750061,-1.0500717163085938,-0.6339884996414185,1.1538168504593331,nan
194,26.530451901743824,1000,18.84600420877121,0.0735809856085751,0.022621600916956267,0.2883988431717726,3.2919195085826525,10.859616783547576,18.927982956171036,18.901250563263893,-0.517386257648468,0.5781011581420898,-0.8431418538093567,-1.0462584495544434,-0.64002525806427,1.151593358790632,nan
195,29.126030357176973,1000,18.96312434627319,0.07421615776643062,0.017257262019482064,0.19084106757066416,1.3249263031365948,4.130702208054962,18.736282193660735,18.709450102567672,-0.5018556714057922,0.5940336585044861,-0.8494189381599426,-1.0577677488327026,-0.6410701274871826,1.13903919008946,nan
196,34.04764734521165,1000,19.42438666503565,0.07459363701190339,0.028851405635938392,0.15873096505397422,0.942274255029396,2.9961702147637093,18.217192395210265,18.189584382534026,0.495787650346756,0.5968224406242371,-0.8472824096679688,-1.0522875785827637,-0.642277181148529,1.1433122470734078,nan
197,35.20332274579947,1000,19.588312712380763,0.07487817217305885,0.02331947144614102,0.1943255653971688,0.6421771240801591,1.9771771452451332,18.439918464660643,18.412653431892394,0.496183842420578,0.5991523265838623,-0.8489433526992798,-1.056433081626892,-0.6414536833763123,1.1399903610107858,nan
198,37.947221142300414,1000,20.15172387397752,0.07499694735643095,0.021547414996125763,0.16549880831348857,0.6498893740715953,2.0111206657555156,18.569198615550995,18.54212385511398,0.4945172071456909,0.6003393530845642,-0.8518945574760437,-1.063927412033081,-0.6398617029190063,1.134087951457258,nan
199,12.585297515130717,1000,19.94114081315358,0.0728853938644573,0.011182900360413818,0.2504454236513176,0.7861739700857014,2.565689449037881,19.7045405626297,19.679006696701048,-0.7957931756973267,0.30916595458984375,-0.8497822284698486,-1.0613408088684082,-0.6382237076759338,1.138312609469648,nan
200,41.588585431181045,1000,20.14735150368568,0.07295755452731022,0.032073480262510695,0.17324280435837255,0.9807261287184839,3.0166381180831987,18.260661947727204,18.233108990192413,0.4927099049091339,0.599838137626648,-0.8503146171569824,-1.0592831373214722,-0.6413460969924927,1.1372478320953805,29.761305719160852
201,23.62194910518751,1000,20.230892842074788,0.07304914654008621,0.016744530851862064,0.21114630080827093,1.7691174558240863,5.533997987209609,19.037571598052978,19.011092722654343,-0.5147668719291687,0.5776721835136414,-0.8503226041793823,-1.063986897468567,-0.636658251285553,1.1372318580505807,nan
202,26.16197620756344,1000,20.169585941779136,0.07289444320961183,0.017223233894197727,0.19995092009131976,1.0793099181580281,3.400678134241883,18.98855992889404,18.96206808209419,-0.5008856058120728,0.5929146409034729,-0.8553650975227356,-1.0768077373504639,-0.6339224576950073,1.1271468713638741,nan
203,37.025342053781024,1000,20.298654043567822,0.07272489781955332,0.024890961714581907,0.18967519008929803,1.160826517292131,3.698191423192452,19.001361261844636,18.97486766076088,-0.5008658170700073,0.5891157984733582,-0.8613989353179932,-1.0872251987457275,-0.6355726718902588,1.115079195773359,nan
204,26.613242569699,1000,20.387840399142895,0.07256704832796229,0.0158316735565051,0.1683850895739963,0.8099098953079611,2.5530632596924883,19.168141186237335,19.14187212562561,-0.5105382204055786,0.57072514295578,-0.8626711368560791,-1.0918151140213013,-0.6335271000862122,1.1125347926971871,nan
205,34.307996425381674,1000,20.89138543871064,0.0728693996236546,0.02761599871728548,0.14907999994796625,0.9427139061894638,3.102669681032371,18.06463079071045,18.03677917814255,0.49619773030281067,0.5990790128707886,-0.8618903160095215,-1.0901466608047485,-0.6336339116096497,1.1140964343903024,nan
206,35.84955036467035,1000,20.91356680124207,0.07172417388042117,0.02257811541413979,0.18203729109454567,0.8806990270960918,3.086891866838536,18.358693754673006,18.331296016216278,0.4925183057785034,0.5967745184898376,-0.8737922310829163,-1.0980385541915894,-0.6495459079742432,1.0902926042435128,nan
207,27.817875915957224,1000,21.010508297869386,0.07134138314101429,0.01564831548933458,0.15449718035953386,0.6016968968903443,1.934046034721529,18.677463154792786,18.650553347110748,0.49679869413375854,0.5909886956214905,-0.8777862787246704,-1.1045244932174683,-0.6510480642318726,1.0823045089600045,nan
208,30.3259403096718,1000,21.236025355315075,0.07107138770752956,0.01708052048912472,0.14807950397136957,0.568523223848138,1.8385189670728797,18.69156563591957,18.66464235305786,0.4949485957622528,0.59242844581604,-0.879662036895752,-1.1086015701293945,-0.6507224440574646,1.0785529926178414,nan
209,40.451845617420084,1000,21.63824713863832,0.07165548662289171,0.0335253500290222,0.18857585746600233,1.6069745424620314,5.123816772549406,18.82310938000679,18.796391664028167,-0.5008133053779602,0.5947301387786865,-0.8819829821586609,-1.114410638809204,-0.6495553255081177,1.0739111020920236,nan
210,35.47967114906416,1000,21.88606316808231,0.07120504727254544,0.025979607014416376,0.14999872226919558,0.7457737278844926,2.5122138560431453,18.119964437246324,18.0921605451107,0.496817946434021,0.5986649990081787,-0.880425214767456,-1.1154752969741821,-0.6453750729560852,1.0770266368744332,nan
211,34.41063494404883,1000,21.95241899657721,0.07082664210174969,0.02222187483712611,0.14891740171415954,0.7082989587216103,2.4330085825222727,18.251073361158372,18.223343480944635,0.4934307038784027,0.5980309247970581,-0.8841866254806519,-1.122806191444397,-0.6455671191215515,1.0695038154480416,nan
212,35.10027140117406,1000,22.09518510419071,0.0709152816898637,0.027792182312874822,0.18187822503657622,1.1582806672704073,3.7974786479558404,18.97327716588974,18.946793172836305,-0.5012567639350891,0.5872012376785278,-0.8883011937141418,-1.1318895816802979,-0.6447128057479858,1.0612746789810616,nan
213,26.849367074785835,1000,22.094239731606944,0.07089311108883453,0.024308768847879136,0.15612386412937243,0.8667041651904508,3.0409680763891056,18.104478084087372,18.07668731212616,0.49535173177719116,0.5933696031570435,-0.8863039016723633,-1.1264104843139648,-0.6461973190307617,1.0652692630646188,nan
214,29.191493828763445,1000,22.141675820351463,0.07116096479124309,0.023111699080656932,0.16516887851522846,0.9146241336053366,3.1350742760049513,19.089316153526305,19.062975450277328,-0.5014679431915283,0.5865447521209717,-0.8899592161178589,-1.1369949579238892,-0.6429234147071838,1.0579586341736276,nan
215,35.683494207440276,1000,22.352988950288974,0.0708993943467749,0.02253738138166684,0.17046715048964692,1.1167353377670022,3.5174774094219843,19.132202350139618,19.105889325857163,-0.4993838965892792,0.5823318958282471,-0.8955930471420288,-1.1484427452087402,-0.6427433490753174,1.0466909721252877,nan
216,30.717141137035412,1000,22.486458315138044,0.071220052391404,0.026649774370720473,0.17957802528791048,0.9550182728747728,3.283182118797684,18.0294059715271,18.001476207733155,0.49521270394325256,0.5989663600921631,-0.8945896625518799,-1.1476870775222778,-0.6414921879768372,1.0486977413055856,nan
217,19.733865008661674,1000,22.47526518754864,0.0713006360533686,0.013802797541632428,0.2246270370237477,0.7117304187791301,2.2139642746853667,19.44114974093437,19.415284786701204,-0.618455708026886,0.4816393554210663,-0.8908356428146362,-1.145474910736084,-0.6361964344978333,1.0562057807800729,nan
218,38.69932293365348,1000,22.696737179999904,0.0716613006252183,0.024384578005854467,0.17093508529847176,0.9573251945486758,3.171243070135943,19.00194207406044,18.97548258757591,-0.502102255821228,0.5871107578277588,-0.8948895335197449,-1.155160903930664,-0.6346181631088257,1.0480979993698556,nan
219,31.40856273267511,1000,22.791614077476048,0.07123599912573045,0.02572680887607139,0.163650519972617,0.9256365826805438,3.4648177658895443,18.21985954761505,18.19224825286865,0.49495214223861694,0.5935075879096985,-0.8983529806137085,-1.161860466003418,-0.6348454356193542,1.0411711051819283,nan
220,27.352779109022027,1000,22.80020274420049,0.07139167191717653,0.022817979829920686,0.2078345798337918,1.0867331956310537,3.6174463297348938,18.991666138648988,18.96518135046959,-0.5053524971008301,0.5826165080070496,-0.8990856409072876,-1.1662330627441406,-0.6319382190704346,1.0397057845947701,nan
221,27.016733200290084,1000,22.79288519697552,0.07138298893736826,0.018366816470472957,0.17286316772494573,0.8304314887071924,2.7743213307311634,18.398408466339113,18.371022135972975,0.49386855959892273,0.5926705598831177,-0.8989003896713257,-1.1657074689865112,-0.6320932507514954,1.040076287066694,nan
222,34.64760455851404,1000,22.87251124926814,0.07119771669481055,0.018646696585760944,0.1402860118547126,0.5529344636141116,1.9031447788342606,18.526767984390258,18.49960862517357,0.4953879117965698,0.5919155478477478,-0.901089072227478,-1.1718441247940063,-0.6303340792655945,1.0356989219543893,nan
223,20.494761945197595,1000,22.76850703411843,0.07090215294063071,0.013557311858872214,0.16103317109731474,0.5385555947972653,1.728276194709962,18.887916842937468,18.86132263994217,0.496674120426178,0.5780344605445862,-0.9017598628997803,-1.1743711233139038,-0.6291486024856567,1.0343573406097848,nan
224,20.34304652242103,1000,22.632151738550583,0.07128632016168665,0.018175397140981493,0.24606001973696617,1.5102773192081285,5.124954679605442,19.11711937904358,19.090821600914,-0.5430446863174438,0.5475735068321228,-0.9051834344863892,-1.1856505870819092,-0.6247162818908691,1.027510197436567,nan
225,35.76941004399874,1000,22.703426733020542,0.07126789719150212,0.025458006252213658,0.15495556353997136,0.731523151827475,2.5357423873858753,18.262432323217393,18.23483520078659,0.49351948499679565,0.5901744961738586,-0.9071040153503418,-1.1887438297271729,-0.625464141368866,1.0236690357086617,nan
226,33.37459206235976,1000,22.744693329967337,0.07108036420629417,0.017941363270202803,0.13527382875476263,0.5885379076936955,2.0479514656213165,18.448868742465972,18.421578134059907,0.49240827560424805,0.5827595591545105,-0.908919632434845,-1.1921840906143188,-0.6256551742553711,1.0200378015396554,nan
227,25.339774072938894,1000,22.715348003080088,0.0709338418713342,0.016728709868067217,0.14288389128322124,0.41562588012221824,1.368308278044126,18.629267044067383,18.602299100875854,0.496928334236145,0.5796896815299988,-0.9102703332901001,-1.1950703859329224,-0.6254703402519226,1.0173363998291451,nan
228,25.202312766702335,1000,23.067878949781097,0.07129628555708128,0.02323960211205992,0.1893794307982158,1.0979621361552996,4.032195662079621,19.07169963121414,19.045358222484587,-0.5038183927536011,0.5732480883598328,-0.9160099625587463,-1.2060825824737549,-0.6259373426437378,1.0058571412918527,nan
229,27.458650733759754,1000,23.38674777762256,0.07167651524520004,0.019846142171966976,0.19034230832827798,0.8933178342806842,3.0925877784526303,19.127896427154543,19.10161023902893,-0.5003343820571899,0.5711547136306763,-0.9153575897216797,-1.209916591644287,-0.6207985281944275,1.007161886965986,nan
230,27.10166754690831,1000,23.371083693723723,0.07081440947872979,0.0182675230918756,0.15789143075362713,0.806048949352404,2.7823853751246204,19.20309412264824,19.176870131492613,-0.5010393261909485,0.5689182877540588,-0.9188510179519653,-1.2187674045562744,-0.6189346313476562,1.0001750305054147,nan
231,29.04291642061204,1000,23.616359964305545,0.07086775024981193,0.01992683942951023,0.13570392752387658,0.653568545819318,2.4710500259647197,18.254595425128937,18.227039509296418,0.49507275223731995,0.5787562727928162,-0.9185081124305725,-1.219651460647583,-0.617364764213562,1.0008608415482003,nan
232,36.18026360761213,1000,23.72374779660845,0.07053334551642557,0.02221786662734876,0.1516162024531152,0.5827808127335367,2.174569426783984,18.248073106765748,18.220490403413773,0.4946671724319458,0.5864540934562683,-0.9208170175552368,-1.2233920097351074,-0.6182419657707214,0.9962430312988717,nan
233,37.89658735215361,1000,23.82211937915196,0.0702787778539179,0.022694381904077476,0.16652434000131872,0.6306411781176755,2.4185241480607127,18.364026579380035,18.33662307357788,0.49265196919441223,0.5764947533607483,-0.9265924692153931,-1.2347289323806763,-0.6184560656547546,0.9846921279785592,nan
234,42.74661371461984,1000,23.895858324857503,0.06996914784972048,0.024306166982156447,0.18032637187322043,0.6247914006468362,2.3789441062342966,18.220486611127853,18.192850058794022,0.4940715730190277,0.5860923528671265,-0.9304377436637878,-1.2425177097320557,-0.61835777759552,0.9770015790817697,nan
235,25.624782017635763,1000,23.829104181480005,0.07000263249907059,0.02098985048305464,0.19432826256388305,1.1610092060389468,4.024113290170563,19.02932239532471,19.00283865451813,-0.4995631277561188,0.5652062892913818,-0.9344695806503296,-1.2511004209518433,-0.6178386807441711,0.9689379051086862,nan
236,33.06600974132523,1000,23.97054018428392,0.069974299762048,0.026013211434029192,0.15252780632234414,0.6675583315993917,2.6550295140906948,18.202060920238495,18.174384704828263,0.4937914311885834,0.5754268765449524,-0.9323757886886597,-1.2479259967803955,-0.6168256402015686,0.973125489032026,nan
237,30.96028943425086,1000,23.971327073647902,0.06986026197446478,0.01843810164980628,0.14556160391277886,0.5797395105891027,2.3809071732626865,18.316052777767183,18.28856482577324,0.49328356981277466,0.5805213451385498,-0.9336638450622559,-1.249080777168274,-0.618246853351593,0.9705493762848336,nan
238,34.155428408215656,1000,24.030758511242457,0.06977994114624615,0.022615060977059367,0.15579188518721238,0.4739241483513358,1.835129593235543,18.27546642923355,18.247965732097626,0.49721983075141907,0.5800819993019104,-0.9343111515045166,-1.2506572008132935,-0.6179651021957397,0.9692547634003121,nan
239,32.03374195057126,1000,24.09733009845028,0.06966325657132787,0.01795222685793574,0.1449077645466097,0.3710677135269964,1.3104243429033655,18.380956606626512,18.35348461008072,0.4973437488079071,0.5785841345787048,-0.9349040985107422,-1.2514275312423706,-0.6183806657791138,0.968068869387861,nan
240,30.13835445656703,1000,24.159543970671542,0.06977691758998131,0.02617357531065908,0.1976046870998263,0.9356677767426759,3.5680493183731685,19.14774336194992,19.12150291967392,-0.5010597109794617,0.5700063109397888,-0.9404969215393066,-1.263182520866394,-0.617811381816864,0.9568832233307321,nan
241,-14.310607815589844,1000,24.02519756990733,0.06985559581321026,0.005974116619061613,0.26598092704632587,0.41052024761973277,1.2097275545703345,19.59114534187317,19.565515845298766,-0.9709798097610474,0.09622010588645935,-0.9386045932769775,-1.262282371520996,-0.6149268746376038,0.9606678798553903,nan
242,9.056409585994073,1000,24.23489055140806,0.06979717192124048,0.010304964787435136,0.25474626162504455,0.2625255978425686,0.5783875759814103,19.814951297283173,19.789578708648683,-0.8759504556655884,0.15985308587551117,-0.9360925555229187,-1.2594224214553833,-0.6127626895904541,0.9656919553635079,nan
243,24.405362943993843,1000,24.160041716208397,0.06924967140190225,0.015983536650469525,0.19506596588675731,0.8009711419456748,2.9199564928641464,19.407317945957185,19.381411801338196,-0.5375262498855591,0.5320093631744385,-0.9370530843734741,-1.265272855758667,-0.608833372592926,0.9637708976623971,nan
244,24.010396640749775,1000,24.21406267272766,0.0693357223555053,0.017815345625964336,0.22430676277525058,0.7160853309509583,2.6861492841743195,19.297338378429412,19.271280805587768,-0.5048978328704834,0.5577439069747925,-0.9398251175880432,-1.2716482877731323,-0.6080019474029541,0.9582268312332589,nan
245,5.348399707664865,1000,24.24138046602327,0.0693631720425753,0.008484791706119802,0.2537617015706497,0.3642086277430869,1.1020271999224602,19.715755853176116,19.690271757125853,-0.8643258213996887,0.17694099247455597,-0.9380037188529968,-1.271312952041626,-0.6046944856643677,0.9618696287033517,nan
246,38.89440273466114,1000,24.450179530682465,0.07001266652837718,0.0318764319531439,0.18784667747520417,1.404184868586952,5.530339448770522,18.041980417966844,18.014049838781357,0.4958803653717041,0.5853431820869446,-0.934126079082489,-1.2673717737197876,-0.6008803844451904,0.9696249082443673,nan
247,16.790830414462064,1000,24.29537791339361,0.06920171595090126,0.013707342222465188,0.2440419448478537,0.636319808534969,2.498912389515378,18.524672241210936,18.497543513298034,0.4979340732097626,0.5722948908805847,-0.9391982555389404,-1.2671173810958862,-0.6112791299819946,0.9594805553314645,nan
248,16.364738135337277,1000,24.63601674507264,0.06941984729536468,0.01533167016913945,0.2515087238636113,0.7692481771077921,2.6723671905282234,19.35291788458824,19.326931125879288,-0.5579636096954346,0.5197428464889526,-0.93846595287323,-1.2709742784500122,-0.605957567691803,0.9609451606628854,nan
249,26.952041619661447,1000,24.53699410275923,0.06913040931614543,0.020553524346141636,0.17545444257362264,0.6526135060593866,2.6166611461069054,18.22504948425293,18.19744230270386,0.4950566291809082,0.5759596228599548,-0.94208824634552,-1.2725697755813599,-0.6116067171096802,0.9537005737183053,nan
250,-1.6973981094006148,1000,24.33037391879176,0.06843064122464415,0.011459675402676736,0.26393534623506903,0.2920653479249513,1.1900303573032633,19.67849415063858,19.652971650600435,-0.9435521960258484,0.08762645721435547,-0.9414811134338379,-1.2745460271835327,-0.6084161996841431,0.9549148395416696,29.16254078419203
