model,seed,rho_target,leak,input_scale,d_max,ipc_kset,capture_pct_vs_ref
real,0,0.95,0.8,1.0,30,5.816641382083794,93.86177104121036
real,0,0.95,0.8,1.0,50,5.937717253563711,95.81554384255018
real,0,0.95,0.8,1.0,80,6.197029224528456,99.99999999999999
cel_randN,0,0.95,0.8,1.0,30,7.772922437004738,95.78413413812761
cel_randN,0,0.95,0.8,1.0,50,7.848797945655214,96.71913251965995
cel_randN,0,0.95,0.8,1.0,80,8.115041710139202,100.0
er_randN,0,0.95,0.8,1.0,30,14.329625540867628,97.58008688301751
er_randN,0,0.95,0.8,1.0,50,14.43496938092986,98.29744415355796
er_randN,0,0.95,0.8,1.0,80,14.684989528700147,100.0
ws_p01_randN,0,0.95,0.8,1.0,30,14.433744752976368,97.91997108377745
ws_p01_randN,0,0.95,0.8,1.0,50,14.529474233706809,98.56940947592146
ws_p01_randN,0,0.95,0.8,1.0,80,14.740348259117928,100.0
local_sign,0,0.95,0.8,1.0,30,6.071753753221202,94.60938030593647
local_sign,0,0.95,0.8,1.0,50,6.195413515925765,96.53623274326581
local_sign,0,0.95,0.8,1.0,80,6.417707983697909,100.0
local_sign+flat,0,0.95,0.8,1.0,30,7.7658402326078715,94.80117817952272
local_sign+flat,0,0.95,0.8,1.0,50,7.9203286013108425,96.68708864502247
local_sign+flat,0,0.95,0.8,1.0,80,8.191712784309374,100.0
local_sign+binary,0,0.95,0.8,1.0,30,7.720809352468677,95.50787728015459
local_sign+binary,0,0.95,0.8,1.0,50,7.871757589262984,97.37513562280446
local_sign+binary,0,0.95,0.8,1.0,80,8.08395032152282,100.0
global_sign_pres,0,0.95,0.8,1.0,30,7.428617518319243,96.10721152863107
global_sign_pres,0,0.95,0.8,1.0,50,7.5333246088153345,97.46185207514453
global_sign_pres,0,0.95,0.8,1.0,80,7.729511032693109,100.0
global_sign_pres_real_weight,0,0.95,0.8,1.0,30,7.953898787694383,95.07352438613415
global_sign_pres_real_weight,0,0.95,0.8,1.0,50,8.0893754396387,96.69288655256088
global_sign_pres_real_weight,0,0.95,0.8,1.0,80,8.366050211192556,100.0
binary_base,0,0.95,0.8,1.0,30,6.699392607747029,94.91041718330501
binary_base,0,0.95,0.8,1.0,50,6.842642363475022,96.93983908370662
binary_base,0,0.95,0.8,1.0,80,7.058648361863348,99.99999999999999
real,1,0.95,0.8,1.0,30,4.643608135542763,93.18113843481969
real,1,0.95,0.8,1.0,50,4.765597298386865,95.62903858890867
real,1,0.95,0.8,1.0,80,4.983420693868183,100.0
cel_randN,1,0.95,0.8,1.0,30,13.970523430473804,97.97780835083304
cel_randN,1,0.95,0.8,1.0,50,14.055744545163225,98.57547944626752
cel_randN,1,0.95,0.8,1.0,80,14.258865007930158,100.0
er_randN,1,0.95,0.8,1.0,30,14.101622033991667,98.35348501088447
er_randN,1,0.95,0.8,1.0,50,14.158200178975214,98.74809619257475
er_randN,1,0.95,0.8,1.0,80,14.337694320065104,100.0
ws_p01_randN,1,0.95,0.8,1.0,30,14.71682878383126,97.95996869171537
ws_p01_randN,1,0.95,0.8,1.0,50,14.790441283572273,98.4499572806885
ws_p01_randN,1,0.95,0.8,1.0,80,15.023308990783585,100.0
local_sign,1,0.95,0.8,1.0,30,7.581788172878571,96.02856577834761
local_sign,1,0.95,0.8,1.0,50,7.651398970877647,96.9102344483389
local_sign,1,0.95,0.8,1.0,80,7.895346672550328,100.0
local_sign+flat,1,0.95,0.8,1.0,30,6.376848220133375,95.34171408574588
local_sign+flat,1,0.95,0.8,1.0,50,6.495997499260135,97.12314216931857
local_sign+flat,1,0.95,0.8,1.0,80,6.688413651131064,100.0
local_sign+binary,1,0.95,0.8,1.0,30,6.609041652279188,94.5486791972322
local_sign+binary,1,0.95,0.8,1.0,50,6.747583773313465,96.53065710660982
local_sign+binary,1,0.95,0.8,1.0,80,6.990094106436402,100.0
global_sign_pres,1,0.95,0.8,1.0,30,6.086976094522649,95.51902798579437
global_sign_pres,1,0.95,0.8,1.0,50,6.18881993258311,97.1171982869118
global_sign_pres,1,0.95,0.8,1.0,80,6.372527257530203,100.0
global_sign_pres_real_weight,1,0.95,0.8,1.0,30,6.576561801625417,95.06203172089103
global_sign_pres_real_weight,1,0.95,0.8,1.0,50,6.676498976851576,96.50659062689833
global_sign_pres_real_weight,1,0.95,0.8,1.0,80,6.918179301000714,100.0
binary_base,1,0.95,0.8,1.0,30,6.81969531618131,95.23780079945897
binary_base,1,0.95,0.8,1.0,50,6.93848901618378,96.89676798384646
binary_base,1,0.95,0.8,1.0,80,7.160702220058038,100.0
real,2,0.95,0.8,1.0,30,5.568355833489477,92.83422264182046
real,2,0.95,0.8,1.0,50,5.731669863872412,95.55695292531269
real,2,0.95,0.8,1.0,80,5.998171444784646,100.0
cel_randN,2,0.95,0.8,1.0,30,10.23325664081824,97.05308234205647
cel_randN,2,0.95,0.8,1.0,50,10.366627483626303,98.31798283692429
cel_randN,2,0.95,0.8,1.0,80,10.543979020420885,99.99999999999999
er_randN,2,0.95,0.8,1.0,30,12.701782988874513,97.65683215492543
er_randN,2,0.95,0.8,1.0,50,12.821771524387486,98.57935620397974
er_randN,2,0.95,0.8,1.0,80,13.006548245107995,100.0
ws_p01_randN,2,0.95,0.8,1.0,30,13.377702537307869,97.937628546526
ws_p01_randN,2,0.95,0.8,1.0,50,13.513318172358616,98.93046522036148
ws_p01_randN,2,0.95,0.8,1.0,80,13.659410316385895,100.0
local_sign,2,0.95,0.8,1.0,30,5.728126286028015,94.02638939510005
local_sign,2,0.95,0.8,1.0,50,5.874988026458851,96.43710426126394
local_sign,2,0.95,0.8,1.0,80,6.092041099183717,100.0
local_sign+flat,2,0.95,0.8,1.0,30,4.826690015079805,93.19938700923407
local_sign+flat,2,0.95,0.8,1.0,50,4.924240999233177,95.08301572722446
local_sign+flat,2,0.95,0.8,1.0,80,5.178886009842085,99.99999999999999
local_sign+binary,2,0.95,0.8,1.0,30,3.118494537030301,88.14008328021018
local_sign+binary,2,0.95,0.8,1.0,50,3.2961877506790245,93.16234465131434
local_sign+binary,2,0.95,0.8,1.0,80,3.5381116297747894,100.0
global_sign_pres,2,0.95,0.8,1.0,30,6.385495404780727,94.87998733191327
global_sign_pres,2,0.95,0.8,1.0,50,6.527976617004811,96.99706905445832
global_sign_pres,2,0.95,0.8,1.0,80,6.730076156568941,100.0
global_sign_pres_real_weight,2,0.95,0.8,1.0,30,5.5692741972641215,94.08813017228395
global_sign_pres_real_weight,2,0.95,0.8,1.0,50,5.727320520679996,96.75818779992035
global_sign_pres_real_weight,2,0.95,0.8,1.0,80,5.919210199061531,100.0
binary_base,2,0.95,0.8,1.0,30,5.877564744303982,93.72597909394823
binary_base,2,0.95,0.8,1.0,50,6.0643154394153385,96.70397976382601
binary_base,2,0.95,0.8,1.0,80,6.2710091706937305,100.0
real,3,0.95,0.8,1.0,30,4.83506955290828,92.35769749449679
real,3,0.95,0.8,1.0,50,4.948349176085621,94.5215226587926
real,3,0.95,0.8,1.0,80,5.235156011978733,100.0
cel_randN,3,0.95,0.8,1.0,30,14.77157105402794,98.00226255990604
cel_randN,3,0.95,0.8,1.0,50,14.91450743430901,98.95057663011785
cel_randN,3,0.95,0.8,1.0,80,15.072683699520192,100.0
er_randN,3,0.95,0.8,1.0,30,14.48167352207929,98.03241040013633
er_randN,3,0.95,0.8,1.0,50,14.574083182004884,98.65796943466026
er_randN,3,0.95,0.8,1.0,80,14.772332397999623,100.0
ws_p01_randN,3,0.95,0.8,1.0,30,13.89351447076929,97.72514467098615
ws_p01_randN,3,0.95,0.8,1.0,50,14.034101177513733,98.71401298679808
ws_p01_randN,3,0.95,0.8,1.0,80,14.216929038626603,100.00000000000001
local_sign,3,0.95,0.8,1.0,30,6.932635430854134,95.09058341087402
local_sign,3,0.95,0.8,1.0,50,7.084739451220287,97.17689823011081
local_sign,3,0.95,0.8,1.0,80,7.290559361592219,100.0
local_sign+flat,3,0.95,0.8,1.0,30,6.859443659584031,95.69753417322816
local_sign+flat,3,0.95,0.8,1.0,50,6.981555964746917,97.40114850060434
local_sign+flat,3,0.95,0.8,1.0,80,7.1678374148777095,100.0
local_sign+binary,3,0.95,0.8,1.0,30,6.833598522008477,95.29754982046157
local_sign+binary,3,0.95,0.8,1.0,50,6.922832973232478,96.54196365803678
local_sign+binary,3,0.95,0.8,1.0,80,7.170801909265056,100.0
global_sign_pres,3,0.95,0.8,1.0,30,4.450240809525582,92.47310886679122
global_sign_pres,3,0.95,0.8,1.0,50,4.5946398499660575,95.473626986694
global_sign_pres,3,0.95,0.8,1.0,80,4.812470202484718,100.0
global_sign_pres_real_weight,3,0.95,0.8,1.0,30,5.829001575237678,94.92545950556064
global_sign_pres_real_weight,3,0.95,0.8,1.0,50,5.94410266255222,96.79988404669264
global_sign_pres_real_weight,3,0.95,0.8,1.0,80,6.1406092797435665,100.0
binary_base,3,0.95,0.8,1.0,30,5.227804178108178,94.33625532774367
binary_base,3,0.95,0.8,1.0,50,5.347886075528342,96.50314531622215
binary_base,3,0.95,0.8,1.0,80,5.541670230544666,99.99999999999999
real,4,0.95,0.8,1.0,30,5.073463645928371,93.47899549232879
real,4,0.95,0.8,1.0,50,5.201669693187327,95.84120272395592
real,4,0.95,0.8,1.0,80,5.427383573398279,100.0
cel_randN,4,0.95,0.8,1.0,30,13.626135654607594,97.82496557692623
cel_randN,4,0.95,0.8,1.0,50,13.774762048730224,98.89198650328495
cel_randN,4,0.95,0.8,1.0,80,13.92909833828918,100.0
er_randN,4,0.95,0.8,1.0,30,14.188867003129417,97.25446360233202
er_randN,4,0.95,0.8,1.0,50,14.36275199532248,98.44631998103388
er_randN,4,0.95,0.8,1.0,80,14.58942497605754,100.0
ws_p01_randN,4,0.95,0.8,1.0,30,14.589497341654578,97.21015743917384
ws_p01_randN,4,0.95,0.8,1.0,50,14.737500810809934,98.19630796932668
ws_p01_randN,4,0.95,0.8,1.0,80,15.008202564411533,100.0
local_sign,4,0.95,0.8,1.0,30,5.943733136688593,95.76621294430825
local_sign,4,0.95,0.8,1.0,50,6.0544802877156485,97.55058566164415
local_sign,4,0.95,0.8,1.0,80,6.206503268689453,100.0
local_sign+flat,4,0.95,0.8,1.0,30,4.885798367309462,92.32286902580546
local_sign+flat,4,0.95,0.8,1.0,50,5.053413880737253,95.49016000457927
local_sign+flat,4,0.95,0.8,1.0,80,5.292078137155613,100.0
local_sign+binary,4,0.95,0.8,1.0,30,7.150864291235678,95.0791181962116
local_sign+binary,4,0.95,0.8,1.0,50,7.304738367864388,97.12505431291923
local_sign+binary,4,0.95,0.8,1.0,80,7.520961938749451,100.0
global_sign_pres,4,0.95,0.8,1.0,30,6.317058795541357,95.57659817345126
global_sign_pres,4,0.95,0.8,1.0,50,6.420184149411568,97.1368765921522
global_sign_pres,4,0.95,0.8,1.0,80,6.609420000570887,100.0
global_sign_pres_real_weight,4,0.95,0.8,1.0,30,6.6815663375751555,96.54593099806577
global_sign_pres_real_weight,4,0.95,0.8,1.0,50,6.771879337784501,97.85091732101893
global_sign_pres_real_weight,4,0.95,0.8,1.0,80,6.920608945921311,100.0
binary_base,4,0.95,0.8,1.0,30,6.224718213448853,95.11297935264938
binary_base,4,0.95,0.8,1.0,50,6.358805151700679,97.1618123683916
binary_base,4,0.95,0.8,1.0,80,6.544551811766437,99.99999999999999
real,5,0.95,0.8,1.0,30,7.965309629261753,96.24835186973235
real,5,0.95,0.8,1.0,50,8.091068456564276,97.76795128573897
real,5,0.95,0.8,1.0,80,8.275788077953198,100.0
cel_randN,5,0.95,0.8,1.0,30,14.561361068185693,98.11960517845358
cel_randN,5,0.95,0.8,1.0,50,14.6616040903067,98.7950781446379
cel_randN,5,0.95,0.8,1.0,80,14.840419548878568,100.0
er_randN,5,0.95,0.8,1.0,30,14.53232962953949,98.16864272049925
er_randN,5,0.95,0.8,1.0,50,14.630232203059094,98.82999317195939
er_randN,5,0.95,0.8,1.0,80,14.803433384441504,100.0
ws_p01_randN,5,0.95,0.8,1.0,30,14.306585463151006,98.05374378241291
ws_p01_randN,5,0.95,0.8,1.0,50,14.418155676457669,98.81841800446948
ws_p01_randN,5,0.95,0.8,1.0,80,14.590555047952241,100.0
local_sign,5,0.95,0.8,1.0,30,6.934106967153381,95.42657254586298
local_sign,5,0.95,0.8,1.0,50,7.090172600237274,97.57433411457585
local_sign,5,0.95,0.8,1.0,80,7.266431961412822,100.0
local_sign+flat,5,0.95,0.8,1.0,30,3.973067332173308,93.69663107996651
local_sign+flat,5,0.95,0.8,1.0,50,4.089870899186529,96.45120325613837
local_sign+flat,5,0.95,0.8,1.0,80,4.240352386610834,100.0
local_sign+binary,5,0.95,0.8,1.0,30,4.874551209310766,92.68056400997081
local_sign+binary,5,0.95,0.8,1.0,50,4.980953317817551,94.70360305599065
local_sign+binary,5,0.95,0.8,1.0,80,5.259518283451911,100.0
global_sign_pres,5,0.95,0.8,1.0,30,4.732510462064226,93.40669476573802
global_sign_pres,5,0.95,0.8,1.0,50,4.866146928515027,96.04430977608014
global_sign_pres,5,0.95,0.8,1.0,80,5.066564526165132,100.0
global_sign_pres_real_weight,5,0.95,0.8,1.0,30,7.595788932645405,95.39290120590248
global_sign_pres_real_weight,5,0.95,0.8,1.0,50,7.767567855163556,97.55021362339264
global_sign_pres_real_weight,5,0.95,0.8,1.0,80,7.962635412723365,100.0
binary_base,5,0.95,0.8,1.0,30,6.0452969764292845,95.63088203677253
binary_base,5,0.95,0.8,1.0,50,6.141685447136813,97.15565650325063
binary_base,5,0.95,0.8,1.0,80,6.321490346711131,100.0
real,6,0.95,0.8,1.0,30,6.926765587328305,95.48928255488174
real,6,0.95,0.8,1.0,50,7.05193286862702,97.21478253605974
real,6,0.95,0.8,1.0,80,7.2539717568274735,100.0
cel_randN,6,0.95,0.8,1.0,30,11.030314312647349,96.91403194308424
cel_randN,6,0.95,0.8,1.0,50,11.165151583339021,98.09873286715016
cel_randN,6,0.95,0.8,1.0,80,11.381545160689674,100.00000000000001
er_randN,6,0.95,0.8,1.0,30,13.662973382823111,97.7907695498503
er_randN,6,0.95,0.8,1.0,50,13.748794870473148,98.40502452100914
er_randN,6,0.95,0.8,1.0,80,13.971639087938875,100.0
ws_p01_randN,6,0.95,0.8,1.0,30,14.656154289755108,98.19563669194001
ws_p01_randN,6,0.95,0.8,1.0,50,14.760132244995617,98.89228475628965
ws_p01_randN,6,0.95,0.8,1.0,80,14.925463883629057,100.0
local_sign,6,0.95,0.8,1.0,30,6.447747533708401,94.52522770066541
local_sign,6,0.95,0.8,1.0,50,6.594896368734488,96.68245812322952
local_sign,6,0.95,0.8,1.0,80,6.821192279088275,100.0
local_sign+flat,6,0.95,0.8,1.0,30,5.659291631394906,94.22766792937672
local_sign+flat,6,0.95,0.8,1.0,50,5.7877248056757775,96.36609077193147
local_sign+flat,6,0.95,0.8,1.0,80,6.005976541451204,100.00000000000001
local_sign+binary,6,0.95,0.8,1.0,30,6.480708059816607,94.28442848050767
local_sign+binary,6,0.95,0.8,1.0,50,6.660106078257172,96.89439632400331
local_sign+binary,6,0.95,0.8,1.0,80,6.873571982415342,100.0
global_sign_pres,6,0.95,0.8,1.0,30,6.98071211602138,95.22878892690447
global_sign_pres,6,0.95,0.8,1.0,50,7.1209155297190705,97.14140200533328
global_sign_pres,6,0.95,0.8,1.0,80,7.330464027406272,100.0
global_sign_pres_real_weight,6,0.95,0.8,1.0,30,7.430617667640945,96.35962354845677
global_sign_pres_real_weight,6,0.95,0.8,1.0,50,7.5499238852119035,97.90677652097374
global_sign_pres_real_weight,6,0.95,0.8,1.0,80,7.711339453193567,100.0
binary_base,6,0.95,0.8,1.0,30,7.418669468088865,95.43407464299217
binary_base,6,0.95,0.8,1.0,50,7.515745293957252,96.6828621313422
binary_base,6,0.95,0.8,1.0,80,7.773606540264836,100.0
real,7,0.95,0.8,1.0,30,5.405681181388175,93.78585413862291
real,7,0.95,0.8,1.0,50,5.539132472309826,96.10116702612378
real,7,0.95,0.8,1.0,80,5.76385557399536,100.0
cel_randN,7,0.95,0.8,1.0,30,14.271901809213439,97.90421375796559
cel_randN,7,0.95,0.8,1.0,50,14.38453037902719,98.67683759757054
cel_randN,7,0.95,0.8,1.0,80,14.577413230135114,100.0
er_randN,7,0.95,0.8,1.0,30,14.357797254458092,97.86932947259186
er_randN,7,0.95,0.8,1.0,50,14.480001249941338,98.70232793919881
er_randN,7,0.95,0.8,1.0,80,14.670374602371183,100.0
ws_p01_randN,7,0.95,0.8,1.0,30,14.740836491683623,97.91241606609384
ws_p01_randN,7,0.95,0.8,1.0,50,14.865762632681594,98.74220753022314
ws_p01_randN,7,0.95,0.8,1.0,80,15.055124859479633,100.0
local_sign,7,0.95,0.8,1.0,30,8.574525528202344,96.79972286204284
local_sign,7,0.95,0.8,1.0,50,8.686779231384207,98.06697984582611
local_sign,7,0.95,0.8,1.0,80,8.858006277995855,100.0
local_sign+flat,7,0.95,0.8,1.0,30,6.445039898549453,95.32433130377565
local_sign+flat,7,0.95,0.8,1.0,50,6.543169440188649,96.7757005869988
local_sign+flat,7,0.95,0.8,1.0,80,6.761169798307492,100.0
local_sign+binary,7,0.95,0.8,1.0,30,7.362234237358166,94.67584204188886
local_sign+binary,7,0.95,0.8,1.0,50,7.530507783587268,96.83978292844394
local_sign+binary,7,0.95,0.8,1.0,80,7.776254299487277,100.0
global_sign_pres,7,0.95,0.8,1.0,30,6.714640488920963,94.42569318100689
global_sign_pres,7,0.95,0.8,1.0,50,6.861606276161069,96.49242279325296
global_sign_pres,7,0.95,0.8,1.0,80,7.111031185177012,100.0
global_sign_pres_real_weight,7,0.95,0.8,1.0,30,5.025303135644663,94.24664044582813
global_sign_pres_real_weight,7,0.95,0.8,1.0,50,5.12867169123704,96.18525764549875
global_sign_pres_real_weight,7,0.95,0.8,1.0,80,5.332076678672857,100.0
binary_base,7,0.95,0.8,1.0,30,7.284902514815826,95.95914502360392
binary_base,7,0.95,0.8,1.0,50,7.401771387473001,97.49858046247863
binary_base,7,0.95,0.8,1.0,80,7.591670927272116,100.0
real,8,0.95,0.8,1.0,30,5.741094389153268,93.37375285917264
real,8,0.95,0.8,1.0,50,5.934508992049764,96.51946796260887
real,8,0.95,0.8,1.0,80,6.148509847100236,100.0
cel_randN,8,0.95,0.8,1.0,30,13.337529009220711,97.50230666102456
cel_randN,8,0.95,0.8,1.0,50,13.458261705624276,98.3849076571022
cel_randN,8,0.95,0.8,1.0,80,13.679193309333508,100.0
er_randN,8,0.95,0.8,1.0,30,14.178660432081415,97.46909055738777
er_randN,8,0.95,0.8,1.0,50,14.308174008080986,98.35941235668487
er_randN,8,0.95,0.8,1.0,80,14.546827461915544,100.0
ws_p01_randN,8,0.95,0.8,1.0,30,14.092317462237162,97.79952894484843
ws_p01_randN,8,0.95,0.8,1.0,50,14.198300349137213,98.53504149931757
ws_p01_randN,8,0.95,0.8,1.0,80,14.409391961574954,100.0
local_sign,8,0.95,0.8,1.0,30,6.337117130099369,93.85137252541641
local_sign,8,0.95,0.8,1.0,50,6.502059620412393,96.29413613319507
local_sign,8,0.95,0.8,1.0,80,6.7522903070844045,100.0
local_sign+flat,8,0.95,0.8,1.0,30,4.389710066789348,92.32450240819227
local_sign+flat,8,0.95,0.8,1.0,50,4.535999022027141,95.40125572325162
local_sign+flat,8,0.95,0.8,1.0,80,4.754653371844043,100.0
local_sign+binary,8,0.95,0.8,1.0,30,6.101105523173459,95.46707025913463
local_sign+binary,8,0.95,0.8,1.0,50,6.201165167543024,97.03275389841133
local_sign+binary,8,0.95,0.8,1.0,80,6.390795806986318,100.0
global_sign_pres,8,0.95,0.8,1.0,30,5.643084607243793,94.87491535475061
global_sign_pres,8,0.95,0.8,1.0,50,5.77260884532285,97.0525543553009
global_sign_pres,8,0.95,0.8,1.0,80,5.947920571147293,99.99999999999999
global_sign_pres_real_weight,8,0.95,0.8,1.0,30,5.370341351749978,93.5744312580722
global_sign_pres_real_weight,8,0.95,0.8,1.0,50,5.51934697746065,96.17074977245971
global_sign_pres_real_weight,8,0.95,0.8,1.0,80,5.739111934262176,100.0
binary_base,8,0.95,0.8,1.0,30,6.119934993590874,94.67466013423886
binary_base,8,0.95,0.8,1.0,50,6.242386659781516,96.56897271952143
binary_base,8,0.95,0.8,1.0,80,6.464174241463809,100.0
real,9,0.95,0.8,1.0,30,6.670940727710729,95.1041795631612
real,9,0.95,0.8,1.0,50,6.776999055617907,96.61619873304434
real,9,0.95,0.8,1.0,80,7.014350744995788,100.0
cel_randN,9,0.95,0.8,1.0,30,12.10792784683872,96.70232115241089
cel_randN,9,0.95,0.8,1.0,50,12.266617270351844,97.96972510378674
cel_randN,9,0.95,0.8,1.0,80,12.520824425460916,99.99999999999999
er_randN,9,0.95,0.8,1.0,30,14.162504778142377,98.09895473214169
er_randN,9,0.95,0.8,1.0,50,14.259282437111906,98.76930135055814
er_randN,9,0.95,0.8,1.0,80,14.436957882795966,100.0
ws_p01_randN,9,0.95,0.8,1.0,30,14.537137733212084,97.2830699991005
ws_p01_randN,9,0.95,0.8,1.0,50,14.737678239618695,98.62509457645852
ws_p01_randN,9,0.95,0.8,1.0,80,14.943132174330536,100.0
local_sign,9,0.95,0.8,1.0,30,7.6782864399991695,96.2003535477397
local_sign,9,0.95,0.8,1.0,50,7.799980300270249,97.72504170233638
local_sign,9,0.95,0.8,1.0,80,7.981557402685426,100.0
local_sign+flat,9,0.95,0.8,1.0,30,7.555747291369904,94.75986178701616
local_sign+flat,9,0.95,0.8,1.0,50,7.695258717975881,96.50953432013434
local_sign+flat,9,0.95,0.8,1.0,80,7.973573566783293,100.0
local_sign+binary,9,0.95,0.8,1.0,30,5.647278605399222,94.60521148371325
local_sign+binary,9,0.95,0.8,1.0,50,5.750058029191294,96.32700879591364
local_sign+binary,9,0.95,0.8,1.0,80,5.969310270366478,99.99999999999999
global_sign_pres,9,0.95,0.8,1.0,30,7.346778163379781,94.8179926258958
global_sign_pres,9,0.95,0.8,1.0,50,7.472051133592743,96.43477365585578
global_sign_pres,9,0.95,0.8,1.0,80,7.748295402504965,100.0
global_sign_pres_real_weight,9,0.95,0.8,1.0,30,4.976084241373272,92.64065678003718
global_sign_pres_real_weight,9,0.95,0.8,1.0,50,5.1161408312773915,95.24811554595011
global_sign_pres_real_weight,9,0.95,0.8,1.0,80,5.371382732301129,100.0
binary_base,9,0.95,0.8,1.0,30,7.9074190972371525,95.43276624265822
binary_base,9,0.95,0.8,1.0,50,8.012089214219145,96.69600506732408
binary_base,9,0.95,0.8,1.0,80,8.285853390365787,100.0
real,10,0.95,0.8,1.0,30,4.932076620867662,93.51046639664703
real,10,0.95,0.8,1.0,50,5.07932191786648,96.30218628575331
real,10,0.95,0.8,1.0,80,5.274357845620273,100.0
cel_randN,10,0.95,0.8,1.0,30,13.930959598676509,97.67788717725095
cel_randN,10,0.95,0.8,1.0,50,14.05770613131449,98.56657926105376
cel_randN,10,0.95,0.8,1.0,80,14.262142641759567,100.0
er_randN,10,0.95,0.8,1.0,30,14.48953658677118,97.69002839089607
er_randN,10,0.95,0.8,1.0,50,14.616815637330703,98.54815756488762
er_randN,10,0.95,0.8,1.0,80,14.832155159985078,100.0
ws_p01_randN,10,0.95,0.8,1.0,30,14.372426398495595,97.75003465243726
ws_p01_randN,10,0.95,0.8,1.0,50,14.482337995100938,98.49756760748525
ws_p01_randN,10,0.95,0.8,1.0,80,14.703244300217992,100.0
local_sign,10,0.95,0.8,1.0,30,5.4481810381037405,94.14206854874256
local_sign,10,0.95,0.8,1.0,50,5.581766264118897,96.45035996135599
local_sign,10,0.95,0.8,1.0,80,5.787190702404118,100.00000000000001
local_sign+flat,10,0.95,0.8,1.0,30,5.90335184917819,94.36865001237668
local_sign+flat,10,0.95,0.8,1.0,50,6.064099306842987,96.93829535290645
local_sign+flat,10,0.95,0.8,1.0,80,6.255628165078075,100.0
local_sign+binary,10,0.95,0.8,1.0,30,7.144885015007532,95.9451041358475
local_sign+binary,10,0.95,0.8,1.0,50,7.27576224704174,97.70258933402188
local_sign+binary,10,0.95,0.8,1.0,80,7.446846902048463,100.0
global_sign_pres,10,0.95,0.8,1.0,30,5.667590577590377,94.11768090237312
global_sign_pres,10,0.95,0.8,1.0,50,5.81307154169622,96.53358070487874
global_sign_pres,10,0.95,0.8,1.0,80,6.021812823319865,100.0
global_sign_pres_real_weight,10,0.95,0.8,1.0,30,6.220279523483441,95.72556687819461
global_sign_pres_real_weight,10,0.95,0.8,1.0,50,6.350537903119175,97.7301483739604
global_sign_pres_real_weight,10,0.95,0.8,1.0,80,6.498033625017229,100.0
binary_base,10,0.95,0.8,1.0,30,6.625287913285774,95.28114739103
binary_base,10,0.95,0.8,1.0,50,6.769833526120532,97.35992072458087
binary_base,10,0.95,0.8,1.0,80,6.953409037042615,100.0
real,11,0.95,0.8,1.0,30,6.048352980396885,94.41011876664231
real,11,0.95,0.8,1.0,50,6.203214493695162,96.827387386754
real,11,0.95,0.8,1.0,80,6.4064668696656,100.0
cel_randN,11,0.95,0.8,1.0,30,10.138464323757034,97.52851607058975
cel_randN,11,0.95,0.8,1.0,50,10.21865846619312,98.29995595138291
cel_randN,11,0.95,0.8,1.0,80,10.39538458312947,100.00000000000001
er_randN,11,0.95,0.8,1.0,30,14.147272067039617,97.85103470549876
er_randN,11,0.95,0.8,1.0,50,14.28766683490293,98.82208928319857
er_randN,11,0.95,0.8,1.0,80,14.45796879881599,100.0
ws_p01_randN,11,0.95,0.8,1.0,30,14.138585840392466,97.57030882581091
ws_p01_randN,11,0.95,0.8,1.0,50,14.276172488016186,98.51979357983791
ws_p01_randN,11,0.95,0.8,1.0,80,14.490664230276877,100.0
local_sign,11,0.95,0.8,1.0,30,6.341887904486612,95.14348369524359
local_sign,11,0.95,0.8,1.0,50,6.428027206193832,96.43577920265906
local_sign,11,0.95,0.8,1.0,80,6.665604052086707,100.0
local_sign+flat,11,0.95,0.8,1.0,30,6.97687753251779,95.06534863405636
local_sign+flat,11,0.95,0.8,1.0,50,7.1071122957236526,96.83989793791538
local_sign+flat,11,0.95,0.8,1.0,80,7.339033236363036,100.0
local_sign+binary,11,0.95,0.8,1.0,30,7.3809403236246,95.38099428898559
local_sign+binary,11,0.95,0.8,1.0,50,7.528267470802064,97.28484517619145
local_sign+binary,11,0.95,0.8,1.0,80,7.7383763700992745,100.0
global_sign_pres,11,0.95,0.8,1.0,30,6.467854963698869,94.47653369815593
global_sign_pres,11,0.95,0.8,1.0,50,6.621767270475971,96.72474447582493
global_sign_pres,11,0.95,0.8,1.0,80,6.845990967834496,100.0
global_sign_pres_real_weight,11,0.95,0.8,1.0,30,7.085139384515405,95.07017765085064
global_sign_pres_real_weight,11,0.95,0.8,1.0,50,7.2556919729792115,97.35869506795372
global_sign_pres_real_weight,11,0.95,0.8,1.0,80,7.452536178627843,100.0
binary_base,11,0.95,0.8,1.0,30,4.260241444726944,92.28713476028581
binary_base,11,0.95,0.8,1.0,50,4.3986187442556,95.28472178793467
binary_base,11,0.95,0.8,1.0,80,4.6162896440471854,100.0
real,12,0.95,0.8,1.0,30,7.97932666397438,95.31694840117133
real,12,0.95,0.8,1.0,50,8.116294048512689,96.95309060645594
real,12,0.95,0.8,1.0,80,8.371361859373504,100.0
cel_randN,12,0.95,0.8,1.0,30,10.405370395075863,96.58317696886118
cel_randN,12,0.95,0.8,1.0,50,10.551704895029047,97.94146123640792
cel_randN,12,0.95,0.8,1.0,80,10.773481181335129,100.0
er_randN,12,0.95,0.8,1.0,30,15.089377015165129,97.35024734193755
er_randN,12,0.95,0.8,1.0,50,15.259923058042114,98.45053792653738
er_randN,12,0.95,0.8,1.0,80,15.500091090846945,100.0
ws_p01_randN,12,0.95,0.8,1.0,30,14.742221727385044,97.74181950903075
ws_p01_randN,12,0.95,0.8,1.0,50,14.859106161143535,98.51677035694911
ws_p01_randN,12,0.95,0.8,1.0,80,15.082819003612832,100.0
local_sign,12,0.95,0.8,1.0,30,5.128472023429431,93.102722533014
local_sign,12,0.95,0.8,1.0,50,5.253848322464326,95.37881465712708
local_sign,12,0.95,0.8,1.0,80,5.508401778058517,99.99999999999999
local_sign+flat,12,0.95,0.8,1.0,30,4.794788144574909,92.82338195905949
local_sign+flat,12,0.95,0.8,1.0,50,4.966111185592922,96.14006323783423
local_sign+flat,12,0.95,0.8,1.0,80,5.165496067240568,99.99999999999999
local_sign+binary,12,0.95,0.8,1.0,30,6.501017253583251,95.00463535490826
local_sign+binary,12,0.95,0.8,1.0,50,6.658532104977164,97.30652757207058
local_sign+binary,12,0.95,0.8,1.0,80,6.842842172171325,100.0
global_sign_pres,12,0.95,0.8,1.0,30,5.7068269998860615,93.64678403246565
global_sign_pres,12,0.95,0.8,1.0,50,5.889959199760824,96.65191132498819
global_sign_pres,12,0.95,0.8,1.0,80,6.093991436916411,100.0
global_sign_pres_real_weight,12,0.95,0.8,1.0,30,7.557528496088282,94.7423568697135
global_sign_pres_real_weight,12,0.95,0.8,1.0,50,7.72839013308456,96.88430502062336
global_sign_pres_real_weight,12,0.95,0.8,1.0,80,7.9769268422160335,100.0
binary_base,12,0.95,0.8,1.0,30,7.588191625854961,95.55351410803361
binary_base,12,0.95,0.8,1.0,50,7.733655343464193,97.38525084823681
binary_base,12,0.95,0.8,1.0,80,7.941300429072328,100.0
real,13,0.95,0.8,1.0,30,7.6616439777606615,96.42745658870636
real,13,0.95,0.8,1.0,50,7.754351012200672,97.59424319023476
real,13,0.95,0.8,1.0,80,7.945500429862005,100.0
cel_randN,13,0.95,0.8,1.0,30,11.478665860023284,97.23329887735602
cel_randN,13,0.95,0.8,1.0,50,11.621776257522924,98.44555613984868
cel_randN,13,0.95,0.8,1.0,80,11.805282750410178,100.0
er_randN,13,0.95,0.8,1.0,30,13.970592980104414,97.45367965600167
er_randN,13,0.95,0.8,1.0,50,14.137024409420917,98.61464363372252
er_randN,13,0.95,0.8,1.0,80,14.335623887593286,100.0
ws_p01_randN,13,0.95,0.8,1.0,30,14.267593221773808,98.03026641432167
ws_p01_randN,13,0.95,0.8,1.0,50,14.379754262552368,98.80090632099142
ws_p01_randN,13,0.95,0.8,1.0,80,14.55427363776846,100.0
local_sign,13,0.95,0.8,1.0,30,6.531806608888246,94.76285284791447
local_sign,13,0.95,0.8,1.0,50,6.680060441311227,96.91370588862162
local_sign,13,0.95,0.8,1.0,80,6.8927922836717315,100.0
local_sign+flat,13,0.95,0.8,1.0,30,8.681562436857064,96.6467664109101
local_sign+flat,13,0.95,0.8,1.0,50,8.78809431660256,97.83272363600213
local_sign+flat,13,0.95,0.8,1.0,80,8.982775895414782,100.0
local_sign+binary,13,0.95,0.8,1.0,30,6.410142763740424,94.86814137650963
local_sign+binary,13,0.95,0.8,1.0,50,6.553351130244465,96.9875811550828
local_sign+binary,13,0.95,0.8,1.0,80,6.75689717404714,100.0
global_sign_pres,13,0.95,0.8,1.0,30,7.9567355120227035,95.91661598628049
global_sign_pres,13,0.95,0.8,1.0,50,8.087395262421012,97.491689216361
global_sign_pres,13,0.95,0.8,1.0,80,8.295471467801576,100.0
global_sign_pres_real_weight,13,0.95,0.8,1.0,30,7.8123571603969495,96.09933070940694
global_sign_pres_real_weight,13,0.95,0.8,1.0,50,7.92139543351475,97.44060388127993
global_sign_pres_real_weight,13,0.95,0.8,1.0,80,8.129460530813265,100.0
binary_base,13,0.95,0.8,1.0,30,5.808846936279721,95.55754124683205
binary_base,13,0.95,0.8,1.0,50,5.901306880483773,97.07853930873262
binary_base,13,0.95,0.8,1.0,80,6.078899541036797,100.0
real,14,0.95,0.8,1.0,30,8.019698675893352,95.48128193545577
real,14,0.95,0.8,1.0,50,8.152507620946665,97.0624845265585
real,14,0.95,0.8,1.0,80,8.399236492566757,100.0
cel_randN,14,0.95,0.8,1.0,30,14.78506559647478,97.63937873099991
cel_randN,14,0.95,0.8,1.0,50,14.936639778493301,98.64036238354973
cel_randN,14,0.95,0.8,1.0,80,15.14252322027589,100.0
er_randN,14,0.95,0.8,1.0,30,15.79840609772286,97.92466005819082
er_randN,14,0.95,0.8,1.0,50,15.865447338929968,98.34020772258663
er_randN,14,0.95,0.8,1.0,80,16.133225367680424,100.0
ws_p01_randN,14,0.95,0.8,1.0,30,15.658494342755148,97.92672243227751
ws_p01_randN,14,0.95,0.8,1.0,50,15.787637471245631,98.73437117684374
ws_p01_randN,14,0.95,0.8,1.0,80,15.99001166773858,100.0
local_sign,14,0.95,0.8,1.0,30,7.923838605103185,95.40001183505306
local_sign,14,0.95,0.8,1.0,50,8.073957884195181,97.20739102533878
local_sign,14,0.95,0.8,1.0,80,8.305909457122006,100.0
local_sign+flat,14,0.95,0.8,1.0,30,5.825492493292813,93.39455424201236
local_sign+flat,14,0.95,0.8,1.0,50,5.964216054632871,95.61857653525813
local_sign+flat,14,0.95,0.8,1.0,80,6.237507679727528,99.99999999999999
local_sign+binary,14,0.95,0.8,1.0,30,6.809419507060966,94.65936832079723
local_sign+binary,14,0.95,0.8,1.0,50,6.95943404701984,96.74475630089115
local_sign+binary,14,0.95,0.8,1.0,80,7.193603367375204,100.0
global_sign_pres,14,0.95,0.8,1.0,30,6.544891317790643,95.33637194156161
global_sign_pres,14,0.95,0.8,1.0,50,6.673642549585338,97.21183094100253
global_sign_pres,14,0.95,0.8,1.0,80,6.86505179975012,100.0
global_sign_pres_real_weight,14,0.95,0.8,1.0,30,7.013407498391812,95.14387838654636
global_sign_pres_real_weight,14,0.95,0.8,1.0,50,7.1288486520678,96.70995294996925
global_sign_pres_real_weight,14,0.95,0.8,1.0,80,7.3713701998756544,100.0
binary_base,14,0.95,0.8,1.0,30,7.699237012092453,95.19361533050652
binary_base,14,0.95,0.8,1.0,50,7.87170765854853,97.3260479791907
binary_base,14,0.95,0.8,1.0,80,8.087976263283167,100.0
real,15,0.95,0.8,1.0,30,5.658173152131577,94.26375645664488
real,15,0.95,0.8,1.0,50,5.777916072801893,96.25864371229942
real,15,0.95,0.8,1.0,80,6.002490633538421,100.0
cel_randN,15,0.95,0.8,1.0,30,13.8189185216645,97.73118898387308
cel_randN,15,0.95,0.8,1.0,50,13.960359798213545,98.73150055723272
cel_randN,15,0.95,0.8,1.0,80,14.13972209418715,100.0
er_randN,15,0.95,0.8,1.0,30,14.650781582476213,97.09228327276392
er_randN,15,0.95,0.8,1.0,50,14.805238628323337,98.11588649587118
er_randN,15,0.95,0.8,1.0,80,15.08954274081431,100.0
ws_p01_randN,15,0.95,0.8,1.0,30,14.431970286554929,96.96037097387267
ws_p01_randN,15,0.95,0.8,1.0,50,14.563359408797055,97.8431013136376
ws_p01_randN,15,0.95,0.8,1.0,80,14.88440085531833,100.0
local_sign,15,0.95,0.8,1.0,30,6.5597173940331,94.89614805576066
local_sign,15,0.95,0.8,1.0,50,6.693381239067719,96.82979599608889
local_sign,15,0.95,0.8,1.0,80,6.9125222977213285,100.0
local_sign+flat,15,0.95,0.8,1.0,30,6.166906559558356,94.33863676580259
local_sign+flat,15,0.95,0.8,1.0,50,6.273458749579504,95.96862552174147
local_sign+flat,15,0.95,0.8,1.0,80,6.536989266516343,100.0
local_sign+binary,15,0.95,0.8,1.0,30,7.032287434516036,95.68756044217552
local_sign+binary,15,0.95,0.8,1.0,50,7.162829269050349,97.46382880414902
local_sign+binary,15,0.95,0.8,1.0,80,7.349218019583311,99.99999999999999
global_sign_pres,15,0.95,0.8,1.0,30,6.260554911345174,95.29473951530133
global_sign_pres,15,0.95,0.8,1.0,50,6.385081893437167,97.1902210643216
global_sign_pres,15,0.95,0.8,1.0,80,6.569675244602486,100.0
global_sign_pres_real_weight,15,0.95,0.8,1.0,30,6.598389103837164,95.47753628700173
global_sign_pres_real_weight,15,0.95,0.8,1.0,50,6.718402776225718,97.21411313630436
global_sign_pres_real_weight,15,0.95,0.8,1.0,80,6.910933566616828,100.0
binary_base,15,0.95,0.8,1.0,30,7.137835037492652,95.64286615088457
binary_base,15,0.95,0.8,1.0,50,7.237945833794457,96.98429298978718
binary_base,15,0.95,0.8,1.0,80,7.463008298216538,100.0
real,16,0.95,0.8,1.0,30,7.040215380466847,95.20829642065202
real,16,0.95,0.8,1.0,50,7.164548469416118,96.88971395518097
real,16,0.95,0.8,1.0,80,7.394539809179619,99.99999999999999
cel_randN,16,0.95,0.8,1.0,30,12.927440457258513,97.81229384896629
cel_randN,16,0.95,0.8,1.0,50,13.00898614277844,98.4292891915913
cel_randN,16,0.95,0.8,1.0,80,13.216580399617255,100.0
er_randN,16,0.95,0.8,1.0,30,13.561015791226879,97.91138813491156
er_randN,16,0.95,0.8,1.0,50,13.665222613520754,98.66376795519922
er_randN,16,0.95,0.8,1.0,80,13.850294689460668,100.0
ws_p01_randN,16,0.95,0.8,1.0,30,13.671857143969646,97.28612593487159
ws_p01_randN,16,0.95,0.8,1.0,50,13.81918579635569,98.33448634991333
ws_p01_randN,16,0.95,0.8,1.0,80,14.053244501813445,100.0
local_sign,16,0.95,0.8,1.0,30,7.500547784139144,96.24524324316499
local_sign,16,0.95,0.8,1.0,50,7.600867982698446,97.5325281442705
local_sign,16,0.95,0.8,1.0,80,7.793162063281301,100.0
local_sign+flat,16,0.95,0.8,1.0,30,5.461202998869339,93.46088457824078
local_sign+flat,16,0.95,0.8,1.0,50,5.5947933109606005,95.74709674462929
local_sign+flat,16,0.95,0.8,1.0,80,5.8433033493252395,100.00000000000001
local_sign+binary,16,0.95,0.8,1.0,30,6.812955673204385,95.19204260610117
local_sign+binary,16,0.95,0.8,1.0,50,6.939821940387731,96.96464464408184
local_sign+binary,16,0.95,0.8,1.0,80,7.15706427415995,100.0
global_sign_pres,16,0.95,0.8,1.0,30,6.0370789568621746,94.13345253419632
global_sign_pres,16,0.95,0.8,1.0,50,6.200014912893019,96.6740394956621
global_sign_pres,16,0.95,0.8,1.0,80,6.413319382574494,100.0
global_sign_pres_real_weight,16,0.95,0.8,1.0,30,6.091047100840541,94.85188009081097
global_sign_pres_real_weight,16,0.95,0.8,1.0,50,6.2055077238398155,96.63430027376252
global_sign_pres_real_weight,16,0.95,0.8,1.0,80,6.4216408731265915,100.0
binary_base,16,0.95,0.8,1.0,30,6.333488297635608,94.77980897095895
binary_base,16,0.95,0.8,1.0,50,6.437241226519976,96.33245773538614
binary_base,16,0.95,0.8,1.0,80,6.682318065840608,100.0
real,17,0.95,0.8,1.0,30,6.750644539872269,94.96455880279476
real,17,0.95,0.8,1.0,50,6.8800230081010625,96.7845878505931
real,17,0.95,0.8,1.0,80,7.108593590047407,100.0
cel_randN,17,0.95,0.8,1.0,30,14.31511588683361,97.584172668402
cel_randN,17,0.95,0.8,1.0,50,14.45601711983727,98.5446769604606
cel_randN,17,0.95,0.8,1.0,80,14.669505817790142,100.0
er_randN,17,0.95,0.8,1.0,30,15.370112507391127,98.0052061017875
er_randN,17,0.95,0.8,1.0,50,15.523721646094941,98.98467162557894
er_randN,17,0.95,0.8,1.0,80,15.68295513957477,100.0
ws_p01_randN,17,0.95,0.8,1.0,30,15.589985663135277,97.87793664723642
ws_p01_randN,17,0.95,0.8,1.0,50,15.751062353765402,98.88921750800864
ws_p01_randN,17,0.95,0.8,1.0,80,15.92798765192958,100.0
local_sign,17,0.95,0.8,1.0,30,7.325241260202077,95.7222106044274
local_sign,17,0.95,0.8,1.0,50,7.47803477074406,97.71883188631621
local_sign,17,0.95,0.8,1.0,80,7.652603522158174,100.00000000000001
local_sign+flat,17,0.95,0.8,1.0,30,6.49053459698041,94.55443168231253
local_sign+flat,17,0.95,0.8,1.0,50,6.605252945204143,96.22565430007272
local_sign+flat,17,0.95,0.8,1.0,80,6.864336743927083,100.0
local_sign+binary,17,0.95,0.8,1.0,30,6.154422784790825,95.45212183028119
local_sign+binary,17,0.95,0.8,1.0,50,6.248181517056636,96.90627443692458
local_sign+binary,17,0.95,0.8,1.0,80,6.447654244641839,100.00000000000001
global_sign_pres,17,0.95,0.8,1.0,30,8.39511784049408,96.09428361634684
global_sign_pres,17,0.95,0.8,1.0,50,8.554962740347023,97.92394002295556
global_sign_pres,17,0.95,0.8,1.0,80,8.736334279790569,100.0
global_sign_pres_real_weight,17,0.95,0.8,1.0,30,8.695603496086356,96.56755184635078
global_sign_pres_real_weight,17,0.95,0.8,1.0,50,8.828009392863525,98.03796310734565
global_sign_pres_real_weight,17,0.95,0.8,1.0,80,9.004684627318692,100.0
binary_base,17,0.95,0.8,1.0,30,7.744758532197011,95.81906811493378
binary_base,17,0.95,0.8,1.0,50,7.858748404815174,97.22936429439568
binary_base,17,0.95,0.8,1.0,80,8.082690308475208,100.0
real,18,0.95,0.8,1.0,30,4.580104193954178,93.05256497009783
real,18,0.95,0.8,1.0,50,4.707397289983923,95.63873956066466
real,18,0.95,0.8,1.0,80,4.9220611978036075,100.0
cel_randN,18,0.95,0.8,1.0,30,14.287675469152873,97.93802280992381
cel_randN,18,0.95,0.8,1.0,50,14.37556256036305,98.54046426110484
cel_randN,18,0.95,0.8,1.0,80,14.58848673806915,100.0
er_randN,18,0.95,0.8,1.0,30,14.398203942204955,98.07364632263594
er_randN,18,0.95,0.8,1.0,50,14.512112899109379,98.84953939911045
er_randN,18,0.95,0.8,1.0,80,14.681012159819911,100.0
ws_p01_randN,18,0.95,0.8,1.0,30,15.47105752367861,97.85641251752932
ws_p01_randN,18,0.95,0.8,1.0,50,15.634783480387796,98.89200008063158
ws_p01_randN,18,0.95,0.8,1.0,80,15.809957800064694,100.0
local_sign,18,0.95,0.8,1.0,30,7.7650782378322845,95.63099904491848
local_sign,18,0.95,0.8,1.0,50,7.9059828585513685,97.36631313148627
local_sign,18,0.95,0.8,1.0,80,8.119833856577173,100.0
local_sign+flat,18,0.95,0.8,1.0,30,7.346048635614352,96.25160519608723
local_sign+flat,18,0.95,0.8,1.0,50,7.447759880374292,97.58427682137079
local_sign+flat,18,0.95,0.8,1.0,80,7.632131038904461,99.99999999999999
local_sign+binary,18,0.95,0.8,1.0,30,7.009927958378739,95.50978789897016
local_sign+binary,18,0.95,0.8,1.0,50,7.157133108528342,97.5154479787745
local_sign+binary,18,0.95,0.8,1.0,80,7.339486467914483,99.99999999999999
global_sign_pres,18,0.95,0.8,1.0,30,6.516025209429245,95.2556478966512
global_sign_pres,18,0.95,0.8,1.0,50,6.639813743629702,97.06527211516679
global_sign_pres,18,0.95,0.8,1.0,80,6.840565733696849,100.0
global_sign_pres_real_weight,18,0.95,0.8,1.0,30,6.592311130003353,95.28613222035146
global_sign_pres_real_weight,18,0.95,0.8,1.0,50,6.719249311337379,97.12091339069934
global_sign_pres_real_weight,18,0.95,0.8,1.0,80,6.918437107677406,99.99999999999999
binary_base,18,0.95,0.8,1.0,30,6.067204945258709,94.3006629144452
binary_base,18,0.95,0.8,1.0,50,6.260247092801293,97.30105644786616
binary_base,18,0.95,0.8,1.0,80,6.433894267279133,100.0
real,19,0.95,0.8,1.0,30,7.845955521489486,96.38743755923737
real,19,0.95,0.8,1.0,50,7.956385716992694,97.7440707372571
real,19,0.95,0.8,1.0,80,8.140018782704493,100.0
cel_randN,19,0.95,0.8,1.0,30,13.676617540240954,97.48575021581637
cel_randN,19,0.95,0.8,1.0,50,13.832688617186648,98.59821139112341
cel_randN,19,0.95,0.8,1.0,80,14.029350453746645,100.0
er_randN,19,0.95,0.8,1.0,30,14.121344772058592,97.60460007455144
er_randN,19,0.95,0.8,1.0,50,14.249488931899236,98.49031313340144
er_randN,19,0.95,0.8,1.0,80,14.46790905477053,100.0
ws_p01_randN,19,0.95,0.8,1.0,30,14.76427837229221,97.56405344551452
ws_p01_randN,19,0.95,0.8,1.0,50,14.932634405464375,98.67656952006303
ws_p01_randN,19,0.95,0.8,1.0,80,15.13290792139694,100.0
local_sign,19,0.95,0.8,1.0,30,6.642446526304184,95.46430790809116
local_sign,19,0.95,0.8,1.0,50,6.805552479113601,97.80844373801168
local_sign,19,0.95,0.8,1.0,80,6.958041881683403,100.0
local_sign+flat,19,0.95,0.8,1.0,30,4.513237995042658,92.70754660863889
local_sign+flat,19,0.95,0.8,1.0,50,4.661206756020505,95.74700981001314
local_sign+flat,19,0.95,0.8,1.0,80,4.868253082022662,100.0
local_sign+binary,19,0.95,0.8,1.0,30,5.248690796878009,93.8012177106197
local_sign+binary,19,0.95,0.8,1.0,50,5.393198009426204,96.38375743901268
local_sign+binary,19,0.95,0.8,1.0,80,5.59554654511034,100.0
global_sign_pres,19,0.95,0.8,1.0,30,6.563863804493053,96.27532472030394
global_sign_pres,19,0.95,0.8,1.0,50,6.661383342151195,97.70569034552987
global_sign_pres,19,0.95,0.8,1.0,80,6.817804898152444,99.99999999999999
global_sign_pres_real_weight,19,0.95,0.8,1.0,30,5.016921791583002,94.24372195510553
global_sign_pres_real_weight,19,0.95,0.8,1.0,50,5.15052098839152,96.75340539856111
global_sign_pres_real_weight,19,0.95,0.8,1.0,80,5.323348534529325,100.0
binary_base,19,0.95,0.8,1.0,30,7.219768058556462,95.13242368482331
binary_base,19,0.95,0.8,1.0,50,7.398264547275169,97.48441109678963
binary_base,19,0.95,0.8,1.0,80,7.589177042809063,100.0
